nom_normalise;uuid;nom_exact;niveau;parent;membres;type_groupe
"sous-groupe 1";00126bcc-d34d-49c2-b3b8-03ba818bd433;"SOUS-GROUPE 1";"SOUS_GROUPE";"VICTOIRE ETERNELLE";1;meme-niveau
"sous-groupe 1";00370fd6-4d9c-46b0-9c16-27e8913201b9;"SOUS-GROUPE 1";"SOUS_GROUPE";"ICHINEN";10;meme-niveau
"sous-groupe 1";00760f75-0f83-45dc-b2fc-0663acc4d2e2;"SOUS-GROUPE 1";"SOUS_GROUPE";"KANSAÏ";1;meme-niveau
"sous-groupe 1";00a7d2f1-f44d-4811-8604-99e87d7a68a7;"SOUS-GROUPE 1";"SOUS_GROUPE";"LOTUS";4;meme-niveau
"sous-groupe 1";00f21183-8a6c-4df6-b0e8-c841055ce150;"SOUS-GROUPE 1";"SOUS_GROUPE";"ITAI DOSHIN";11;meme-niveau
"sous-groupe 1";01ec7d11-1136-4f6a-ad9e-13883902b90b;"SOUS-GROUPE 1";"SOUS_GROUPE";"ESPERANCE DE KRAMASS";3;meme-niveau
"sous-groupe 1";01eed3b6-ec8f-4aea-96c7-3f3ffbfba670;"SOUS-GROUPE 1";"SOUS_GROUPE";"KIPOMENEWELE";5;meme-niveau
"sous-groupe 1";0243fc3d-03a4-460a-a75f-1c969983aa34;"SOUS-GROUPE 1";"SOUS_GROUPE";"SOLEIL LEVANT";17;meme-niveau
"sous-groupe 1";02492e66-1a5c-46ef-9b6f-611978f91946;"SOUS-GROUPE 1";"SOUS_GROUPE";"SHITE FOUNI DE BOUNA";4;meme-niveau
"sous-groupe 1";024c65fd-6fad-47ee-8207-a8c06c46203d;"SOUS-GROUPE 1";"SOUS_GROUPE";"RESIDENTIEL";3;meme-niveau
"sous-groupe 1";029a2433-33fb-4e5f-958c-e8e56ac25f51;"SOUS-GROUPE 1";"SOUS_GROUPE";"DYNAMIQUE";2;meme-niveau
"sous-groupe 1";02c6ed49-3ae1-47de-b0dd-6ed87841e50d;"SOUS-GROUPE 1";"SOUS_GROUPE";"KANJIN";6;meme-niveau
"sous-groupe 1";02e4e6cc-3d64-42a3-b192-7da629d9e25d;"SOUS-GROUPE 1";"SOUS_GROUPE";"SHOTEN ZENJIN";9;meme-niveau
"sous-groupe 1";02fb2b29-b0fe-4928-b92e-f4d0030100f0;"SOUS-GROUPE 1";"SOUS_GROUPE";"KOSEN RUFU";3;meme-niveau
"sous-groupe 1";02fceea3-24c6-405f-a2cd-868bb4c78847;"SOUS-GROUPE 1";"SOUS_GROUPE";"FUKYO";2;meme-niveau
"sous-groupe 1";031ef469-906e-4237-bfd6-c9bd8124a8ba;"SOUS-GROUPE 1";"SOUS_GROUPE";"TERRE DE VICTOIRE";9;meme-niveau
"sous-groupe 1";03799a14-f16b-45e5-b62b-1a7c94aaf577;"SOUS-GROUPE 1";"SOUS_GROUPE";"GRAND VŒUX";9;meme-niveau
"sous-groupe 1";0397d2fe-cd75-48f7-8378-f716672b38dc;"SOUS-GROUPE 1";"SOUS_GROUPE";"LA TOUR AU TRESOR";4;meme-niveau
"sous-groupe 1";03aef4c4-e6b2-4c03-a362-13ecd776ca7b;"SOUS-GROUPE 1";"SOUS_GROUPE";"CHÂTEAU DE LA VIE";6;meme-niveau
"sous-groupe 1";03dbf5e0-7777-49a8-82c6-847723ae13ae;"SOUS-GROUPE 1";"SOUS_GROUPE";"ST CYRILLE";8;meme-niveau
"sous-groupe 1";03fe96fa-772d-41b1-8aa1-60ea628cd8cf;"SOUS-GROUPE 1";"SOUS_GROUPE";"MILLIONNAIRE";9;meme-niveau
"sous-groupe 1";04138a97-39fd-422a-8f58-9344e82c42ee;"SOUS-GROUPE 1";"SOUS_GROUPE";"SIENTINFLA";5;meme-niveau
"sous-groupe 1";041f1c0f-ae6a-47fd-b560-b5bb376e054c;"SOUS-GROUPE 1";"SOUS_GROUPE";"AURORE";4;meme-niveau
"sous-groupe 1";049191bd-88e2-4c4c-a757-7e015942ad7a;"SOUS-GROUPE 1";"SOUS_GROUPE";"LOTUS 2";6;meme-niveau
"sous-groupe 1";0498a008-7713-4e94-ad4c-111b71c688e2;"SOUS-GROUPE 1";"SOUS_GROUPE";"CERISIERS";7;meme-niveau
"sous-groupe 1";04c8a486-b257-4c41-b617-da0ba3f19608;"SOUS-GROUPE 1";"SOUS_GROUPE";"TRIOMPHE";2;meme-niveau
"sous-groupe 1";04d04a55-9d30-4114-b0b8-9ed137c7a517;"SOUS-GROUPE 1";"SOUS_GROUPE";"INCHALLAH 2";3;meme-niveau
"sous-groupe 1";04d308c9-f891-4ccf-b74b-1adcd7ed3c71;"SOUS-GROUPE 1";"SOUS_GROUPE";"CHÂTEAU DU BONHEUR";3;meme-niveau
"sous-groupe 1";04fd9ffe-e660-438a-b474-154efc3867f9;"SOUS-GROUPE 1";"SOUS_GROUPE";"ITAÏ DOSHIN";0;meme-niveau
"sous-groupe 1";053705fc-0578-45e8-b010-dd14590b6173;"SOUS-GROUPE 1";"SOUS_GROUPE";"IKEGAMI";2;meme-niveau
"sous-groupe 1";053d6b48-0921-40aa-96fb-e564fd94e7aa;"SOUS-GROUPE 1";"SOUS_GROUPE";"SAGESSE";4;meme-niveau
"sous-groupe 1";054c132d-03ba-49c0-81fd-d26be532b9a4;"SOUS-GROUPE 1";"SOUS_GROUPE";"PIONNIERS";10;meme-niveau
"sous-groupe 1";05a42bf7-2f9f-4246-b9b2-9d83a5d765fc;"SOUS-GROUPE 1";"SOUS_GROUPE";"FUKYO";0;meme-niveau
"sous-groupe 1";05ea566a-f478-4178-9442-c87ec1a4fe7c;"SOUS-GROUPE 1";"SOUS_GROUPE";"ADDOHA";3;meme-niveau
"sous-groupe 1";063633ef-cfa9-4b0a-8a4e-2f089cf8ff65;"SOUS-GROUPE 1";"SOUS_GROUPE";"TRESOR DU CŒUR";1;meme-niveau
"sous-groupe 1";0664796c-b66e-4e34-84be-62343872a3f2;"SOUS-GROUPE 1";"SOUS_GROUPE";"REVOLUTION";9;meme-niveau
"sous-groupe 1";06a4d031-01bc-4488-9553-1a99d79ac65e;"SOUS-GROUPE 1";"SOUS_GROUPE";"VOIE DU BONHEUR";4;meme-niveau
"sous-groupe 1";0744daee-7035-4459-810f-85931f5966ec;"SOUS-GROUPE 1";"SOUS_GROUPE";"MYOHO";9;meme-niveau
"sous-groupe 1";075245f9-90a0-4815-a8c3-a4d4d6b5f15e;"SOUS-GROUPE 1";"SOUS_GROUPE";"KANSAI";4;meme-niveau
"sous-groupe 1";077412ee-8a50-4f78-9cbd-9c0dbc33b527;"SOUS-GROUPE 1";"SOUS_GROUPE";"DINOSAURE";1;meme-niveau
"sous-groupe 1";080fdc8a-8907-40db-a9e5-a023f0d18513;"SOUS-GROUPE 1";"SOUS_GROUPE";"INCHALLAH 1";5;meme-niveau
"sous-groupe 1";0852ae7f-b6a7-4557-975d-73d2098cc66f;"SOUS-GROUPE 1";"SOUS_GROUPE";"Groupe 2";2;meme-niveau
"sous-groupe 1";085a1c57-3501-41ea-8ecf-983cace62db7;"SOUS-GROUPE 1";"SOUS_GROUPE";"KUDOKU";11;meme-niveau
"sous-groupe 1";08d92fd8-a49c-46c2-bbf2-e83b9016add9;"SOUS-GROUPE 1";"SOUS_GROUPE";"TODA";4;meme-niveau
"sous-groupe 1";091abd12-d09f-41a9-88b3-c5030b8e9586;"SOUS-GROUPE 1";"SOUS_GROUPE";"NOUVEAU DEPART";4;meme-niveau
"sous-groupe 1";09359c20-b067-4ec1-9e5a-20d1a04b6868;"SOUS-GROUPE 1";"SOUS_GROUPE";"BENENE";2;meme-niveau
"sous-groupe 1";09d95d27-10e4-4315-adf1-b33800e5365b;"SOUS-GROUPE 1";"SOUS_GROUPE";"SUTRA DU LOTUS";2;meme-niveau
"sous-groupe 1";0a08b390-b695-4f2f-b16d-b36b284ddd70;"SOUS-GROUPE 1";"SOUS_GROUPE";"OZI";7;meme-niveau
"sous-groupe 1";0a8d92de-4192-4d26-840b-e61d237fb149;"SOUS-GROUPE 1";"SOUS_GROUPE";"RÉVÉRÉ";5;meme-niveau
"sous-groupe 1";0b0655e6-50fd-4780-89b2-13267feaee35;"SOUS-GROUPE 1";"SOUS_GROUPE";"SOLIEIL 1  DJIMPOUMINDOUO";6;meme-niveau
"sous-groupe 1";0b22f0b1-d25f-4b7e-be0e-6289740d9b54;"SOUS-GROUPE 1";"SOUS_GROUPE";"DYNAMIQUE";5;meme-niveau
"sous-groupe 1";0b2b6d7e-5de6-438f-97e5-f16e9aaebd6d;"SOUS-GROUPE 1";"SOUS_GROUPE";"BOLI";1;meme-niveau
"sous-groupe 1";0c1c044e-f6b7-42a3-98d9-53d525e6cae2;"SOUS-GROUPE 1";"SOUS_GROUPE";"MON DESIRE";10;meme-niveau
"sous-groupe 1";0c4ede58-5ad8-4a50-9e04-93252dd3237b;"SOUS-GROUPE 1";"SOUS_GROUPE";"COMPAGNPNS DE LA CROYANCE";6;meme-niveau
"sous-groupe 1";0c53a4e4-6289-4646-88fb-557ea4dec203;"SOUS-GROUPE 1";"SOUS_GROUPE";"ICHINEN";3;meme-niveau
"sous-groupe 1";0c62b0a5-d6e4-4db4-bdad-66a2e6e37bd8;"SOUS-GROUPE 1";"SOUS_GROUPE";"PROGRES ECLATANT";5;meme-niveau
"sous-groupe 1";0ca054dc-96f7-400c-96c1-3497d7bc91bb;"SOUS-GROUPE 1";"SOUS_GROUPE";"ECLAT D'OR";3;meme-niveau
"sous-groupe 1";0ce0add0-7be9-41a7-ad89-61c2b2d0906a;"SOUS-GROUPE 1";"SOUS_GROUPE";"N'ZRAMA";6;meme-niveau
"sous-groupe 1";0d1a5df5-7bc3-45d0-be5f-adc40e57430c;"SOUS-GROUPE 1";"SOUS_GROUPE";"TERRE D'ESPOIR";2;meme-niveau
"sous-groupe 1";0db68a37-da03-4d92-814d-e43cbfd56d32;"SOUS-GROUPE 1";"SOUS_GROUPE";"FUKYO";8;meme-niveau
"sous-groupe 1";0e011be6-e37a-4c88-8c59-b0ee69a95a9d;"SOUS-GROUPE 1";"SOUS_GROUPE";"FUKYO";5;meme-niveau
"sous-groupe 1";0e2680bb-b8ba-49fe-af93-1018f3d834a5;"SOUS-GROUPE 1";"SOUS_GROUPE";"SOLEIL";6;meme-niveau
"sous-groupe 1";0e76f6ea-2ffb-4d83-aead-682c766a8699;"SOUS-GROUPE 1";"SOUS_GROUPE";"LOTUS BLANC";8;meme-niveau
"sous-groupe 1";0e8d3b68-6940-45ab-8228-deb1177583da;"SOUS-GROUPE 1";"SOUS_GROUPE";"ICHINEN";2;meme-niveau
"sous-groupe 1";0eb31f36-7f0b-4b50-a14b-ede025b32a23;"SOUS-GROUPE 1";"SOUS_GROUPE";"PERSEVERANCE";8;meme-niveau
"sous-groupe 1";0eb81061-b4c1-4088-845e-e85f950f574c;"SOUS-GROUPE 1";"SOUS_GROUPE";"DERNIERS JOURS DE LA LOI";5;meme-niveau
"sous-groupe 1";0f208f91-8954-4849-b562-5dfb5768ef68;"SOUS-GROUPE 1";"SOUS_GROUPE";"DETERMINATION";6;meme-niveau
"sous-groupe 1";0f34a69a-b74a-40f6-ab48-91f3100a9607;"SOUS-GROUPE 1";"SOUS_GROUPE";"CITADELLE DE SAGESSE";4;meme-niveau
"sous-groupe 1";0fa3106a-6ad8-4001-8be8-55cecef4c49a;"SOUS-GROUPE 1";"SOUS_GROUPE";"REVOLUTION HUMAINE";5;meme-niveau
"sous-groupe 1";0ff45a33-ae49-48b6-b2a7-a1091ab4aafe;"SOUS-GROUPE 1";"SOUS_GROUPE";"COURAGE";4;meme-niveau
"sous-groupe 1";1021b186-6132-47a6-8cb7-ce4bdde8fa89;"SOUS-GROUPE 1";"SOUS_GROUPE";"REVOLUTION";15;meme-niveau
"sous-groupe 1";102dc9ef-4954-4d8a-8124-1f7c34678b7a;"SOUS-GROUPE 1";"SOUS_GROUPE";"ICHINEN";5;meme-niveau
"sous-groupe 1";103471fc-9637-47d5-a1c7-260d15cbd96c;"SOUS-GROUPE 1";"SOUS_GROUPE";"ITAI DOSHIN";2;meme-niveau
"sous-groupe 1";10559b7b-941e-456d-b4c8-fe8942d3e576;"SOUS-GROUPE 1";"SOUS_GROUPE";"PACOBO";2;meme-niveau
"sous-groupe 1";1076a367-ce4a-4c95-8400-7bcc474bf045;"SOUS-GROUPE 1";"SOUS_GROUPE";"SOLEIL LEVANT";4;meme-niveau
"sous-groupe 1";108699eb-2597-4d05-8607-1ee1f7314bb3;"SOUS-GROUPE 1";"SOUS_GROUPE";"KUDOKU";3;meme-niveau
"sous-groupe 1";108abc05-4049-42b5-96a4-55551d4b2b8b;"SOUS-GROUPE 1";"SOUS_GROUPE";"DIALOGUE";5;meme-niveau
"sous-groupe 1";10c90b22-5237-485c-b735-f0e22acc8872;"SOUS-GROUPE 1";"SOUS_GROUPE";"AGBODREO";5;meme-niveau
"sous-groupe 1";10d17ea5-a9fc-4806-84b5-38886bab3d1c;"SOUS-GROUPE 1";"SOUS_GROUPE";"LUMIERE DU MONDE";15;meme-niveau
"sous-groupe 1";10fb5dc7-8c48-41e7-885a-4a7f7f429a40;"SOUS-GROUPE 1";"SOUS_GROUPE";"Saint moise";3;meme-niveau
"sous-groupe 1";11512f4f-4e71-4d1c-abfe-5a6769b5738f;"SOUS-GROUPE 1";"SOUS_GROUPE";"BISHAMON";11;meme-niveau
"sous-groupe 1";11939e6f-bf4c-46a5-8d0d-7472eccdf175;"SOUS-GROUPE 1";"SOUS_GROUPE";"VICTOIRE ECLATANTE";5;meme-niveau
"sous-groupe 1";11a87016-0972-4a5a-9767-6cda147ebbd6;"SOUS-GROUPE 1";"SOUS_GROUPE";"JINZAI 2";4;meme-niveau
"sous-groupe 1";11ab7d24-b67e-4cfd-9c7b-4d34708479d2;"SOUS-GROUPE 1";"SOUS_GROUPE";"SÊYÊYÊ";6;meme-niveau
"sous-groupe 1";11b101fa-4ace-462c-ae45-b6b9840ee4e6;"SOUS-GROUPE 1";"SOUS_GROUPE";"LA VOIE D'OR";0;meme-niveau
"sous-groupe 1";11ce1b22-99d8-47f9-84df-87dcc4809ea5;"SOUS-GROUPE 1";"SOUS_GROUPE";"VICTOIRE";2;meme-niveau
"sous-groupe 1";11d185fe-d007-44d8-9922-3687a4ea5d78;"SOUS-GROUPE 1";"SOUS_GROUPE";"SINCERITE";4;meme-niveau
"sous-groupe 1";11f8ce5d-97f5-4ce6-9ff2-cc055915fc2b;"SOUS-GROUPE 1";"SOUS_GROUPE";"CARREFOUR BOLIGO";3;meme-niveau
"sous-groupe 1";124221d8-7bd0-461d-9f88-f97ae1ff9269;"SOUS-GROUPE 1";"SOUS_GROUPE";"SOGEFIHA";2;meme-niveau
"sous-groupe 1";1249b00f-113d-49f9-b5de-dec685242e2c;"SOUS-GROUPE 1";"SOUS_GROUPE";"ESHO FUNI";2;meme-niveau
"sous-groupe 1";1250985b-eefe-4d7d-a0d4-ea447a1071b5;"SOUS-GROUPE 1";"SOUS_GROUPE";"NICHIREN";5;meme-niveau
"sous-groupe 1";126932fc-756b-4d28-98b5-19e8b91722d4;"SOUS-GROUPE 1";"SOUS_GROUPE";"JINZAI 3";3;meme-niveau
"sous-groupe 1";135eac45-69f7-4220-8a0f-337c7e1543c8;"SOUS-GROUPE 1";"SOUS_GROUPE";"FLEUR DE LOTUS";5;meme-niveau
"sous-groupe 1";138f9d88-3da5-46d3-8a9f-03254e2a0e3c;"SOUS-GROUPE 1";"SOUS_GROUPE";"WIA";8;meme-niveau
"sous-groupe 1";13e2d9ee-7713-4dbc-86b3-0ac42ea17677;"SOUS-GROUPE 1";"SOUS_GROUPE";"Hotel le granite";3;meme-niveau
"sous-groupe 1";140613da-0d36-4361-8988-5774d8a9b935;"SOUS-GROUPE 1";"SOUS_GROUPE";"WONDO";4;meme-niveau
"sous-groupe 1";14175912-e42f-407c-9fed-35e01f7b47c8;"SOUS-GROUPE 1";"SOUS_GROUPE";"JIGYO KETA";7;meme-niveau
"sous-groupe 1";14c8f7df-2f6a-42bb-9452-43898f88dcfa;"SOUS-GROUPE 1";"SOUS_GROUPE";"DOKAN";5;meme-niveau
"sous-groupe 1";1514e4c2-e8ed-4d1f-ba1b-5cd62a4eece3;"SOUS-GROUPE 1";"SOUS_GROUPE";"PROMOGIM";3;meme-niveau
"sous-groupe 1";1554baf3-a1f1-47cd-bb30-f57488095bd7;"SOUS-GROUPE 1";"SOUS_GROUPE";"KYO";8;meme-niveau
"sous-groupe 1";155a112c-e87e-4300-96c1-2624364e1546;"SOUS-GROUPE 1";"SOUS_GROUPE";"SINCÉRITÉ";3;meme-niveau
"sous-groupe 1";15bebdfc-8bb9-4349-b915-920ba809555c;"SOUS-GROUPE 1";"SOUS_GROUPE";"PÉ";5;meme-niveau
"sous-groupe 1";165b9afa-069b-4353-bcc1-3c9d01317140;"SOUS-GROUPE 1";"SOUS_GROUPE";"FUJI";2;meme-niveau
"sous-groupe 1";16acfaa0-4931-4e03-9b3f-0359cbc6be5f;"SOUS-GROUPE 1";"SOUS_GROUPE";"Groupe 2";3;meme-niveau
"sous-groupe 1";16c676d2-5712-48fa-a4f0-203fe0abc2a3;"SOUS-GROUPE 1";"SOUS_GROUPE";"SHIN-JIN";11;meme-niveau
"sous-groupe 1";177fe2b2-15e4-49a0-ae99-285baa41321c;"SOUS-GROUPE 1";"SOUS_GROUPE";"HARMONIE";5;meme-niveau
"sous-groupe 1";17908b38-9f8c-4385-8d68-360cfa416fd8;"SOUS-GROUPE 1";"SOUS_GROUPE";"KOUAKIVA";3;meme-niveau
"sous-groupe 1";17a87504-beee-4278-85ad-77fa75da652f;"SOUS-GROUPE 1";"SOUS_GROUPE";"SEKYO";3;meme-niveau
"sous-groupe 1";17b3659d-657b-4511-a488-e9259f320174;"SOUS-GROUPE 1";"SOUS_GROUPE";"LOTUS";6;meme-niveau
"sous-groupe 1";186c4db7-ae7f-4966-a523-d01fb38491ef;"SOUS-GROUPE 1";"SOUS_GROUPE";"KLOPLOU";2;meme-niveau
"sous-groupe 1";1883a18b-a47e-45ff-a274-20c8d809a24d;"SOUS-GROUPE 1";"SOUS_GROUPE";"PROVIDENCE";9;meme-niveau
"sous-groupe 1";18898a5d-40e5-4d9c-b576-2580551d5c98;"SOUS-GROUPE 1";"SOUS_GROUPE";"ZIOGOUALE";6;meme-niveau
"sous-groupe 1";1893c7ce-dd70-4113-9c81-6a57bcab0abe;"SOUS-GROUPE 1";"SOUS_GROUPE";"BONNE FORTUNE";8;meme-niveau
"sous-groupe 1";18ae33da-be29-44f2-9b27-79615e1bd0d6;"SOUS-GROUPE 1";"SOUS_GROUPE";"YROZON";0;meme-niveau
"sous-groupe 1";18b999ea-940d-42a1-9dbd-93bb23274c64;"SOUS-GROUPE 1";"SOUS_GROUPE";"AKOUEDO VILLAGE 5";2;meme-niveau
"sous-groupe 1";18bf8b5d-9d2a-452a-961b-805e5cdbfed3;"SOUS-GROUPE 1";"SOUS_GROUPE";"CITÉ CIAD BONHEUR";7;meme-niveau
"sous-groupe 1";19013b47-71a2-476c-8125-4d70946d9b36;"SOUS-GROUPE 1";"SOUS_GROUPE";"ZELE";5;meme-niveau
"sous-groupe 1";1917ee28-a1be-491c-be71-f6101fddcd9f;"SOUS-GROUPE 1";"SOUS_GROUPE";"AMAKEBOU";4;meme-niveau
"sous-groupe 1";1980c1b7-fd05-4fd6-bbbc-bd20780eaa65;"SOUS-GROUPE 1";"SOUS_GROUPE";"PILIER DE KOSEN RUFU";8;meme-niveau
"sous-groupe 1";19dded90-6e5a-4eaa-8174-1a08069d2854;"SOUS-GROUPE 1";"SOUS_GROUPE";"MAQUIE BLEU 2";3;meme-niveau
"sous-groupe 1";1a03a2cf-227a-406f-ae63-9656da01cc7f;"SOUS-GROUPE 1";"SOUS_GROUPE";"OSAKA";6;meme-niveau
"sous-groupe 1";1a14c9cc-26e9-4321-b3b0-065a1960c4dc;"SOUS-GROUPE 1";"SOUS_GROUPE";"PREUVE ACTUELLE";4;meme-niveau
"sous-groupe 1";1a2c8e25-9148-49cd-ae2c-0fbcbb735102;"SOUS-GROUPE 1";"SOUS_GROUPE";"TCHÊ";5;meme-niveau
"sous-groupe 1";1a3385b6-c786-46c1-8cd5-b62b3e3c865e;"SOUS-GROUPE 1";"SOUS_GROUPE";"SOULEY";3;meme-niveau
"sous-groupe 1";1a482fe1-d521-4efa-84a2-e8f72f8dca45;"SOUS-GROUPE 1";"SOUS_GROUPE";"MYO";12;meme-niveau
"sous-groupe 1";1a4d230d-5a63-43fc-9c76-a1803400808d;"SOUS-GROUPE 1";"SOUS_GROUPE";"MAQUIE BLEU 1";4;meme-niveau
"sous-groupe 1";1b2c1624-2580-416b-80be-112c7c21d330;"SOUS-GROUPE 1";"SOUS_GROUPE";"ITAI DOSHIN";8;meme-niveau
"sous-groupe 1";1b5e8453-83fd-4e4f-b242-23702bcb1223;"SOUS-GROUPE 1";"SOUS_GROUPE";"ESPOIR";9;meme-niveau
"sous-groupe 1";1b82cd02-0500-4386-9ae6-dbe6da53df0f;"SOUS-GROUPE 1";"SOUS_GROUPE";"CITADELLE DE PAIX";3;meme-niveau
"sous-groupe 1";1bc26361-97c3-49b7-bd78-04e2de8c578f;"SOUS-GROUPE 1";"SOUS_GROUPE";"TOUR AUX TRESORS";7;meme-niveau
"sous-groupe 1";1bc3f28f-f9e7-4912-93cc-68e22eb8568b;"SOUS-GROUPE 1";"SOUS_GROUPE";"ECOLE SYLLA";3;meme-niveau
"sous-groupe 1";1bf6d795-c9e2-47bd-af84-6bbaafdff044;"SOUS-GROUPE 1";"SOUS_GROUPE";"Agnissankoi village";6;meme-niveau
"sous-groupe 1";1c49ecae-edaa-4dbf-aa27-db0b950cab72;"SOUS-GROUPE 1";"SOUS_GROUPE";"DALIGA";6;meme-niveau
"sous-groupe 1";1ca4fc89-5d3c-4a70-8dfe-63e6af48a7d6;"SOUS-GROUPE 1";"SOUS_GROUPE";"BENIAN";4;meme-niveau
"sous-groupe 1";1cc25f8c-c8f5-4680-aa35-59bc7957aad3;"SOUS-GROUPE 1";"SOUS_GROUPE";"ROI LION";6;meme-niveau
"sous-groupe 1";1d6da60f-6782-4389-a852-9e7f82d63d9c;"SOUS-GROUPE 1";"SOUS_GROUPE";"PERSEVERANCE";7;meme-niveau
"sous-groupe 1";1e5ed995-7a86-4aa4-af7e-2a2582ed92e5;"SOUS-GROUPE 1";"SOUS_GROUPE";"YAOKRO";9;meme-niveau
"sous-groupe 1";1e65cf8b-5bde-4233-b305-6b539b46dd63;"SOUS-GROUPE 1";"SOUS_GROUPE";"SIX ACTES DIFFICILLES";3;meme-niveau
"sous-groupe 1";1e83068b-dc96-4e58-9e04-f27efce18ee6;"SOUS-GROUPE 1";"SOUS_GROUPE";"PADRE";4;meme-niveau
"sous-groupe 1";1ece14ad-bef0-43aa-a618-811bb0b244ab;"SOUS-GROUPE 1";"SOUS_GROUPE";"SOLÈFÊ";3;meme-niveau
"sous-groupe 1";1edfaf32-0afb-4ec5-9d88-5f570e061e62;"SOUS-GROUPE 1";"SOUS_GROUPE";"BOKEDA";4;meme-niveau
"sous-groupe 1";1efbdfc7-c40a-4d08-bcf6-10f9d26b4933;"SOUS-GROUPE 1";"SOUS_GROUPE";"ITAI DOSHIN";6;meme-niveau
"sous-groupe 1";1f1b3a44-2364-472b-8b0b-f86fe74508f7;"SOUS-GROUPE 1";"SOUS_GROUPE";"ESHO FUNI";7;meme-niveau
"sous-groupe 1";1f645e3a-7252-438f-8810-7d42d9f19bc4;"SOUS-GROUPE 1";"SOUS_GROUPE";"KOUA-DOH";3;meme-niveau
"sous-groupe 1";1f72f021-699b-462b-922d-6c95580ef7e2;"SOUS-GROUPE 1";"SOUS_GROUPE";"AKANDJE";8;meme-niveau
"sous-groupe 1";1fa49968-fea1-46ee-b385-3cf7880a39b3;"SOUS-GROUPE 1";"SOUS_GROUPE";"TERRE DE VICTOIRE";3;meme-niveau
"sous-groupe 1";2094dc3a-50d3-4c8b-a772-45651ed7ee6a;"SOUS-GROUPE 1";"SOUS_GROUPE";"Agneby";4;meme-niveau
"sous-groupe 1";213604aa-491f-46ca-b572-011f66cb9657;"SOUS-GROUPE 1";"SOUS_GROUPE";"TODA";10;meme-niveau
"sous-groupe 1";2149a588-20b6-4291-a1a0-2f645bdbf1a1;"SOUS-GROUPE 1";"SOUS_GROUPE";"Anouanzè";4;meme-niveau
"sous-groupe 1";219cd921-a5e5-4c79-ae68-34762023c5e3;"SOUS-GROUPE 1";"SOUS_GROUPE";"SOLEIL";5;meme-niveau
"sous-groupe 1";21bcf024-17c6-4085-a271-7a35d5793a42;"SOUS-GROUPE 1";"SOUS_GROUPE";"SIPIM4";0;meme-niveau
"sous-groupe 1";21d5d7c3-88f0-49b6-bb53-a0a29aa387c5;"SOUS-GROUPE 1";"SOUS_GROUPE";"PALMIER";2;meme-niveau
"sous-groupe 1";21d89f09-a778-4ca2-86dc-f115f3408ddf;"SOUS-GROUPE 1";"SOUS_GROUPE";"SANTAI VILLAGE";4;meme-niveau
"sous-groupe 1";222184ca-13ee-4be6-b579-22048e40dd38;"SOUS-GROUPE 1";"SOUS_GROUPE";"LOTUS";4;meme-niveau
"sous-groupe 1";222d2bab-91ee-4091-b97c-4ab95dda5cab;"SOUS-GROUPE 1";"SOUS_GROUPE";"FLEUR DE LOTUS";1;meme-niveau
"sous-groupe 1";2249720a-3b9f-4d36-a540-1cabbfb105aa;"SOUS-GROUPE 1";"SOUS_GROUPE";"GRAND BIENFAIT";6;meme-niveau
"sous-groupe 1";22a48754-f890-478e-9518-c85dd6aa792f;"SOUS-GROUPE 1";"SOUS_GROUPE";"HARMONIE";9;meme-niveau
"sous-groupe 1";22bb41c4-8bd6-4fae-869e-3f5d98104d1c;"SOUS-GROUPE 1";"SOUS_GROUPE";"SOLEIL LEVANT";4;meme-niveau
"sous-groupe 1";22e46c78-5f09-4f66-99f3-2000f618b81b;"SOUS-GROUPE 1";"SOUS_GROUPE";"YOU-MYO CHO-JIN";15;meme-niveau
"sous-groupe 1";232fc53d-f387-4cc0-98b2-d3771af6133f;"SOUS-GROUPE 1";"SOUS_GROUPE";"TIENKOULA";3;meme-niveau
"sous-groupe 1";243813d2-b50a-4074-a11e-7a70894a756d;"SOUS-GROUPE 1";"SOUS_GROUPE";"LOTUS";4;meme-niveau
"sous-groupe 1";251eb83e-7440-48ad-893e-1b001fffeb64;"SOUS-GROUPE 1";"SOUS_GROUPE";"PERSEVERANCE";8;meme-niveau
"sous-groupe 1";25647a40-3e16-4b38-a945-6bee5f8f6d07;"SOUS-GROUPE 1";"SOUS_GROUPE";"ITAI DOSHIN";3;meme-niveau
"sous-groupe 1";25d07d98-e4ad-4743-b12b-4915e3ffde36;"SOUS-GROUPE 1";"SOUS_GROUPE";"TERRE DE VICTOIRE";5;meme-niveau
"sous-groupe 1";262efbf1-ebc5-4f38-bfea-2e9115c373a0;"SOUS-GROUPE 1";"SOUS_GROUPE";"SUCCES";11;meme-niveau
"sous-groupe 1";2691eccc-3deb-4b39-be38-471c42a9780f;"SOUS-GROUPE 1";"SOUS_GROUPE";"Faya";4;meme-niveau
"sous-groupe 1";26c8537a-be5f-4ed3-88f0-e82021f27d38;"SOUS-GROUPE 1";"SOUS_GROUPE";"NOUVELLE ESPOIR";9;meme-niveau
"sous-groupe 1";272cedd2-d0be-4cb5-b622-c0b0d825e2d6;"SOUS-GROUPE 1";"SOUS_GROUPE";"KANSAI";5;meme-niveau
"sous-groupe 1";27427867-e481-47cf-909a-388b0a212ee5;"SOUS-GROUPE 1";"SOUS_GROUPE";"SANTAL";4;meme-niveau
"sous-groupe 1";278292e4-d0e0-4316-a8b7-dbb389c1ef6a;"SOUS-GROUPE 1";"SOUS_GROUPE";"BIENVENUE";3;meme-niveau
"sous-groupe 1";279f8d98-001f-448b-bf7a-0e66821fd8d9;"SOUS-GROUPE 1";"SOUS_GROUPE";"Sheneider";4;meme-niveau
"sous-groupe 1";27a25474-7784-45dd-be35-dc5056f9a949;"SOUS-GROUPE 1";"SOUS_GROUPE";"SABLE-BANCO";9;meme-niveau
"sous-groupe 1";27cd6630-dff0-4608-9284-b9206c8ba171;"SOUS-GROUPE 1";"SOUS_GROUPE";"ADJAMENE";0;meme-niveau
"sous-groupe 1";280dcb2b-f116-441c-990f-f72d9b3353c9;"SOUS-GROUPE 1";"SOUS_GROUPE";"TRESOR DU CŒUR";12;meme-niveau
"sous-groupe 1";2887aefe-248a-4c7c-8ed9-b54bf0fdef38;"SOUS-GROUPE 1";"SOUS_GROUPE";"LYS BLANC";4;meme-niveau
"sous-groupe 1";28baae8b-354d-4e3b-badf-122a34232f47;"SOUS-GROUPE 1";"SOUS_GROUPE";"ETOILES FILANTES";4;meme-niveau
"sous-groupe 1";28cbe29e-a1aa-4224-bacc-9d4ee610d534;"SOUS-GROUPE 1";"SOUS_GROUPE";"GRAND VŒU";5;meme-niveau
"sous-groupe 1";290a848a-d60a-463e-a336-0580ec79b16c;"SOUS-GROUPE 1";"SOUS_GROUPE";"BONN E FORTUNE";14;meme-niveau
"sous-groupe 1";29543888-16f7-474b-b075-e4775f7a019e;"SOUS-GROUPE 1";"SOUS_GROUPE";"ARTISANAL";11;meme-niveau
"sous-groupe 1";296aa00d-0e2f-4879-8746-75153ec9b064;"SOUS-GROUPE 1";"SOUS_GROUPE";"EHUA";7;meme-niveau
"sous-groupe 1";2a0ac2c9-b4d4-4d5b-95d2-3af9ae4908eb;"SOUS-GROUPE 1";"SOUS_GROUPE";"TIEPA";0;meme-niveau
"sous-groupe 1";2a22f25d-4633-4646-87fb-484276d051d2;"SOUS-GROUPE 1";"SOUS_GROUPE";"VIA";1;meme-niveau
"sous-groupe 1";2a44e902-e090-4909-992f-3cc4315a40f5;"SOUS-GROUPE 1";"SOUS_GROUPE";"KOUADO";10;meme-niveau
"sous-groupe 1";2a4aaa5a-1754-47e1-8ab4-65771d4d7b16;"SOUS-GROUPE 1";"SOUS_GROUPE";"MIRABELLE";8;meme-niveau
"sous-groupe 1";2a681f24-883f-4f90-8470-629e0374ea0f;"SOUS-GROUPE 1";"SOUS_GROUPE";"TOUR AUX TRESORS";7;meme-niveau
"sous-groupe 1";2aada638-2f44-41b9-8e3b-815971810c8a;"SOUS-GROUPE 1";"SOUS_GROUPE";"GAGNER ENSEMBLE";8;meme-niveau
"sous-groupe 1";2ab75c67-04fc-4f1f-9bbc-ad440b8be3e7;"SOUS-GROUPE 1";"SOUS_GROUPE";"SOLEIL LEVANT";5;meme-niveau
"sous-groupe 1";2ad7d821-802f-44b8-b23f-c4356f4e9584;"SOUS-GROUPE 1";"SOUS_GROUPE";"VICTOIRE";6;meme-niveau
"sous-groupe 1";2ae2a342-b8fc-448b-aa92-ef8e18b2c05f;"SOUS-GROUPE 1";"SOUS_GROUPE";"MOYE";5;meme-niveau
"sous-groupe 1";2b0e5a15-da42-4f75-a940-ddffa022072e;"SOUS-GROUPE 1";"SOUS_GROUPE";"SHIN JIN";8;meme-niveau
"sous-groupe 1";2b2ce2ff-e3e2-4892-bc54-b4d45e1fe555;"SOUS-GROUPE 1";"SOUS_GROUPE";"SHIN GYO GAKU";11;meme-niveau
"sous-groupe 1";2b4e45f6-3c60-4da5-bbd0-129368528ff6;"SOUS-GROUPE 1";"SOUS_GROUPE";"REVOLUTION HUMAINE";7;meme-niveau
"sous-groupe 1";2c79664f-3f5e-47de-8ae9-97ed3030bed3;"SOUS-GROUPE 1";"SOUS_GROUPE";"SACHICHIKU";4;meme-niveau
"sous-groupe 1";2cb52158-664a-48ff-a243-9897a834644d;"SOUS-GROUPE 1";"SOUS_GROUPE";"SOLEIL LEVANT";9;meme-niveau
"sous-groupe 1";2cd238d5-ed8d-4a34-b0de-55f6deda9f07;"SOUS-GROUPE 1";"SOUS_GROUPE";"PARA";5;meme-niveau
"sous-groupe 1";2ce86a76-1502-44c1-87b8-530fa964d222;"SOUS-GROUPE 1";"SOUS_GROUPE";"ABUTSU-BU";2;meme-niveau
"sous-groupe 1";2d15f85d-fd52-405c-8917-883e359ffaf7;"SOUS-GROUPE 1";"SOUS_GROUPE";"ZOUMADRE";0;meme-niveau
"sous-groupe 1";2d4a951e-cecb-468f-b869-56e62c3eb425;"SOUS-GROUPE 1";"SOUS_GROUPE";"LES TRESORS DE SENSEI";0;meme-niveau
"sous-groupe 1";2d7fc3ca-534d-4c08-a983-95fcd1c80a3c;"SOUS-GROUPE 1";"SOUS_GROUPE";"OSHIN";6;meme-niveau
"sous-groupe 1";2ded82de-2379-446d-a80b-0025a6b53ca9;"SOUS-GROUPE 1";"SOUS_GROUPE";"SOLEIL LEVANT";6;meme-niveau
"sous-groupe 1";2e8100a5-581b-4c78-87c8-52e7ceb4d724;"SOUS-GROUPE 1";"SOUS_GROUPE";"VICTOIRE ABSOLUE";0;meme-niveau
"sous-groupe 1";2ecebf87-37c2-4255-869d-b23ca5219ca7;"SOUS-GROUPE 1";"SOUS_GROUPE";"ZONE 4";4;meme-niveau
"sous-groupe 1";2ef1a55d-2c69-4b9f-9748-bca2f6deb9da;"SOUS-GROUPE 1";"SOUS_GROUPE";"NYO ZE";14;meme-niveau
"sous-groupe 1";2f450a95-7cb9-4e50-8a35-31a4306f68df;"SOUS-GROUPE 1";"SOUS_GROUPE";"AKONDA";8;meme-niveau
"sous-groupe 1";2f619ec2-787d-4c65-bf60-062053c3edf6;"SOUS-GROUPE 1";"SOUS_GROUPE";"PERSEVERANCE";6;meme-niveau
"sous-groupe 1";2f646609-2461-47a9-a582-ba8a8bb614c5;"SOUS-GROUPE 1";"SOUS_GROUPE";"ITAI DOSHIN";9;meme-niveau
"sous-groupe 1";301ca363-8fd5-4258-8646-2bf770c59e32;"SOUS-GROUPE 1";"SOUS_GROUPE";"VICTOIRE";10;meme-niveau
"sous-groupe 1";308adc62-3df6-4cce-8712-f43af5faf00e;"SOUS-GROUPE 1";"SOUS_GROUPE";"TOURE AU TRESORS";11;meme-niveau
"sous-groupe 1";30cf4f1c-963c-4053-9db2-47354a6724b0;"SOUS-GROUPE 1";"SOUS_GROUPE";"TAABO";3;meme-niveau
"sous-groupe 1";30fd213f-0c28-49d9-8eaf-f8af6dfc84ef;"SOUS-GROUPE 1";"SOUS_GROUPE";"DAIMOKU";4;meme-niveau
"sous-groupe 1";311ec017-f162-4411-80c5-6b316c6ef948;"SOUS-GROUPE 1";"SOUS_GROUPE";"STRATEGIE DU SUTRA DU LOTUS";5;meme-niveau
"sous-groupe 1";3127771c-f194-4292-8527-0887b345b392;"SOUS-GROUPE 1";"SOUS_GROUPE";"SANS LOI 3";8;meme-niveau
"sous-groupe 1";316c131e-5050-498c-bf5b-fad3119f24e3;"SOUS-GROUPE 1";"SOUS_GROUPE";"ESPERANCE";4;meme-niveau
"sous-groupe 1";31ae92a7-6285-422d-bc10-c0827564618b;"SOUS-GROUPE 1";"SOUS_GROUPE";"TERRE PURE";6;meme-niveau
"sous-groupe 1";31c7a9b9-dd87-446d-99bd-701407f3b97a;"SOUS-GROUPE 1";"SOUS_GROUPE";"FUKYO";4;meme-niveau
"sous-groupe 1";31c88c15-b01f-4449-88ff-4866ac76d2f4;"SOUS-GROUPE 1";"SOUS_GROUPE";"BNEDT";4;meme-niveau
"sous-groupe 1";31ca2ed7-4703-4d00-93dc-789c82a016d1;"SOUS-GROUPE 1";"SOUS_GROUPE";"L'ŒIL DU BOUDDHA";0;meme-niveau
"sous-groupe 1";31d33116-abc2-408d-9fac-19f16d003159;"SOUS-GROUPE 1";"SOUS_GROUPE";"VICTOIRE";8;meme-niveau
"sous-groupe 1";31d5287b-35d3-4273-bda2-f2fe1afcec8d;"SOUS-GROUPE 1";"SOUS_GROUPE";"TOUS AUX TRESOR";6;meme-niveau
"sous-groupe 1";31ecaddf-cc68-4d61-b24e-f496b2eeadf1;"SOUS-GROUPE 1";"SOUS_GROUPE";"DOKUI ST MICHEL";5;meme-niveau
"sous-groupe 1";31fcc6ce-2c64-489a-b5c3-490e723bd913;"SOUS-GROUPE 1";"SOUS_GROUPE";"VICTOIRE";6;meme-niveau
"sous-groupe 1";320bca87-6c64-4957-a8e7-3990627c0d91;"SOUS-GROUPE 1";"SOUS_GROUPE";"2 FOIS LION";6;meme-niveau
"sous-groupe 1";322217cf-da20-4902-80f3-4b0dfcca14cc;"SOUS-GROUPE 1";"SOUS_GROUPE";"VICTOIRE";10;meme-niveau
"sous-groupe 1";324cafb8-5819-4e2f-9899-369e5a317401;"SOUS-GROUPE 1";"SOUS_GROUPE";"VICTOIRE";7;meme-niveau
"sous-groupe 1";335f06bd-2192-441b-a547-d27395f0f78f;"SOUS-GROUPE 1";"SOUS_GROUPE";"BONHEUR";3;meme-niveau
"sous-groupe 1";33d22026-5051-46ca-9b7e-2bf08f4a7dde;"SOUS-GROUPE 1";"SOUS_GROUPE";"MOAYE";2;meme-niveau
"sous-groupe 1";342d9ba2-576a-439e-b57c-29d39763bb12;"SOUS-GROUPE 1";"SOUS_GROUPE";"HARMONIE";5;meme-niveau
"sous-groupe 1";34398ead-a22e-4044-b90e-6826ce25dac6;"SOUS-GROUPE 1";"SOUS_GROUPE";"SAGESSE";0;meme-niveau
"sous-groupe 1";343b310f-5fd3-49f5-b621-11fb2a62de7f;"SOUS-GROUPE 1";"SOUS_GROUPE";"ZOMADRE";7;meme-niveau
"sous-groupe 1";3456d3c8-61ab-466a-871a-e296b0f2b7e7;"SOUS-GROUPE 1";"SOUS_GROUPE";"HOBEN";3;meme-niveau
"sous-groupe 1";34787c3c-453f-4040-9516-e260ec81a8dc;"SOUS-GROUPE 1";"SOUS_GROUPE";"FANGAN";6;meme-niveau
"sous-groupe 1";34a25adb-f2c7-4dda-b8ac-04a452bb6744;"SOUS-GROUPE 1";"SOUS_GROUPE";"SANS LOI 2";5;meme-niveau
"sous-groupe 1";34c13011-6e04-4651-8135-32b9292f7cb5;"SOUS-GROUPE 1";"SOUS_GROUPE";"VICTOIRE ETERNELLE";3;meme-niveau
"sous-groupe 1";34c914ce-6362-46a6-9440-b10ca6e422c8;"SOUS-GROUPE 1";"SOUS_GROUPE";"AIZEN";6;meme-niveau
"sous-groupe 1";34fd9ff0-060f-4705-8c1e-17ac84e15056;"SOUS-GROUPE 1";"SOUS_GROUPE";"VICTOIRES";1;meme-niveau
"sous-groupe 1";35587955-d1d6-46c6-89d1-1eb5ecd05fd4;"SOUS-GROUPE 1";"SOUS_GROUPE";"VICTOIRE";5;meme-niveau
"sous-groupe 1";3589265b-56aa-4b38-a90e-0d6c61d5ab69;"SOUS-GROUPE 1";"SOUS_GROUPE";"SHAKUBUKU";3;meme-niveau
"sous-groupe 1";3754cd84-5160-40b9-9871-6bed1c3cb7c7;"SOUS-GROUPE 1";"SOUS_GROUPE";"FANNY";3;meme-niveau
"sous-groupe 1";3765a4f2-755e-4084-8202-993304f770fc;"SOUS-GROUPE 1";"SOUS_GROUPE";"Groupe 1";2;meme-niveau
"sous-groupe 1";3818a5e2-fb80-471b-afa9-7d14e732f0a1;"SOUS-GROUPE 1";"SOUS_GROUPE";"VICTOIRE";5;meme-niveau
"sous-groupe 1";38934064-cdfa-455c-8db3-35fa562b2dd9;"SOUS-GROUPE 1";"SOUS_GROUPE";"CŒUR PUR";10;meme-niveau
"sous-groupe 1";38c2a469-f6c6-4a7e-8067-5f60d0505c30;"SOUS-GROUPE 1";"SOUS_GROUPE";"ICHINEN";5;meme-niveau
"sous-groupe 1";38e1ed69-5769-4eea-aed6-6c157f8236b6;"SOUS-GROUPE 1";"SOUS_GROUPE";"ILLUMINATION";11;meme-niveau
"sous-groupe 1";39450d5a-2cd4-4b03-8f11-a418637807ec;"SOUS-GROUPE 1";"SOUS_GROUPE";"KUDOKU";5;meme-niveau
"sous-groupe 1";394aecb2-614b-459c-aa88-3c3ac14d4d7a;"SOUS-GROUPE 1";"SOUS_GROUPE";"KUDOKU";10;meme-niveau
"sous-groupe 1";395bc21d-5498-4287-af46-2062d30b61fb;"SOUS-GROUPE 1";"SOUS_GROUPE";"BONHEUR";3;meme-niveau
"sous-groupe 1";3967abd2-6a6a-4651-ba68-3322c7d231ce;"SOUS-GROUPE 1";"SOUS_GROUPE";"FONVO";7;meme-niveau
"sous-groupe 1";3977e4de-9c19-4475-a21e-bae2d3d00d99;"SOUS-GROUPE 1";"SOUS_GROUPE";"FLAMBOYANT";4;meme-niveau
"sous-groupe 1";3a3dd561-43f3-49e8-bff0-0aa2ab6ab36a;"SOUS-GROUPE 1";"SOUS_GROUPE";"BOODA";4;meme-niveau
"sous-groupe 1";3a6a56ae-2b3d-456a-b96d-4d5f8da93474;"SOUS-GROUPE 1";"SOUS_GROUPE";"PERSEVERANCE";4;meme-niveau
"sous-groupe 1";3a9f6ca5-6d84-4126-8289-58edd6c27ddf;"SOUS-GROUPE 1";"SOUS_GROUPE";"DIAMALAKRO";3;meme-niveau
"sous-groupe 1";3b2554ab-2abc-4246-87d1-cc6584b0bc8d;"SOUS-GROUPE 1";"SOUS_GROUPE";"DEFIS";4;meme-niveau
"sous-groupe 1";3b3a3d15-3006-46f7-9c1c-433c57c71d40;"SOUS-GROUPE 1";"SOUS_GROUPE";"BONNE FORTUNE";7;meme-niveau
"sous-groupe 1";3b5a17fb-9624-4b79-bc54-e9cbd1d15190;"SOUS-GROUPE 1";"SOUS_GROUPE";"ESPOIRE";6;meme-niveau
"sous-groupe 1";3b60d54e-91d1-45b2-bc59-fc8ed169cc85;"SOUS-GROUPE 1";"SOUS_GROUPE";"IKÉGAMI I";4;meme-niveau
"sous-groupe 1";3b6ff3db-0f6b-47d7-9122-22753ebccf76;"SOUS-GROUPE 1";"SOUS_GROUPE";"SENSEI";5;meme-niveau
"sous-groupe 1";3b7a48c0-443d-4ff3-8271-0d05326ba8ad;"SOUS-GROUPE 1";"SOUS_GROUPE";"DJOLOBOUGOU";4;meme-niveau
"sous-groupe 1";3b86efea-96d4-4838-a3e7-458c5f8be536;"SOUS-GROUPE 1";"SOUS_GROUPE";"ISHINEN";4;meme-niveau
"sous-groupe 1";3ba445bc-a737-4a64-846c-02e20ac60a77;"SOUS-GROUPE 1";"SOUS_GROUPE";"FUKYO";3;meme-niveau
"sous-groupe 1";3c1a5647-908f-4ed3-8026-cb5f4bf0c51c;"SOUS-GROUPE 1";"SOUS_GROUPE";"SEWEKE 3";6;meme-niveau
"sous-groupe 1";3cdee065-78e2-492c-8af9-443a0e1094b0;"SOUS-GROUPE 1";"SOUS_GROUPE";"LUMIERE";0;meme-niveau
"sous-groupe 1";3d6960e4-258c-465d-b4fc-b41a8024e014;"SOUS-GROUPE 1";"SOUS_GROUPE";"ZYLÈ";6;meme-niveau
"sous-groupe 1";3d7e35ea-b98c-4869-b751-639a57ebfdba;"SOUS-GROUPE 1";"SOUS_GROUPE";"FLEUR DE LOTUS";2;meme-niveau
"sous-groupe 1";3dd5e7d1-0669-4842-a9cb-a53586aee047;"SOUS-GROUPE 1";"SOUS_GROUPE";"ICHINEN";2;meme-niveau
"sous-groupe 1";3ddb6398-2bdb-4b9d-bfd7-68be72c541fb;"SOUS-GROUPE 1";"SOUS_GROUPE";"DJIDOH";4;meme-niveau
"sous-groupe 1";3e490574-903f-46f0-ac2e-2217e7c5efaa;"SOUS-GROUPE 1";"SOUS_GROUPE";"LOTUS";5;meme-niveau
"sous-groupe 1";3ea2c1ed-1138-4f3a-a691-d586f8f2b3da;"SOUS-GROUPE 1";"SOUS_GROUPE";"SOKA FOUAZRA";0;meme-niveau
"sous-groupe 1";3ee5d41a-ba11-423b-b88c-939e711c124d;"SOUS-GROUPE 1";"SOUS_GROUPE";"MITTERRAND 2";5;meme-niveau
"sous-groupe 1";3f1b639a-fa24-491b-9933-5fa87a8dc372;"SOUS-GROUPE 1";"SOUS_GROUPE";"INSTITUT PASTEUR";4;meme-niveau
"sous-groupe 1";3f9c1b31-e5af-4c05-be9f-4864a27148e9;"SOUS-GROUPE 1";"SOUS_GROUPE";"TP";0;meme-niveau
"sous-groupe 1";4067444c-7347-4da3-a8cf-33c3eac21bd5;"SOUS-GROUPE 1";"SOUS_GROUPE";"MAINTES-TRESORS";0;meme-niveau
"sous-groupe 1";4104bdd7-29cf-4e5d-a04d-1973ec19dce3;"SOUS-GROUPE 1";"SOUS_GROUPE";"SOLEIL LEVANT";1;meme-niveau
"sous-groupe 1";410fadd9-a32e-4933-8f76-4c9ce565d3c6;"SOUS-GROUPE 1";"SOUS_GROUPE";"DABAKALA";4;meme-niveau
"sous-groupe 1";41a44b4f-f07f-47c7-8d88-b28f23a787dc;"SOUS-GROUPE 1";"SOUS_GROUPE";"NAMASTE";3;meme-niveau
"sous-groupe 1";41a57cc6-7619-40d8-aba5-9c6316b1d789;"SOUS-GROUPE 1";"SOUS_GROUPE";"ANOUANZE";0;meme-niveau
"sous-groupe 1";41f8bfa9-2803-4616-93dd-93b928a6efb8;"SOUS-GROUPE 1";"SOUS_GROUPE";"NONIN";6;meme-niveau
"sous-groupe 1";421b1908-3134-4299-93ec-7f74cb2ae147;"SOUS-GROUPE 1";"SOUS_GROUPE";"SOLEIL";2;meme-niveau
"sous-groupe 1";42a92712-0677-4df3-8009-2aeb04905735;"SOUS-GROUPE 1";"SOUS_GROUPE";"BENENE";0;meme-niveau
"sous-groupe 1";42aafc57-ebde-4243-a555-05a293bac41e;"SOUS-GROUPE 1";"SOUS_GROUPE";"VICTOIRE";7;meme-niveau
"sous-groupe 1";42b145e1-edcd-48bf-ab32-cc550fe0c052;"SOUS-GROUPE 1";"SOUS_GROUPE";"RÉVOLUTION HUMAINE";5;meme-niveau
"sous-groupe 1";42bed3a1-b597-4c01-862b-f38097903959;"SOUS-GROUPE 1";"SOUS_GROUPE";"FLEUR DE LOTUS";5;meme-niveau
"sous-groupe 1";42c3bdc1-8cc7-4627-a4fb-83f5012d2164;"SOUS-GROUPE 1";"SOUS_GROUPE";"GROUPE TOUBA";14;meme-niveau
"sous-groupe 1";42d4fd1e-fb76-411d-ad92-f8db29c2675d;"SOUS-GROUPE 1";"SOUS_GROUPE";"GRANDE MONTAGNE";8;meme-niveau
"sous-groupe 1";42d8c2ed-2886-4ec2-8313-dc6a87af5b9d;"SOUS-GROUPE 1";"SOUS_GROUPE";"MAINTS TRESORS";5;meme-niveau
"sous-groupe 1";42db58e5-8df0-4591-a9c5-c93651c17db4;"SOUS-GROUPE 1";"SOUS_GROUPE";"DÉTERMINATION";0;meme-niveau
"sous-groupe 1";43034af0-0df6-43a3-863a-073e6c18da59;"SOUS-GROUPE 1";"SOUS_GROUPE";"DEFI";0;meme-niveau
"sous-groupe 1";4347d330-153b-4c15-99df-e2fa8b3b6963;"SOUS-GROUPE 1";"SOUS_GROUPE";"CASIER";3;meme-niveau
"sous-groupe 1";43eecd7d-844b-4709-a7d0-0184c552e115;"SOUS-GROUPE 1";"SOUS_GROUPE";"SOLEIL LEVANT";9;meme-niveau
"sous-groupe 1";4438f272-1d2f-48dd-83d0-c91be735330f;"SOUS-GROUPE 1";"SOUS_GROUPE";"LOTUS";10;meme-niveau
"sous-groupe 1";444b5508-95cd-4b73-8342-b0c2c09a24d7;"SOUS-GROUPE 1";"SOUS_GROUPE";"PHARE D'ESPOIR";6;meme-niveau
"sous-groupe 1";4451125f-f6c1-448f-8632-b6ec921d39bf;"SOUS-GROUPE 1";"SOUS_GROUPE";"SABRE DE LA VICTOIRE";4;meme-niveau
"sous-groupe 1";4496809d-2052-4624-a092-9757a4919213;"SOUS-GROUPE 1";"SOUS_GROUPE";"LA VIE";5;meme-niveau
"sous-groupe 1";44a7a3cc-efe1-4788-ac87-2330e708bae6;"SOUS-GROUPE 1";"SOUS_GROUPE";"Gbele";3;meme-niveau
"sous-groupe 1";44d6f361-998f-4673-a2d4-f2564c0bec6b;"SOUS-GROUPE 1";"SOUS_GROUPE";"VICTOIRE ABSOLUE";5;meme-niveau
"sous-groupe 1";44d83c83-55fb-43a7-8c51-8a49adc9e202;"SOUS-GROUPE 1";"SOUS_GROUPE";"HARMONIE 2";1;meme-niveau
"sous-groupe 1";459aba89-efcf-45b5-97b2-0af76b648aaa;"SOUS-GROUPE 1";"SOUS_GROUPE";"EMIENENT";4;meme-niveau
"sous-groupe 1";45bf2df4-7858-4ca5-a5d0-28a1e21eea81;"SOUS-GROUPE 1";"SOUS_GROUPE";"VICTOIRE ABSOLUE";6;meme-niveau
"sous-groupe 1";45cfb517-4ec4-4b9a-bf94-6b699c98696a;"SOUS-GROUPE 1";"SOUS_GROUPE";"KUDOKU";3;meme-niveau
"sous-groupe 1";45f575be-798c-42d2-a7a5-05d82e0e688a;"SOUS-GROUPE 1";"SOUS_GROUPE";"LOTUS";6;meme-niveau
"sous-groupe 1";460577a8-a555-4556-a7c6-6484f2419174;"SOUS-GROUPE 1";"SOUS_GROUPE";"GBORO";2;meme-niveau
"sous-groupe 1";4615c7a3-af32-429f-a9c3-8c52ff1b97bf;"SOUS-GROUPE 1";"SOUS_GROUPE";"NICHI";4;meme-niveau
"sous-groupe 1";46586c20-8f14-498c-95f4-8fca655dec85;"SOUS-GROUPE 1";"SOUS_GROUPE";"BOYA";0;meme-niveau
"sous-groupe 1";466d5a1f-02cc-407d-996c-57c51af8080c;"SOUS-GROUPE 1";"SOUS_GROUPE";"ESPOIR INFINI";12;meme-niveau
"sous-groupe 1";46713b72-23a9-44ed-9241-5176d155eca0;"SOUS-GROUPE 1";"SOUS_GROUPE";"HARMONIE";2;meme-niveau
"sous-groupe 1";467396f7-ace7-43eb-800f-9de50168e043;"SOUS-GROUPE 1";"SOUS_GROUPE";"DETERMINATION";4;meme-niveau
"sous-groupe 1";4674df6e-277c-46a7-81c0-c8a811aff934;"SOUS-GROUPE 1";"SOUS_GROUPE";"KIMYO";3;meme-niveau
"sous-groupe 1";46b532d6-9ae6-4fe1-8613-94389d1f7e26;"SOUS-GROUPE 1";"SOUS_GROUPE";"Marie archange";3;meme-niveau
"sous-groupe 1";4735c664-e4d7-4a10-bdf3-fc894358c32f;"SOUS-GROUPE 1";"SOUS_GROUPE";"ENDOKU IYAKU";5;meme-niveau
"sous-groupe 1";47a52712-aba4-493a-9e03-aeb3b3698c38;"SOUS-GROUPE 1";"SOUS_GROUPE";"MAINTES TRESOR";2;meme-niveau
"sous-groupe 1";47a93c0d-e9ef-4a74-b5b7-03f3f67fae76;"SOUS-GROUPE 1";"SOUS_GROUPE";"FUKYO";3;meme-niveau
"sous-groupe 1";48c7e1a3-841a-4935-8a5b-701d1d5b24b0;"SOUS-GROUPE 1";"SOUS_GROUPE";"ITAIDOSHIN";2;meme-niveau
"sous-groupe 1";48f63a04-3982-4e84-a928-49a15be3a2bc;"SOUS-GROUPE 1";"SOUS_GROUPE";"BLAOU";5;meme-niveau
"sous-groupe 1";49336247-435a-4258-be10-3a6feaaafb00;"SOUS-GROUPE 1";"SOUS_GROUPE";"GOUOPLEU";4;meme-niveau
"sous-groupe 1";49cada65-9a53-4ecb-a664-7fd011d68214;"SOUS-GROUPE 1";"SOUS_GROUPE";"ENDOKU YAKU";14;meme-niveau
"sous-groupe 1";4a076ef2-bb4d-40a8-bd5d-d3f924415cc8;"SOUS-GROUPE 1";"SOUS_GROUPE";"GONATE";1;meme-niveau
"sous-groupe 1";4a15fd90-9d51-4358-b639-99269749968e;"SOUS-GROUPE 1";"SOUS_GROUPE";"NONOUA";15;meme-niveau
"sous-groupe 1";4ae26cd9-0605-498a-abf0-21f487081136;"SOUS-GROUPE 1";"SOUS_GROUPE";"OBODJE";7;meme-niveau
"sous-groupe 1";4b9e7639-80e9-4541-abca-f66d827812a8;"SOUS-GROUPE 1";"SOUS_GROUPE";"PROGRES";1;meme-niveau
"sous-groupe 1";4b9f3eda-c264-4420-bdaa-d2d3318618c6;"SOUS-GROUPE 1";"SOUS_GROUPE";"RENAISSANCE";7;meme-niveau
"sous-groupe 1";4baf6a9b-ce97-4da9-b03a-e860dec4b342;"SOUS-GROUPE 1";"SOUS_GROUPE";"FLAMBOYANT";5;meme-niveau
"sous-groupe 1";4be40e1f-e1cf-454c-801d-223a3e89a70b;"SOUS-GROUPE 1";"SOUS_GROUPE";"VICTOIRE 2 DJIMPRIDOUO";6;meme-niveau
"sous-groupe 1";4c0cde2c-6222-4718-8719-bf97283d7eba;"SOUS-GROUPE 1";"SOUS_GROUPE";"HARMONIE";6;meme-niveau
"sous-groupe 1";4c75f2d6-b540-40dc-84e8-6e20e010edf5;"SOUS-GROUPE 1";"SOUS_GROUPE";"ALLOCODROME";8;meme-niveau
"sous-groupe 1";4c8744f6-d5c9-4137-8730-164e1ce48a56;"SOUS-GROUPE 1";"SOUS_GROUPE";"AWALE";7;meme-niveau
"sous-groupe 1";4cb0943f-3e65-44ed-aef7-1d47cb518649;"SOUS-GROUPE 1";"SOUS_GROUPE";"SOLEIL";0;meme-niveau
"sous-groupe 1";4cc8a081-e6df-4eb9-a645-b53ef59860da;"SOUS-GROUPE 1";"SOUS_GROUPE";"AKOUEDO ANANGUIE";4;meme-niveau
"sous-groupe 1";4cd3a650-da71-42c6-b619-04f92cef291b;"SOUS-GROUPE 1";"SOUS_GROUPE";"KANTO-KAI";6;meme-niveau
"sous-groupe 1";4cf5c8bc-0861-4199-8ed0-5df900c18e82;"SOUS-GROUPE 1";"SOUS_GROUPE";"GROUPE 2";2;meme-niveau
"sous-groupe 1";4e47236f-9479-473e-8878-5b85c2c738c3;"SOUS-GROUPE 1";"SOUS_GROUPE";"GRAND SOLEIL";4;meme-niveau
"sous-groupe 1";4e7b0bad-162a-437d-b226-f4ee80bce384;"SOUS-GROUPE 1";"SOUS_GROUPE";"Groupe Hôpital Général";7;meme-niveau
"sous-groupe 1";4f0058a4-a9f1-41a4-b4ff-2c251d5a6cbd;"SOUS-GROUPE 1";"SOUS_GROUPE";"NAMASTE";6;meme-niveau
"sous-groupe 1";4fd42bab-eb99-4707-b993-1c033acc7542;"SOUS-GROUPE 1";"SOUS_GROUPE";"Saint jean baptiste";0;meme-niveau
"sous-groupe 1";508ac653-741c-40f0-9bf5-265eec2f6716;"SOUS-GROUPE 1";"SOUS_GROUPE";"JINZAI 1";4;meme-niveau
"sous-groupe 1";50eb4ab6-0d50-4525-96cd-17b6cd18f90a;"SOUS-GROUPE 1";"SOUS_GROUPE";"AMALA";6;meme-niveau
"sous-groupe 1";50f26f88-584f-4809-a714-81defc3d08c3;"SOUS-GROUPE 1";"SOUS_GROUPE";"JOIE AVEC DAIMOKU";9;meme-niveau
"sous-groupe 1";513b9e33-2973-41d8-85f5-29fcbf6244da;"SOUS-GROUPE 1";"SOUS_GROUPE";"PIONNIER";6;meme-niveau
"sous-groupe 1";5161d146-190e-4533-ada3-ff420e8a65e5;"SOUS-GROUPE 1";"SOUS_GROUPE";"FÊGBÊ";1;meme-niveau
"sous-groupe 1";51b46dad-7574-4be1-a074-cc9a33034188;"SOUS-GROUPE 1";"SOUS_GROUPE";"HOSSHAKU KENPON";3;meme-niveau
"sous-groupe 1";51bd92b6-c328-4b71-afff-402dbc026c00;"SOUS-GROUPE 1";"SOUS_GROUPE";"KAOKA";4;meme-niveau
"sous-groupe 1";51cffd43-dad4-4a79-93dc-0a27765380bd;"SOUS-GROUPE 1";"SOUS_GROUPE";"MONT SUMERU";4;meme-niveau
"sous-groupe 1";51da41ca-dda1-4416-b530-03c8f7bd4f7f;"SOUS-GROUPE 1";"SOUS_GROUPE";"ETOILE DU LOTUS";1;meme-niveau
"sous-groupe 1";51dc9424-ea52-4893-aea4-c73da8cc9429;"SOUS-GROUPE 1";"SOUS_GROUPE";"G10";6;meme-niveau
"sous-groupe 1";51fd8bf8-3839-4a1a-a3af-dab60ac25baf;"SOUS-GROUPE 1";"SOUS_GROUPE";"EVEIL";10;meme-niveau
"sous-groupe 1";52052ed4-f2bf-4824-9fa8-a9d0f1cf6488;"SOUS-GROUPE 1";"SOUS_GROUPE";"MÊTETCHO";3;meme-niveau
"sous-groupe 1";5287b0b4-400f-439a-aaf3-552126587a92;"SOUS-GROUPE 1";"SOUS_GROUPE";"TAISEKIJI";4;meme-niveau
"sous-groupe 1";52c5a461-8e7d-4d5b-afb4-92fce1bd485c;"SOUS-GROUPE 1";"SOUS_GROUPE";"VICTOIRE 1 DE TEFROTO";3;meme-niveau
"sous-groupe 1";531b8f97-b0c8-4b51-81a3-32cbbc3535f7;"SOUS-GROUPE 1";"SOUS_GROUPE";"TAZIBOUO";0;meme-niveau
"sous-groupe 1";532b96fb-8ab3-46ff-96f8-94d89424cd7a;"SOUS-GROUPE 1";"SOUS_GROUPE";"BONNE FORTUNE";0;meme-niveau
"sous-groupe 1";53c3c759-72ab-43e3-a1a5-20a9cb836702;"SOUS-GROUPE 1";"SOUS_GROUPE";"TERRE PURE";12;meme-niveau
"sous-groupe 1";54235f6c-fc8e-4524-aec6-fef94330c75c;"SOUS-GROUPE 1";"SOUS_GROUPE";"AMOUGNAN";7;meme-niveau
"sous-groupe 1";54297937-8e54-4abd-9d27-94eb5bc24c63;"SOUS-GROUPE 1";"SOUS_GROUPE";"ITAI-DOSHIN";7;meme-niveau
"sous-groupe 1";5435e846-c13f-4f69-8392-40367b88cfd5;"SOUS-GROUPE 1";"SOUS_GROUPE";"EYOVIE 2";8;meme-niveau
"sous-groupe 1";54863994-5132-4470-9401-5bec0896239f;"SOUS-GROUPE 1";"SOUS_GROUPE";"YOUROU";5;meme-niveau
"sous-groupe 1";548d8105-c78b-4522-b839-a07f1a253c07;"SOUS-GROUPE 1";"SOUS_GROUPE";"PERSEVERANCE";3;meme-niveau
"sous-groupe 1";548f38de-7f4a-406b-9933-6aee20bf3a94;"SOUS-GROUPE 1";"SOUS_GROUPE";"TOUR AUX TRESORS";4;meme-niveau
"sous-groupe 1";55312a0f-f1c8-4a29-892f-6569498b6b80;"SOUS-GROUPE 1";"SOUS_GROUPE";"DJIHI";4;meme-niveau
"sous-groupe 1";554d759c-9970-4796-984c-9348fb9d64f3;"SOUS-GROUPE 1";"SOUS_GROUPE";"SOLEIL LEVANT";4;meme-niveau
"sous-groupe 1";55b1d9e3-514f-4058-9ed9-ccb916441f76;"SOUS-GROUPE 1";"SOUS_GROUPE";"ESPOIR";13;meme-niveau
"sous-groupe 1";55dcd2fd-ca81-4271-b0de-702beb453d79;"SOUS-GROUPE 1";"SOUS_GROUPE";"VIERGE";2;meme-niveau
"sous-groupe 1";55ed50a1-683d-4b18-8875-9320dac61b23;"SOUS-GROUPE 1";"SOUS_GROUPE";"VICTOIRE";6;meme-niveau
"sous-groupe 1";56162bab-045e-4591-8e3f-def90f72729d;"SOUS-GROUPE 1";"SOUS_GROUPE";"ÎLE DE SADO";5;meme-niveau
"sous-groupe 1";562422c9-f483-443a-a64a-608852126698;"SOUS-GROUPE 1";"SOUS_GROUPE";"VICTORE";2;meme-niveau
"sous-groupe 1";56db26dc-bc01-48ab-9764-7a21a5670e77;"SOUS-GROUPE 1";"SOUS_GROUPE";"BODDHICITTA";1;meme-niveau
"sous-groupe 1";56e3f5fc-918d-40ff-b5e7-0ee4b988be15;"SOUS-GROUPE 1";"SOUS_GROUPE";"FRONDOMBO";2;meme-niveau
"sous-groupe 1";5702d3e1-f026-4a3a-8104-828d0d943a94;"SOUS-GROUPE 1";"SOUS_GROUPE";"YOVALA";2;meme-niveau
"sous-groupe 1";579c9ab6-c4e2-4a03-bb87-e0717c473db2;"SOUS-GROUPE 1";"SOUS_GROUPE";"NANDJELET 1";5;meme-niveau
"sous-groupe 1";57caa8f7-fa9e-491f-b66c-9c256fe9ca96;"SOUS-GROUPE 1";"SOUS_GROUPE";"TOUR AUX TRESORS";0;meme-niveau
"sous-groupe 1";57d5a0a0-9776-4118-b091-403678069329;"SOUS-GROUPE 1";"SOUS_GROUPE";"LIBERTÉ";0;meme-niveau
"sous-groupe 1";5821f9b9-411c-4abf-a6c9-198734e3b66c;"SOUS-GROUPE 1";"SOUS_GROUPE";"AKPESSEKRO";2;meme-niveau
"sous-groupe 1";584539cf-f61e-4909-a0cc-201ef5be6116;"SOUS-GROUPE 1";"SOUS_GROUPE";"ZEPREGUHE";4;meme-niveau
"sous-groupe 1";587ad364-c941-4ca6-9611-eed8f3077bd6;"SOUS-GROUPE 1";"SOUS_GROUPE";"Sicogi Espérance";1;meme-niveau
"sous-groupe 1";58a315e6-cade-4635-a540-c1e55b0774a1;"SOUS-GROUPE 1";"SOUS_GROUPE";"HOPITAUX";8;meme-niveau
"sous-groupe 1";58fd64b5-1967-49a9-bc66-092658ec49cd;"SOUS-GROUPE 1";"SOUS_GROUPE";"BIA SUD";1;meme-niveau
"sous-groupe 1";591fc5e7-d53a-4f55-8d1c-67e79485b6ad;"SOUS-GROUPE 1";"SOUS_GROUPE";"DAIMOKU";5;meme-niveau
"sous-groupe 1";594e0520-e5f2-4649-875b-fe8a19b1f8a1;"SOUS-GROUPE 1";"SOUS_GROUPE";"KÔPATA";5;meme-niveau
"sous-groupe 1";5978c67b-6aed-4fdb-b8cd-8be7c24703fb;"SOUS-GROUPE 1";"SOUS_GROUPE";"EXCELLENCE";5;meme-niveau
"sous-groupe 1";598d753a-bd45-4348-8ba5-1131f52714a8;"SOUS-GROUPE 1";"SOUS_GROUPE";"CESTIA";2;meme-niveau
"sous-groupe 1";5992fe69-f074-4d68-a872-d62886a95650;"SOUS-GROUPE 1";"SOUS_GROUPE";"MAYO";4;meme-niveau
"sous-groupe 1";59a736dd-fdf3-417e-b511-305b4883782b;"SOUS-GROUPE 1";"SOUS_GROUPE";"HARMONIE";5;meme-niveau
"sous-groupe 1";59cb85b9-4385-40d2-93d2-459ed09bb1d7;"SOUS-GROUPE 1";"SOUS_GROUPE";"TAHO";6;meme-niveau
"sous-groupe 1";59daee40-0846-4996-a66b-3517e18814d6;"SOUS-GROUPE 1";"SOUS_GROUPE";"DAIMOKU";6;meme-niveau
"sous-groupe 1";59e000a5-979a-4e51-a2e9-ae22742974cc;"SOUS-GROUPE 1";"SOUS_GROUPE";"JOGYO";10;meme-niveau
"sous-groupe 1";5a0d0c00-c2c7-4e82-a09c-c63a78207f4d;"SOUS-GROUPE 1";"SOUS_GROUPE";"KUDOKU";2;meme-niveau
"sous-groupe 1";5a0e7224-e12f-4f38-9648-83cf5a0bf817;"SOUS-GROUPE 1";"SOUS_GROUPE";"SHONIN";7;meme-niveau
"sous-groupe 1";5a54acbd-02a3-4f6c-bd98-3e1a1298cf02;"SOUS-GROUPE 1";"SOUS_GROUPE";"LE REPERE";4;meme-niveau
"sous-groupe 1";5a7dc721-f863-4d3d-91c2-497e81ee0d50;"SOUS-GROUPE 1";"SOUS_GROUPE";"PERSEVERENCE";18;meme-niveau
"sous-groupe 1";5b0c309e-0494-4cef-bd6c-4c48373f2723;"SOUS-GROUPE 1";"SOUS_GROUPE";"ZRO";0;meme-niveau
"sous-groupe 1";5b2436ac-1618-4212-9e8d-8c2cbcb1fc97;"SOUS-GROUPE 1";"SOUS_GROUPE";"SOLEIL";3;meme-niveau
"sous-groupe 1";5b7258a1-138a-4208-9891-e41a317886a1;"SOUS-GROUPE 1";"SOUS_GROUPE";"CHC";5;meme-niveau
"sous-groupe 1";5c184cda-af20-427b-85c5-6fd14f63a10e;"SOUS-GROUPE 1";"SOUS_GROUPE";"OSHAKU KENPON";5;meme-niveau
"sous-groupe 1";5c5378e6-5098-43ef-afce-bb0ef7847420;"SOUS-GROUPE 1";"SOUS_GROUPE";"CREATION DE VALEUR";7;meme-niveau
"sous-groupe 1";5c663cc5-cd93-4964-ae23-9ad3a06c687c;"SOUS-GROUPE 1";"SOUS_GROUPE";"GOGOKRO";3;meme-niveau
"sous-groupe 1";5c6ae3c4-a1b2-46f4-939a-e262eab5cc79;"SOUS-GROUPE 1";"SOUS_GROUPE";"ICHINEN";0;meme-niveau
"sous-groupe 1";5ca25607-ef8f-4c17-8129-383aa77e5133;"SOUS-GROUPE 1";"SOUS_GROUPE";"PREUVE FACTUELLE";5;meme-niveau
"sous-groupe 1";5d0bd422-b882-4a57-8b09-32898aeaa7f0;"SOUS-GROUPE 1";"SOUS_GROUPE";"PMI";4;meme-niveau
"sous-groupe 1";5d24c9d3-c53b-4720-b5aa-42faaa074002;"SOUS-GROUPE 1";"SOUS_GROUPE";"LA FOI";2;meme-niveau
"sous-groupe 1";5d5bdf23-f1eb-494e-8c83-a5659520cd4f;"SOUS-GROUPE 1";"SOUS_GROUPE";"MARCHOUX RESIDENTIEL";11;meme-niveau
"sous-groupe 1";5dcd82d1-65b5-4ec5-8320-479439d20720;"SOUS-GROUPE 1";"SOUS_GROUPE";"LES CERISIERS";6;meme-niveau
"sous-groupe 1";5e04bf6d-ee41-4c03-b127-c529fc8029a3;"SOUS-GROUPE 1";"SOUS_GROUPE";"ESPOIR";7;meme-niveau
"sous-groupe 1";5e274e71-bcc6-4277-b14e-97b96282ddcb;"SOUS-GROUPE 1";"SOUS_GROUPE";"ACTION";8;meme-niveau
"sous-groupe 1";5eab57a7-a8a7-4041-bf3e-7caf6a133a2c;"SOUS-GROUPE 1";"SOUS_GROUPE";"KUDOKU";5;meme-niveau
"sous-groupe 1";5ecf9d8d-79f2-4b0c-9b29-dbe57a428558;"SOUS-GROUPE 1";"SOUS_GROUPE";"ECLAT DU SOLEIL";2;meme-niveau
"sous-groupe 1";5efd1ddf-4ed4-4354-b525-1266b59a2670;"SOUS-GROUPE 1";"SOUS_GROUPE";"NAWRÊ";2;meme-niveau
"sous-groupe 1";5f008b1a-cc75-4e10-9219-e255e35a4b10;"SOUS-GROUPE 1";"SOUS_GROUPE";"HERITIER DE SENSEI";2;meme-niveau
"sous-groupe 1";5f2cb3b4-0927-4264-a3b2-d210f90ee1db;"SOUS-GROUPE 1";"SOUS_GROUPE";"KANSAI";5;meme-niveau
"sous-groupe 1";5f67e2ab-5307-41c9-a60f-c7d2f0fcb750;"SOUS-GROUPE 1";"SOUS_GROUPE";"PRINTEMPS";7;meme-niveau
"sous-groupe 1";5fc56359-ffed-480d-b1ac-e49874be6583;"SOUS-GROUPE 1";"SOUS_GROUPE";"AKOUEDO VILLAGE 2";0;meme-niveau
"sous-groupe 1";602fb24e-7444-45b7-85c0-54f8e37f141b;"SOUS-GROUPE 1";"SOUS_GROUPE";"SOLEIL LEVANT";4;meme-niveau
"sous-groupe 1";6055c597-fda4-464c-87ab-7dee95fe3c44;"SOUS-GROUPE 1";"SOUS_GROUPE";"KAOKA";3;meme-niveau
"sous-groupe 1";6172bef6-89d5-4b86-bda7-5aa90fa57ff2;"SOUS-GROUPE 1";"SOUS_GROUPE";"LYCEE";0;meme-niveau
"sous-groupe 1";61c33a54-f6e6-4a13-a25a-45ceb04b8424;"SOUS-GROUPE 1";"SOUS_GROUPE";"EVEIL";4;meme-niveau
"sous-groupe 1";6230cff4-84d0-4bee-a430-d21b859cfd3e;"SOUS-GROUPE 1";"SOUS_GROUPE";"KYONIMBO";0;meme-niveau
"sous-groupe 1";62494706-bc54-4041-87cf-9a9d4b40a80f;"SOUS-GROUPE 1";"SOUS_GROUPE";"TRIOMPHE";1;meme-niveau
"sous-groupe 1";62560fb3-c130-4fef-9e08-dd2a64e1b4ae;"SOUS-GROUPE 1";"SOUS_GROUPE";"Synatresor";4;meme-niveau
"sous-groupe 1";62b56931-cc55-4f1a-bd2f-18bc8d710c43;"SOUS-GROUPE 1";"SOUS_GROUPE";"PERSEVERANCE(TOULEPLEU)";0;meme-niveau
"sous-groupe 1";62b86bf5-e151-471b-9605-49f36b4b61f7;"SOUS-GROUPE 1";"SOUS_GROUPE";"SANS LOI 1";6;meme-niveau
"sous-groupe 1";631fd0cc-e660-450e-99a9-1df0101fbdf7;"SOUS-GROUPE 1";"SOUS_GROUPE";"EYOVIE 1";7;meme-niveau
"sous-groupe 1";63550ca3-3725-4687-8a31-3b89f3363cd7;"SOUS-GROUPE 1";"SOUS_GROUPE";"ESPERANCE";7;meme-niveau
"sous-groupe 1";635d7f81-fe55-450a-a048-47b51b89a185;"SOUS-GROUPE 1";"SOUS_GROUPE";"ALADJE";4;meme-niveau
"sous-groupe 1";635efb9f-a478-4cd1-849c-2d53e002adde;"SOUS-GROUPE 1";"SOUS_GROUPE";"BONNE FORTUNE";0;meme-niveau
"sous-groupe 1";6382e116-d187-46fc-9ec0-c59e29ebe6e0;"SOUS-GROUPE 1";"SOUS_GROUPE";"AKAFOUKRO";4;meme-niveau
"sous-groupe 1";639b388e-fe4c-4aeb-bdca-34e90b18cd4b;"SOUS-GROUPE 1";"SOUS_GROUPE";"AVENIR";5;meme-niveau
"sous-groupe 1";63bc7f80-edd0-47a4-937f-64881fab9836;"SOUS-GROUPE 1";"SOUS_GROUPE";"YABOYA (V4)";4;meme-niveau
"sous-groupe 1";63ed73f0-a881-4744-a055-3b8ba74422e8;"SOUS-GROUPE 1";"SOUS_GROUPE";"KODOKU";9;meme-niveau
"sous-groupe 1";641f92ce-c95f-4b29-9aba-493dd49748f8;"SOUS-GROUPE 1";"SOUS_GROUPE";"BONNE FORTUNE";4;meme-niveau
"sous-groupe 1";6420150c-a11c-4b10-9fd6-8f7cdd5d127e;"SOUS-GROUPE 1";"SOUS_GROUPE";"PRINTEMPS";5;meme-niveau
"sous-groupe 1";646919cd-1a11-4f13-af14-452593590ee7;"SOUS-GROUPE 1";"SOUS_GROUPE";"CAMPUS";1;meme-niveau
"sous-groupe 1";648b1494-f8c3-49a7-9c59-1d46adee661a;"SOUS-GROUPE 1";"SOUS_GROUPE";"TOUR AUX TRESORS";5;meme-niveau
"sous-groupe 1";64a8e0d6-1e7d-4fde-84e2-d04d29a18378;"SOUS-GROUPE 1";"SOUS_GROUPE";"MAINTES TRESORS";3;meme-niveau
"sous-groupe 1";65001702-a84c-40a6-b08f-dd585073f14d;"SOUS-GROUPE 1";"SOUS_GROUPE";"BOUDDHISATTVA";0;meme-niveau
"sous-groupe 1";650ccba3-21c7-44e4-bd16-e1c9712d89dc;"SOUS-GROUPE 1";"SOUS_GROUPE";"AKOUEDO VILLAGE 3";5;meme-niveau
"sous-groupe 1";6515b631-b9c9-459b-94f0-4c78d75c5828;"SOUS-GROUPE 1";"SOUS_GROUPE";"ITAI-DOSHIN";4;meme-niveau
"sous-groupe 1";65a12bbf-ca8e-4283-8a25-6feaef3f088f;"SOUS-GROUPE 1";"SOUS_GROUPE";"SOWETO";3;meme-niveau
"sous-groupe 1";65ebfeb4-73e2-4b73-bdbc-f4373989b036;"SOUS-GROUPE 1";"SOUS_GROUPE";"ROI LION";8;meme-niveau
"sous-groupe 1";667e98bc-2641-4098-a177-c75a1f2af925;"SOUS-GROUPE 1";"SOUS_GROUPE";"HONMAKUKYOTO";0;meme-niveau
"sous-groupe 1";66b3bee0-a588-47f8-a08f-23a0ae5c52c8;"SOUS-GROUPE 1";"SOUS_GROUPE";"SAGESSE";1;meme-niveau
"sous-groupe 1";66d3853e-1b41-4c99-8e98-bfd6db0408be;"SOUS-GROUPE 1";"SOUS_GROUPE";"ICHINEN";3;meme-niveau
"sous-groupe 1";67006288-6c81-4bf7-adc4-fe8729075c01;"SOUS-GROUPE 1";"SOUS_GROUPE";"ESPOIR";5;meme-niveau
"sous-groupe 1";6766a5e0-95fc-486b-9cbd-4f352520dbb9;"SOUS-GROUPE 1";"SOUS_GROUPE";"LYCEE";0;meme-niveau
"sous-groupe 1";6772dff5-28f5-4c43-97f7-2f0cfb736b89;"SOUS-GROUPE 1";"SOUS_GROUPE";"PEASSEU";0;meme-niveau
"sous-groupe 1";68126f06-4ace-4b50-bfa0-7f4b1e841c39;"SOUS-GROUPE 1";"SOUS_GROUPE";"SOLEIL LEVANT";6;meme-niveau
"sous-groupe 1";681ebcab-ac50-44cf-bb10-af539f517293;"SOUS-GROUPE 1";"SOUS_GROUPE";"ITAI DOSHIN";0;meme-niveau
"sous-groupe 1";6900d647-5d6b-4516-9674-f392d4d5dc22;"SOUS-GROUPE 1";"SOUS_GROUPE";"VICTOIRE";3;meme-niveau
"sous-groupe 1";692676c0-f5e1-4124-b274-c5c59e7563bb;"SOUS-GROUPE 1";"SOUS_GROUPE";"EHOUSSOU";6;meme-niveau
"sous-groupe 1";696de2fb-4242-4f9c-b247-fd9c8063a8ae;"SOUS-GROUPE 1";"SOUS_GROUPE";"TERRE DE VICTOIRE";5;meme-niveau
"sous-groupe 1";69771db6-ed0f-46f4-a9f6-423d5b9c55a5;"SOUS-GROUPE 1";"SOUS_GROUPE";"KOSSOU";3;meme-niveau
"sous-groupe 1";698ded4e-488b-4fba-bbfa-d522eb2cd57d;"SOUS-GROUPE 1";"SOUS_GROUPE";"NOUVEL ERE";2;meme-niveau
"sous-groupe 1";69b0f1fc-0334-4b01-8fbc-5ce3fe1f93f7;"SOUS-GROUPE 1";"SOUS_GROUPE";"HARMONIE";1;meme-niveau
"sous-groupe 1";69bdbeca-88af-45f3-bb67-25f0406a325a;"SOUS-GROUPE 1";"SOUS_GROUPE";"KAZEMINI";4;meme-niveau
"sous-groupe 1";6a6063ea-ec2f-4680-a01f-2afbd60d1350;"SOUS-GROUPE 1";"SOUS_GROUPE";"LAMA FOFANA";2;meme-niveau
"sous-groupe 1";6ae4cc44-e863-4c4c-90ab-fd8d922542de;"SOUS-GROUPE 1";"SOUS_GROUPE";"SOLEIL DE L'ESPOIR";3;meme-niveau
"sous-groupe 1";6b081cc3-7d16-47df-8c0b-35e806cd30af;"SOUS-GROUPE 1";"SOUS_GROUPE";"Cérisier";4;meme-niveau
"sous-groupe 1";6b0a8aa0-f901-430f-a950-38d4882c4a83;"SOUS-GROUPE 1";"SOUS_GROUPE";"CITE COLOMBE";3;meme-niveau
"sous-groupe 1";6b137b45-e22a-465c-9876-e380be15fff7;"SOUS-GROUPE 1";"SOUS_GROUPE";"KANJIN";6;meme-niveau
"sous-groupe 1";6b3c7e5a-f8d7-478b-9e68-747edfd75a8b;"SOUS-GROUPE 1";"SOUS_GROUPE";"CŒUR DE SENSEI";21;meme-niveau
"sous-groupe 1";6b43fc09-0e6b-441a-84f8-037a43730b0f;"SOUS-GROUPE 1";"SOUS_GROUPE";"CŒUR DE DIAMANT";1;meme-niveau
"sous-groupe 1";6be5200d-8a2c-49eb-8aea-67334457ff41;"SOUS-GROUPE 1";"SOUS_GROUPE";"PERSEVERANCE";2;meme-niveau
"sous-groupe 1";6c04d891-5b93-41f6-b577-6a5799004592;"SOUS-GROUPE 1";"SOUS_GROUPE";"ITAI DOSHIN";7;meme-niveau
"sous-groupe 1";6c362ba3-0d61-46d1-93e7-df960a8a5d2a;"SOUS-GROUPE 1";"SOUS_GROUPE";"LOTUS";5;meme-niveau
"sous-groupe 1";6c3bd71d-b542-412b-a427-5dd8ad2d2e08;"SOUS-GROUPE 1";"SOUS_GROUPE";"SOURCE DE VICTOIRE";8;meme-niveau
"sous-groupe 1";6c6a5f89-3654-4028-a35e-0dad01ddc5d7;"SOUS-GROUPE 1";"SOUS_GROUPE";"AZAGUIE";7;meme-niveau
"sous-groupe 1";6c82841b-4788-4a2f-93e9-a4e3a12e811a;"SOUS-GROUPE 1";"SOUS_GROUPE";"AVANCONS ENSEMBLE";2;meme-niveau
"sous-groupe 1";6d079279-55f3-4e69-b770-bd6558a12e0a;"SOUS-GROUPE 1";"SOUS_GROUPE";"ICHINEN";4;meme-niveau
"sous-groupe 1";6d0dd5ab-3ea7-4606-aaab-bba8da04fc67;"SOUS-GROUPE 1";"SOUS_GROUPE";"NEKA";3;meme-niveau
"sous-groupe 1";6d5b814a-89f8-4a25-ac78-e27807af10b6;"SOUS-GROUPE 1";"SOUS_GROUPE";"ZILE";0;meme-niveau
"sous-groupe 1";6dc5bdc0-e41c-41ac-a22c-79172c3ff232;"SOUS-GROUPE 1";"SOUS_GROUPE";"LES PERLES";4;meme-niveau
"sous-groupe 1";6e09a454-b1d9-49d3-ad51-e125cc4586fe;"SOUS-GROUPE 1";"SOUS_GROUPE";"REVOLUTION HUMAINE";5;meme-niveau
"sous-groupe 1";6e4a7e8b-40bf-4ac0-8170-718b577f94d3;"SOUS-GROUPE 1";"SOUS_GROUPE";"LES 3 TRESORS";8;meme-niveau
"sous-groupe 1";6e9544cc-660c-4b60-9bfb-69a296fc2222;"SOUS-GROUPE 1";"SOUS_GROUPE";"MTNKRO";3;meme-niveau
"sous-groupe 1";6e9d07f9-85a8-4b4e-a37e-5d62007d88d3;"SOUS-GROUPE 1";"SOUS_GROUPE";"KAHIRA";6;meme-niveau
"sous-groupe 1";6ea21876-4b5e-4de2-afcb-53351813bc07;"SOUS-GROUPE 1";"SOUS_GROUPE";"SHOJU";5;meme-niveau
"sous-groupe 1";6ef72121-744d-4b26-af3e-078371ccf0ce;"SOUS-GROUPE 1";"SOUS_GROUPE";"ICHINEN";7;meme-niveau
"sous-groupe 1";6f0b901b-fdd1-49c1-a6f1-46df082aafe9;"SOUS-GROUPE 1";"SOUS_GROUPE";"TOSSÊTA";3;meme-niveau
"sous-groupe 1";6f74f5d5-2dff-4ba1-9984-8de5b2f060b3;"SOUS-GROUPE 1";"SOUS_GROUPE";"ICHINEN";11;meme-niveau
"sous-groupe 1";6fbbe24b-87d2-4cae-b9ed-8b229f40740b;"SOUS-GROUPE 1";"SOUS_GROUPE";"LOTUS D'OR";4;meme-niveau
"sous-groupe 1";6fc30b1a-1c91-4b22-a399-00c49c31b70e;"SOUS-GROUPE 1";"SOUS_GROUPE";"SOLEIL LEVANT";6;meme-niveau
"sous-groupe 1";6fe1188d-a2c2-4320-8e99-67abf3567dc0;"SOUS-GROUPE 1";"SOUS_GROUPE";"VICTOIRE";7;meme-niveau
"sous-groupe 1";6fef8f9c-17e6-4eb9-8fa0-a5570d5761e8;"SOUS-GROUPE 1";"SOUS_GROUPE";"Soleil levant";4;meme-niveau
"sous-groupe 1";70fe62d7-e905-4241-be4b-c1f8a9c80632;"SOUS-GROUPE 1";"SOUS_GROUPE";"LYCEE";3;meme-niveau
"sous-groupe 1";712adfca-1270-4534-b9f1-408916d13e86;"SOUS-GROUPE 1";"SOUS_GROUPE";"PREUVE ACTUELLE";1;meme-niveau
"sous-groupe 1";72a99a0e-e3a7-444d-9ece-b9e433ff4ec1;"SOUS-GROUPE 1";"SOUS_GROUPE";"BONNE FORTUNE";6;meme-niveau
"sous-groupe 1";733e861a-bcf6-4b02-b953-2d50a237c266;"SOUS-GROUPE 1";"SOUS_GROUPE";"ITAI DOSHIN 2";3;meme-niveau
"sous-groupe 1";735b938b-4092-4e31-8fa9-f6a7373aed25;"SOUS-GROUPE 1";"SOUS_GROUPE";"FRATERNITE";3;meme-niveau
"sous-groupe 1";7360bd14-5187-4efa-9342-a302e1a71e80;"SOUS-GROUPE 1";"SOUS_GROUPE";"BONNO SOKU BODAI";4;meme-niveau
"sous-groupe 1";73934f51-10d0-4f34-8efb-8186be7d445e;"SOUS-GROUPE 1";"SOUS_GROUPE";"GNONSIEKA";0;meme-niveau
"sous-groupe 1";74080d3e-3f14-419a-bc7f-324e6d8ccd6f;"SOUS-GROUPE 1";"SOUS_GROUPE";"SHAKUBUKU";8;meme-niveau
"sous-groupe 1";747753ab-0635-4d6a-9d1c-bea92c2f8180;"SOUS-GROUPE 1";"SOUS_GROUPE";"TRESOR DU CŒUR";3;meme-niveau
"sous-groupe 1";7517b0d4-9475-45f7-8ec5-9f5969ffa850;"SOUS-GROUPE 1";"SOUS_GROUPE";"LOTUS";3;meme-niveau
"sous-groupe 1";751e7897-2e5c-4874-ba6f-560fc10dff28;"SOUS-GROUPE 1";"SOUS_GROUPE";"SHINGYO GAKU";5;meme-niveau
"sous-groupe 1";758bdebc-3faa-48a9-a973-5c45fccb8720;"SOUS-GROUPE 1";"SOUS_GROUPE";"KANSAI";10;meme-niveau
"sous-groupe 1";75946cb0-4fd4-4433-b037-0c37a840c8cc;"SOUS-GROUPE 1";"SOUS_GROUPE";"ICHINEN";5;meme-niveau
"sous-groupe 1";75994678-a43a-4b7b-9fc2-00500b06d96a;"SOUS-GROUPE 1";"SOUS_GROUPE";"SUCCES";1;meme-niveau
"sous-groupe 1";760742cc-d136-4876-9708-e27548e98db9;"SOUS-GROUPE 1";"SOUS_GROUPE";"PERSEVERANCE";12;meme-niveau
"sous-groupe 1";762f3740-22b8-46ce-ad2a-ca1243ead624;"SOUS-GROUPE 1";"SOUS_GROUPE";"ZOGBAN";6;meme-niveau
"sous-groupe 1";76942105-6c03-4b1d-8ada-35e86013c76e;"SOUS-GROUPE 1";"SOUS_GROUPE";"FUKYO";11;meme-niveau
"sous-groupe 1";769f3bae-6624-4c28-96af-df4f8b4b23ee;"SOUS-GROUPE 1";"SOUS_GROUPE";"KUDOKU";6;meme-niveau
"sous-groupe 1";76cc6e62-3318-4ad7-8e5a-0aa13c3aeaff;"SOUS-GROUPE 1";"SOUS_GROUPE";"SOLEIL LEVANT";7;meme-niveau
"sous-groupe 1";772f505a-c745-4a81-b88e-723964f04e0b;"SOUS-GROUPE 1";"SOUS_GROUPE";"AWANE";4;meme-niveau
"sous-groupe 1";77366453-26a3-47d1-b7c2-f488ee4e1031;"SOUS-GROUPE 1";"SOUS_GROUPE";"FUKU'N";1;meme-niveau
"sous-groupe 1";7759afff-d2bb-4ba4-81bd-b4e8b8594498;"SOUS-GROUPE 1";"SOUS_GROUPE";"TCHEVA";5;meme-niveau
"sous-groupe 1";777003ee-39e8-4d78-b2cd-5c16ad4507a6;"SOUS-GROUPE 1";"SOUS_GROUPE";"CAREFOU BEREBY";0;meme-niveau
"sous-groupe 1";77cd482c-7e09-4dfa-94a7-767899bd5501;"SOUS-GROUPE 1";"SOUS_GROUPE";"KUDOKU";5;meme-niveau
"sous-groupe 1";784d990a-5618-4335-a9f8-32bba5d90ad2;"SOUS-GROUPE 1";"SOUS_GROUPE";"SINCERITE";4;meme-niveau
"sous-groupe 1";787039b1-a969-4dee-9e7d-0c85bbddf92d;"SOUS-GROUPE 1";"SOUS_GROUPE";"Ahouabo";4;meme-niveau
"sous-groupe 1";787e406f-7900-4428-9381-885776a8f4f0;"SOUS-GROUPE 1";"SOUS_GROUPE";"LOTUS";3;meme-niveau
"sous-groupe 1";787eeef2-0d5d-49c4-aee0-37afa1d10713;"SOUS-GROUPE 1";"SOUS_GROUPE";"JINZAI";14;meme-niveau
"sous-groupe 1";794711a7-3697-4440-a71b-9b0a0a9cf78d;"SOUS-GROUPE 1";"SOUS_GROUPE";"SHINJO KINGO";6;meme-niveau
"sous-groupe 1";795e73e4-6768-4660-87a5-35d11781eeda;"SOUS-GROUPE 1";"SOUS_GROUPE";"ARHAT";7;meme-niveau
"sous-groupe 1";796217a5-b016-41c0-9cfe-622610183942;"SOUS-GROUPE 1";"SOUS_GROUPE";"JOIE AVEC DAIMOKU";0;meme-niveau
"sous-groupe 1";79662cd8-efa1-497b-9ddb-88811a5373f4;"SOUS-GROUPE 1";"SOUS_GROUPE";"MYO YAKU";4;meme-niveau
"sous-groupe 1";7a5e35ee-118d-4df9-bc60-b3289f93f36c;"SOUS-GROUPE 1";"SOUS_GROUPE";"BANCO";6;meme-niveau
"sous-groupe 1";7a775568-c4bb-4f6a-bf29-1172039fcf8a;"SOUS-GROUPE 1";"SOUS_GROUPE";"CHALENGE";14;meme-niveau
"sous-groupe 1";7aa03a5f-3326-47c8-8661-050a0eb42ecb;"SOUS-GROUPE 1";"SOUS_GROUPE";"OSAKA";4;meme-niveau
"sous-groupe 1";7aa3cab7-b0b6-41c8-84a9-5b561a32371d;"SOUS-GROUPE 1";"SOUS_GROUPE";"CHERRY BLOSSOM";4;meme-niveau
"sous-groupe 1";7bcefc6f-f2af-4b77-be25-23c147d5b235;"SOUS-GROUPE 1";"SOUS_GROUPE";"SHRAMANA";4;meme-niveau
"sous-groupe 1";7c018ab8-80d7-4293-bdc1-0ba4518ac1e4;"SOUS-GROUPE 1";"SOUS_GROUPE";"GANLEU";1;meme-niveau
"sous-groupe 1";7c5d3999-b421-4597-8086-a9f6073db7d6;"SOUS-GROUPE 1";"SOUS_GROUPE";"MYOREN";1;meme-niveau
"sous-groupe 1";7ccf0be2-568d-45e7-8778-60bb9b978767;"SOUS-GROUPE 1";"SOUS_GROUPE";"LOTUS";9;meme-niveau
"sous-groupe 1";7cdff4eb-c0bb-4299-b293-ecc1f6482598;"SOUS-GROUPE 1";"SOUS_GROUPE";"Pharmacie Adja";3;meme-niveau
"sous-groupe 1";7d01c633-da61-468b-8041-4e2cf2553409;"SOUS-GROUPE 1";"SOUS_GROUPE";"RESIDENTIEL";10;meme-niveau
"sous-groupe 1";7d0c4991-52a2-46f0-b9e3-a0b4da78bbb6;"SOUS-GROUPE 1";"SOUS_GROUPE";"BONNE FORTUNE";3;meme-niveau
"sous-groupe 1";7d61b63a-0a60-488c-8d3c-e7b753953b62;"SOUS-GROUPE 1";"SOUS_GROUPE";"FAR BRILLANT DE KABLAKE";6;meme-niveau
"sous-groupe 1";7d7ed99d-e283-4671-b468-be37c8166e4a;"SOUS-GROUPE 1";"SOUS_GROUPE";"ESPOIR 2";3;meme-niveau
"sous-groupe 1";7e2546b0-c421-4305-aea2-14ca88a70877;"SOUS-GROUPE 1";"SOUS_GROUPE";"Carrefour Berthé";4;meme-niveau
"sous-groupe 1";7e4994fb-14ce-4231-892d-4789b290a138;"SOUS-GROUPE 1";"SOUS_GROUPE";"BONHEUR ABSOLU";1;meme-niveau
"sous-groupe 1";7e4a4099-55c0-40a8-ab7f-3d1e3fa63e64;"SOUS-GROUPE 1";"SOUS_GROUPE";"BIA SUD";5;meme-niveau
"sous-groupe 1";7e52d7a1-b2fd-43d5-a1d7-301ce4346b1e;"SOUS-GROUPE 1";"SOUS_GROUPE";"VICTOIRE";3;meme-niveau
"sous-groupe 1";7ea9fe39-3cbd-4cfd-bdd6-182f7a37b445;"SOUS-GROUPE 1";"SOUS_GROUPE";"PREUVE FACTUELLE";3;meme-niveau
"sous-groupe 1";7eb502af-2fcd-4a0b-898e-ee7663bdebe8;"SOUS-GROUPE 1";"SOUS_GROUPE";"FRERE IKEGAMI";5;meme-niveau
"sous-groupe 1";7ecbf8ad-9c9a-4e4a-94d4-965c50acd2ed;"SOUS-GROUPE 1";"SOUS_GROUPE";"ABOUTRES";3;meme-niveau
"sous-groupe 1";7f09ecf1-d6d6-49fb-baf0-94d9464f0391;"SOUS-GROUPE 1";"SOUS_GROUPE";"NOUVELLE GARE";2;meme-niveau
"sous-groupe 1";7f2dee75-f82d-4f48-a3e6-f0f2c97bdbdf;"SOUS-GROUPE 1";"SOUS_GROUPE";"NOVA";2;meme-niveau
"sous-groupe 1";7f8092ce-bfe6-4e59-8653-8a22b345b4a3;"SOUS-GROUPE 1";"SOUS_GROUPE";"PMFA";2;meme-niveau
"sous-groupe 1";8163f6a5-4301-408e-a8e5-5e1619bf9c7b;"SOUS-GROUPE 1";"SOUS_GROUPE";"ACTION";3;meme-niveau
"sous-groupe 1";8172d979-4788-4170-9535-c9f4a12c114c;"SOUS-GROUPE 1";"SOUS_GROUPE";"Groupe 2";7;meme-niveau
"sous-groupe 1";8172fcc4-7240-4f3a-8017-7f1f8506e71b;"SOUS-GROUPE 1";"SOUS_GROUPE";"DEVOTION";3;meme-niveau
"sous-groupe 1";81890932-0e8f-4b24-b936-0bfa34e9054c;"SOUS-GROUPE 1";"SOUS_GROUPE";"EVEIL";2;meme-niveau
"sous-groupe 1";81af71a3-c636-4330-9d9a-abe2436b4c3b;"SOUS-GROUPE 1";"SOUS_GROUPE";"KODO";7;meme-niveau
"sous-groupe 1";81bd1997-ffd3-4343-8fb4-bbbd0c37f281;"SOUS-GROUPE 1";"SOUS_GROUPE";"HARMONIE";6;meme-niveau
"sous-groupe 1";81d2cde8-fbf8-4867-914e-1150be38221e;"SOUS-GROUPE 1";"SOUS_GROUPE";"CEG";5;meme-niveau
"sous-groupe 1";81f8ec3e-b2a7-4668-84ba-147f673d653f;"SOUS-GROUPE 1";"SOUS_GROUPE";"SENSEI IKEDA";4;meme-niveau
"sous-groupe 1";825d8c1a-905c-4e15-88fa-689f8df868d8;"SOUS-GROUPE 1";"SOUS_GROUPE";"KANSAI";5;meme-niveau
"sous-groupe 1";826ab0ed-6247-430b-aea8-0fc78107ae11;"SOUS-GROUPE 1";"SOUS_GROUPE";"RENAISSANCE";5;meme-niveau
"sous-groupe 1";8293d155-c937-4334-8623-677276e62b66;"SOUS-GROUPE 1";"SOUS_GROUPE";"ITAI DOSHIN";2;meme-niveau
"sous-groupe 1";83039756-6dda-4b10-8b2a-33826b78afc0;"SOUS-GROUPE 1";"SOUS_GROUPE";"AURORE";5;meme-niveau
"sous-groupe 1";83309b1b-1de8-4f85-a474-04862b63d869;"SOUS-GROUPE 1";"SOUS_GROUPE";"COEUR DU ROI LION";3;meme-niveau
"sous-groupe 1";833cf393-cbaf-45e4-a03e-d26e1d034218;"SOUS-GROUPE 1";"SOUS_GROUPE";"QOLEIL 2 DJINKPAREDOUO";0;meme-niveau
"sous-groupe 1";838ba8e5-c47c-4240-abde-76b05774f1c3;"SOUS-GROUPE 1";"SOUS_GROUPE";"KUDOKU";3;meme-niveau
"sous-groupe 1";839ac1fa-74ec-42b0-9d2c-19c436170acd;"SOUS-GROUPE 1";"SOUS_GROUPE";"HABITAT";0;meme-niveau
"sous-groupe 1";83a6d8ec-9629-49d4-a10f-0faf49999c22;"SOUS-GROUPE 1";"SOUS_GROUPE";"V15";3;meme-niveau
"sous-groupe 1";83e5ce74-7d92-4deb-8290-28e0a370e9ca;"SOUS-GROUPE 1";"SOUS_GROUPE";"LOTUS";1;meme-niveau
"sous-groupe 1";84105794-3847-4e2d-8e1d-6d32f6273f26;"SOUS-GROUPE 1";"SOUS_GROUPE";"GENERAL TIGRE DE PIERRE";0;meme-niveau
"sous-groupe 1";8435d455-eb78-427c-9513-0eb7de1990bd;"SOUS-GROUPE 1";"SOUS_GROUPE";"PARIS VILLAGE";6;meme-niveau
"sous-groupe 1";84458288-b7fc-4504-bcc0-21b924db9472;"SOUS-GROUPE 1";"SOUS_GROUPE";"SOLEIL DE L'ESPOIR";3;meme-niveau
"sous-groupe 1";847c9df0-f79e-4f47-a78f-ca81d1c18a1b;"SOUS-GROUPE 1";"SOUS_GROUPE";"Revolution humaine";3;meme-niveau
"sous-groupe 1";847cf729-6b23-4be6-874b-3b61bb0ab359;"SOUS-GROUPE 1";"SOUS_GROUPE";"NOMBREUX TRESORS";4;meme-niveau
"sous-groupe 1";853a0276-96a5-42d6-bbe3-3f39d4e34a12;"SOUS-GROUPE 1";"SOUS_GROUPE";"BIADOU";1;meme-niveau
"sous-groupe 1";85a23461-ceaa-4559-8175-4e4948ea76f9;"SOUS-GROUPE 1";"SOUS_GROUPE";"ILE DE SADO";6;meme-niveau
"sous-groupe 1";85b30ee3-0c6f-45d8-8875-755473c03932;"SOUS-GROUPE 1";"SOUS_GROUPE";"EMINENCE";7;meme-niveau
"sous-groupe 1";85c29c36-aad4-4294-86fd-cc4db60bf1cd;"SOUS-GROUPE 1";"SOUS_GROUPE";"EH MIN LA";6;meme-niveau
"sous-groupe 1";85d4a33f-96a4-4eec-abbf-e10ca4972f00;"SOUS-GROUPE 1";"SOUS_GROUPE";"LE SERMENT";3;meme-niveau
"sous-groupe 1";8624d3bf-6eaf-41ed-b3e4-d7c754b21fcd;"SOUS-GROUPE 1";"SOUS_GROUPE";"EKÖEGNOUNOU";5;meme-niveau
"sous-groupe 1";86689e4c-083e-4a4e-97db-cdaf9f8ed37a;"SOUS-GROUPE 1";"SOUS_GROUPE";"KOSEN-RUFU";7;meme-niveau
"sous-groupe 1";86954d6b-b648-481b-ad4e-9d1222570d95;"SOUS-GROUPE 1";"SOUS_GROUPE";"JINZAI";3;meme-niveau
"sous-groupe 1";8700309e-e0e1-4001-9d9c-3c04f277fe48;"SOUS-GROUPE 1";"SOUS_GROUPE";"OWRO";8;meme-niveau
"sous-groupe 1";8715da54-f441-4348-bc28-bbc89e394bec;"SOUS-GROUPE 1";"SOUS_GROUPE";"Groupe 3";1;meme-niveau
"sous-groupe 1";8777caf8-c008-48ca-872f-575bf748f5b8;"SOUS-GROUPE 1";"SOUS_GROUPE";"KÂHÂ VOUDROOR";5;meme-niveau
"sous-groupe 1";879ddbe1-9b59-44b0-ad10-26288b4fa3cb;"SOUS-GROUPE 1";"SOUS_GROUPE";"FORCE VITALE";7;meme-niveau
"sous-groupe 1";87e62648-7ece-448d-aee2-bfd0af9297c2;"SOUS-GROUPE 1";"SOUS_GROUPE";"SOLEIL";6;meme-niveau
"sous-groupe 1";88772b5b-ece0-4915-9956-d2d1f9c2b349;"SOUS-GROUPE 1";"SOUS_GROUPE";"YACOLI";2;meme-niveau
"sous-groupe 1";8888a6c3-603b-45fe-b2e5-3eb3371bf074;"SOUS-GROUPE 1";"SOUS_GROUPE";"SEWEKE 5";3;meme-niveau
"sous-groupe 1";888b3ecf-2716-46e9-bd7c-b771b68c555b;"SOUS-GROUPE 1";"SOUS_GROUPE";"KUDOKU";0;meme-niveau
"sous-groupe 1";889667ae-2d7c-4558-8fc1-946db8ed765f;"SOUS-GROUPE 1";"SOUS_GROUPE";"SOLEIL LEVANT";3;meme-niveau
"sous-groupe 1";88a30536-096e-4c8a-bbf3-91a640635b6a;"SOUS-GROUPE 1";"SOUS_GROUPE";"CAMPEMENT";7;meme-niveau
"sous-groupe 1";88a70df9-fb61-4993-a589-9b9066aecb77;"SOUS-GROUPE 1";"SOUS_GROUPE";"Détermination d'ancienne Gendarmerie";3;meme-niveau
"sous-groupe 1";88cb5b89-e665-4e2f-ac34-d03276e4e561;"SOUS-GROUPE 1";"SOUS_GROUPE";"KANSAI";5;meme-niveau
"sous-groupe 1";88fa9553-45e0-467f-8850-9cc4915a8599;"SOUS-GROUPE 1";"SOUS_GROUPE";"ANGRE 22e";6;meme-niveau
"sous-groupe 1";896ca3db-88a6-46c9-b008-9e4c7678e134;"SOUS-GROUPE 1";"SOUS_GROUPE";"AKOUEDO VILLAGE 1";6;meme-niveau
"sous-groupe 1";89a0859e-cac5-43b8-acc4-75ccd20614f4;"SOUS-GROUPE 1";"SOUS_GROUPE";"NIDALE";8;meme-niveau
"sous-groupe 1";89f5e7e0-67f0-4a80-8a59-89c35ac9667d;"SOUS-GROUPE 1";"SOUS_GROUPE";"PAILLET";2;meme-niveau
"sous-groupe 1";89f8d6de-9579-46e5-a0d8-53bc2d009063;"SOUS-GROUPE 1";"SOUS_GROUPE";"COSMOS";5;meme-niveau
"sous-groupe 1";8af643c6-5e98-4087-bad2-b9e83e5dd041;"SOUS-GROUPE 1";"SOUS_GROUPE";"VICTOIRE";0;meme-niveau
"sous-groupe 1";8afe59ca-8cd7-42d3-8616-187e05986a87;"SOUS-GROUPE 1";"SOUS_GROUPE";"ICHI-RYOKU";11;meme-niveau
"sous-groupe 1";8b04e709-1d6d-4e8c-99bb-9d302f43e990;"SOUS-GROUPE 1";"SOUS_GROUPE";"CŒUR DE LION";1;meme-niveau
"sous-groupe 1";8b6fe6c4-7e7f-4c63-884b-537b85905ca2;"SOUS-GROUPE 1";"SOUS_GROUPE";"NIJI";4;meme-niveau
"sous-groupe 1";8b7526d2-db73-4c4c-9039-757111543353;"SOUS-GROUPE 1";"SOUS_GROUPE";"VICTOIRE";7;meme-niveau
"sous-groupe 1";8baa24a5-4ab0-450f-85c8-bf9a7776e5e7;"SOUS-GROUPE 1";"SOUS_GROUPE";"ICHNEN";7;meme-niveau
"sous-groupe 1";8c45f79a-d616-4091-956e-eab6909dc6b9;"SOUS-GROUPE 1";"SOUS_GROUPE";"NOUVELLE VISION";5;meme-niveau
"sous-groupe 1";8c480f31-4696-4e17-82d6-18f8de90329a;"SOUS-GROUPE 1";"SOUS_GROUPE";"HOJO";2;meme-niveau
"sous-groupe 1";8cd4a305-bae2-4fb0-80dc-f9f7eb2df716;"SOUS-GROUPE 1";"SOUS_GROUPE";"LOTUS D'OR";8;meme-niveau
"sous-groupe 1";8d46ae88-8438-44cd-beb0-6dca694bb092;"SOUS-GROUPE 1";"SOUS_GROUPE";"BIENFAITS";9;meme-niveau
"sous-groupe 1";8dc6c862-a62c-433f-bd0a-6f2d437c84b5;"SOUS-GROUPE 1";"SOUS_GROUPE";"REVOLUTION HUMAINE";11;meme-niveau
"sous-groupe 1";8dd443c4-f842-4853-84a4-14b2aa82bf3a;"SOUS-GROUPE 1";"SOUS_GROUPE";"NIKKO SHONIN";9;meme-niveau
"sous-groupe 1";8dea513e-bc96-4306-8eaa-5161179a0e5b;"SOUS-GROUPE 1";"SOUS_GROUPE";"LE DISCIPLE";10;meme-niveau
"sous-groupe 1";8df05fc6-920f-4fca-bef2-0fdedb84e833;"SOUS-GROUPE 1";"SOUS_GROUPE";"GENERAL TIGRE DE PIERRE";0;meme-niveau
"sous-groupe 1";8e0cd252-8ee0-4e41-ac08-eea9a0e69a5c;"SOUS-GROUPE 1";"SOUS_GROUPE";"SHINSHO";7;meme-niveau
"sous-groupe 1";8e1363f4-39fa-4e53-80dc-16ef9b9a9c60;"SOUS-GROUPE 1";"SOUS_GROUPE";"Sincérité";2;meme-niveau
"sous-groupe 1";8e22d96d-cb0e-4ede-8da2-9e5b472147ef;"SOUS-GROUPE 1";"SOUS_GROUPE";"SOLEIL";6;meme-niveau
"sous-groupe 1";8e6313e6-bd1f-4487-84e4-978e839e5d40;"SOUS-GROUPE 1";"SOUS_GROUPE";"DETERMINATION";0;meme-niveau
"sous-groupe 1";8e92e49d-d722-4b1f-b7da-0cf8c9641de5;"SOUS-GROUPE 1";"SOUS_GROUPE";"VICTIOIRE ABSOLUE";7;meme-niveau
"sous-groupe 1";8ef5501f-a677-44d2-b774-f639b301615a;"SOUS-GROUPE 1";"SOUS_GROUPE";"Cité Verte";1;meme-niveau
"sous-groupe 1";8f190e82-9835-4baf-adc0-edfd8234aaa7;"SOUS-GROUPE 1";"SOUS_GROUPE";"ITAI DOSHIN";7;meme-niveau
"sous-groupe 1";8f291197-3d33-4546-86d4-8bbf3770a5ab;"SOUS-GROUPE 1";"SOUS_GROUPE";"VICTIOIRE ABSOLUE";0;meme-niveau
"sous-groupe 1";8f2f8c50-2533-4d7f-aae6-2f347f4ee82c;"SOUS-GROUPE 1";"SOUS_GROUPE";"Cité Sir";3;meme-niveau
"sous-groupe 1";8fced152-43ae-41aa-b149-21d1678d887b;"SOUS-GROUPE 1";"SOUS_GROUPE";"TRESOR DU BOUDDHA";4;meme-niveau
"sous-groupe 1";8fd1a55b-efa2-4f0e-b0a4-f92e707ac8fb;"SOUS-GROUPE 1";"SOUS_GROUPE";"CERISIER";4;meme-niveau
"sous-groupe 1";90471419-214e-4642-adfd-7ba66e6eafce;"SOUS-GROUPE 1";"SOUS_GROUPE";"BONTEN";3;meme-niveau
"sous-groupe 1";905ea10b-9689-4923-877d-5d638429540c;"SOUS-GROUPE 1";"SOUS_GROUPE";"SHOTEN NANSHI";6;meme-niveau
"sous-groupe 1";9089b156-5a8f-4d88-ae27-ede100fe9e5b;"SOUS-GROUPE 1";"SOUS_GROUPE";"FUCKYO";3;meme-niveau
"sous-groupe 1";9103956a-467e-4244-b925-98511cc1b089;"SOUS-GROUPE 1";"SOUS_GROUPE";"147 LOGEMENT";3;meme-niveau
"sous-groupe 1";911ea7a8-10d2-45c6-9935-1b9cd47163eb;"SOUS-GROUPE 1";"SOUS_GROUPE";"MISSION";3;meme-niveau
"sous-groupe 1";91a598ff-44f5-46c0-98b3-a33fde44a71d;"SOUS-GROUPE 1";"SOUS_GROUPE";"CORRIDOR";18;meme-niveau
"sous-groupe 1";91e79c11-cc56-47aa-af5c-98148ba186a9;"SOUS-GROUPE 1";"SOUS_GROUPE";"NOUVELLE ERE";0;meme-niveau
"sous-groupe 1";92266497-846c-4757-8a27-b5427f08ba9b;"SOUS-GROUPE 1";"SOUS_GROUPE";"BOVIAH";2;meme-niveau
"sous-groupe 1";92a979db-1737-497a-893a-b27571c3c1ae;"SOUS-GROUPE 1";"SOUS_GROUPE";"ZENSHICHIKI";7;meme-niveau
"sous-groupe 1";92fb1e12-23cd-40b2-a275-f79eae0730bb;"SOUS-GROUPE 1";"SOUS_GROUPE";"BLEDI";7;meme-niveau
"sous-groupe 1";9306d673-fba6-4d09-9d14-2262bdc47cee;"SOUS-GROUPE 1";"SOUS_GROUPE";"JIHI";5;meme-niveau
"sous-groupe 1";934638d7-b6a5-4fcd-a49c-6a92833656d4;"SOUS-GROUPE 1";"SOUS_GROUPE";"VICTOIRE";2;meme-niveau
"sous-groupe 1";93b0ef8a-1f2d-466c-898f-6351509997fc;"SOUS-GROUPE 1";"SOUS_GROUPE";"DISCIPLE SINCERE";6;meme-niveau
"sous-groupe 1";947a9482-5220-429d-81fa-78f34442ccb2;"SOUS-GROUPE 1";"SOUS_GROUPE";"RDA";3;meme-niveau
"sous-groupe 1";94de3598-0ce7-4130-a15d-42c7a24fe9b8;"SOUS-GROUPE 1";"SOUS_GROUPE";"CARREFOUR GUEU";1;meme-niveau
"sous-groupe 1";95045d91-088b-4e05-8f88-e8ae3230690e;"SOUS-GROUPE 1";"SOUS_GROUPE";"DEFIS";12;meme-niveau
"sous-groupe 1";9512581c-c1b4-4254-860e-cb74fa91cdd0;"SOUS-GROUPE 1";"SOUS_GROUPE";"BONHEUR";7;meme-niveau
"sous-groupe 1";95543bb8-465d-4468-b033-8a825c558457;"SOUS-GROUPE 1";"SOUS_GROUPE";"Osaka";6;meme-niveau
"sous-groupe 1";9557bfb1-c943-458c-af6b-40c1e293c249;"SOUS-GROUPE 1";"SOUS_GROUPE";"LE SERMENT DE LA VICTOIRE";7;meme-niveau
"sous-groupe 1";9571f20f-2073-47f3-a7d5-44bf6c9655dc;"SOUS-GROUPE 1";"SOUS_GROUPE";"ZAIMU";1;meme-niveau
"sous-groupe 1";95ca3c61-0877-4bed-8551-78c6950357ca;"SOUS-GROUPE 1";"SOUS_GROUPE";"FUKYO";3;meme-niveau
"sous-groupe 1";96747778-763a-4c82-bcd5-bf3f5664d88c;"SOUS-GROUPE 1";"SOUS_GROUPE";"AKOUEDO VILLAGE 4";3;meme-niveau
"sous-groupe 1";968e2f53-c872-4021-b803-ead0dd036c91;"SOUS-GROUPE 1";"SOUS_GROUPE";"KUDOKU";4;meme-niveau
"sous-groupe 1";97049e3e-b270-4af4-bc25-32c674c64a42;"SOUS-GROUPE 1";"SOUS_GROUPE";"TCHIVA";7;meme-niveau
"sous-groupe 1";971e5047-0056-4274-b6ea-dc5ff426ca9c;"SOUS-GROUPE 1";"SOUS_GROUPE";"ESPOIR";3;meme-niveau
"sous-groupe 1";97ba9492-936c-471d-b673-8c58fd5cd2b7;"SOUS-GROUPE 1";"SOUS_GROUPE";"KOKOUEZO";0;meme-niveau
"sous-groupe 1";9815130e-39f8-479c-b214-5e1d114336d2;"SOUS-GROUPE 1";"SOUS_GROUPE";"ITAI DOSHIN";4;meme-niveau
"sous-groupe 1";985a26bb-5196-414c-b4d3-8b544dfb01c4;"SOUS-GROUPE 1";"SOUS_GROUPE";"REVOLUTION";6;meme-niveau
"sous-groupe 1";98a1d88e-c9b6-4f31-b02d-667b02cf901d;"SOUS-GROUPE 1";"SOUS_GROUPE";"ROI LION";6;meme-niveau
"sous-groupe 1";98a5f9ed-d373-4a7d-b2b6-918606013d60;"SOUS-GROUPE 1";"SOUS_GROUPE";"EVEIL DE LOKOA";6;meme-niveau
"sous-groupe 1";98b97fdb-e5d2-4f37-a7fc-2448d7035d25;"SOUS-GROUPE 1";"SOUS_GROUPE";"TOUR AUX TRÉSORS";6;meme-niveau
"sous-groupe 1";98dfd3d8-c809-4b93-a2a2-8b2d152fd304;"SOUS-GROUPE 1";"SOUS_GROUPE";"KUDOKU";12;meme-niveau
"sous-groupe 1";9904de1f-07ef-4f97-addf-9bc7f443f66f;"SOUS-GROUPE 1";"SOUS_GROUPE";"TCHEYERE";4;meme-niveau
"sous-groupe 1";99d5592f-be01-4d6f-8dd3-e73844514209;"SOUS-GROUPE 1";"SOUS_GROUPE";"MOAYE";3;meme-niveau
"sous-groupe 1";99e14c49-2c7f-4b25-95b3-1e1a505262bc;"SOUS-GROUPE 1";"SOUS_GROUPE";"RENAISSANCE";3;meme-niveau
"sous-groupe 1";99fafd3a-5198-46c0-aeda-61e62ecccf01;"SOUS-GROUPE 1";"SOUS_GROUPE";"SHOJU";5;meme-niveau
"sous-groupe 1";9a0ecf80-d149-41ce-bc3a-e9770f44307a;"SOUS-GROUPE 1";"SOUS_GROUPE";"L'ŒIL DU BOUDDHA";0;meme-niveau
"sous-groupe 1";9a5f3375-4eb3-4eaf-a484-17c93aad7125;"SOUS-GROUPE 1";"SOUS_GROUPE";"FUKYO";0;meme-niveau
"sous-groupe 1";9a780304-3611-41f1-b7b4-8219ae92df40;"SOUS-GROUPE 1";"SOUS_GROUPE";"LA JOIE";12;meme-niveau
"sous-groupe 1";9ad1d225-af3e-426e-831e-14304efbce95;"SOUS-GROUPE 1";"SOUS_GROUPE";"AKRALE";8;meme-niveau
"sous-groupe 1";9af7421c-350a-412c-81dc-cc84873620b4;"SOUS-GROUPE 1";"SOUS_GROUPE";"VICTOIRE DE NIAKARA";3;meme-niveau
"sous-groupe 1";9b0743ab-2f33-43c8-bed5-6c021443aa7a;"SOUS-GROUPE 1";"SOUS_GROUPE";"COURAGE";4;meme-niveau
"sous-groupe 1";9ba879b3-b93f-444f-8689-9dd09fd98aca;"SOUS-GROUPE 1";"SOUS_GROUPE";"RENAISSANCE";4;meme-niveau
"sous-groupe 1";9c80294e-4f70-45ba-95cd-32b333f2ff60;"SOUS-GROUPE 1";"SOUS_GROUPE";"SENSEI MAKIGUSHI";3;meme-niveau
"sous-groupe 1";9c81438e-19d3-4cc7-90f7-b3ac510f2559;"SOUS-GROUPE 1";"SOUS_GROUPE";"PREUVE ACTUELLE";5;meme-niveau
"sous-groupe 1";9c971f31-8ba7-4b26-8069-ca6be1cd461a;"SOUS-GROUPE 1";"SOUS_GROUPE";"CITADELLE DE PAIX";5;meme-niveau
"sous-groupe 1";9cc82379-0598-413d-95b3-bad5a8224c82;"SOUS-GROUPE 1";"SOUS_GROUPE";"LOTUS";5;meme-niveau
"sous-groupe 1";9d4d51a1-806f-44dc-81f7-5e61d6cb36ac;"SOUS-GROUPE 1";"SOUS_GROUPE";"S3I";4;meme-niveau
"sous-groupe 1";9d69bb10-6a02-4840-93e6-5e0462c2afee;"SOUS-GROUPE 1";"SOUS_GROUPE";"DETERMINATION";3;meme-niveau
"sous-groupe 1";9d720c8f-8c61-42bc-b792-76eea66fe22b;"SOUS-GROUPE 1";"SOUS_GROUPE";"ITAI DOSHIN";7;meme-niveau
"sous-groupe 1";9d8d3db1-025b-4534-856d-8518f42c8fae;"SOUS-GROUPE 1";"SOUS_GROUPE";"SHAKUBUKU";16;meme-niveau
"sous-groupe 1";9db26699-a02d-42e4-b3d2-6d2736519d33;"SOUS-GROUPE 1";"SOUS_GROUPE";"BODHISATVA";6;meme-niveau
"sous-groupe 1";9e84981a-6f17-4755-9bf0-d35fa18225e0;"SOUS-GROUPE 1";"SOUS_GROUPE";"INP HB";0;meme-niveau
"sous-groupe 1";9e8a096f-799f-4dfe-a452-41d67e2d21f9;"SOUS-GROUPE 1";"SOUS_GROUPE";"TERRE DE SOLEIL";0;meme-niveau
"sous-groupe 1";9e96908d-e35a-4fd5-a12f-24c7617bf52c;"SOUS-GROUPE 1";"SOUS_GROUPE";"ESPERANCE";8;meme-niveau
"sous-groupe 1";9f2a16a0-911c-4a1e-a8c3-6f0defc87f9d;"SOUS-GROUPE 1";"SOUS_GROUPE";"GNATO";3;meme-niveau
"sous-groupe 1";9f7184b8-4128-4f88-aedf-9928d7e063d6;"SOUS-GROUPE 1";"SOUS_GROUPE";"ICHINEN";3;meme-niveau
"sous-groupe 1";9f87e0bf-ab9b-4797-9290-3175ef47fbfc;"SOUS-GROUPE 1";"SOUS_GROUPE";"BONHEUR ABSOLU";2;meme-niveau
"sous-groupe 1";9f9d1b4f-caa9-4f82-9067-ae4dc9b2927d;"SOUS-GROUPE 1";"SOUS_GROUPE";"YOU MYO CHO JIN";0;meme-niveau
"sous-groupe 1";9fe928b4-c308-4ecf-93db-d8baea9c64c7;"SOUS-GROUPE 1";"SOUS_GROUPE";"AGBAN";5;meme-niveau
"sous-groupe 1";a04157fa-9be7-4f1c-87b9-874cbf4f35ef;"SOUS-GROUPE 1";"SOUS_GROUPE";"KUDOKU";4;meme-niveau
"sous-groupe 1";a0725c2c-e5e7-4eac-9ced-cf90d151a3d8;"SOUS-GROUPE 1";"SOUS_GROUPE";"BONHEUR";7;meme-niveau
"sous-groupe 1";a148f722-35a5-44ce-b466-4ffee588e8e9;"SOUS-GROUPE 1";"SOUS_GROUPE";"VICTOIRE";2;meme-niveau
"sous-groupe 1";a1f00d54-3287-4ecc-b489-e4902fca2ccd;"SOUS-GROUPE 1";"SOUS_GROUPE";"LOMOKANKRO";1;meme-niveau
"sous-groupe 1";a2216388-126a-485f-8227-020d2020683b;"SOUS-GROUPE 1";"SOUS_GROUPE";"PREUVE ACTUELLE";0;meme-niveau
"sous-groupe 1";a26fcd4d-149c-4c91-948e-8ee3bb60bd87;"SOUS-GROUPE 1";"SOUS_GROUPE";"GFCI";8;meme-niveau
"sous-groupe 1";a27b3d56-9800-464d-8f07-e4d583f0ac7b;"SOUS-GROUPE 1";"SOUS_GROUPE";"PURETE";0;meme-niveau
"sous-groupe 1";a29de1d0-ff28-4d8c-93f5-d4a6fbed17f4;"SOUS-GROUPE 1";"SOUS_GROUPE";"SOKA";6;meme-niveau
"sous-groupe 1";a2cc2f84-8388-4735-83c7-7b335837d095;"SOUS-GROUPE 1";"SOUS_GROUPE";"ANGRE TERRAIN";12;meme-niveau
"sous-groupe 1";a30f0f4a-12d2-4b4f-b5ba-aac5998a8965;"SOUS-GROUPE 1";"SOUS_GROUPE";"BELIER";3;meme-niveau
"sous-groupe 1";a33b0e56-246e-43ff-aaf5-533f59939e6f;"SOUS-GROUPE 1";"SOUS_GROUPE";"KODOKU";2;meme-niveau
"sous-groupe 1";a3473958-a236-4953-95dd-4f2d9a2d5b5e;"SOUS-GROUPE 1";"SOUS_GROUPE";"MYOHOBEN";6;meme-niveau
"sous-groupe 1";a395a5e1-19b1-497e-bbfc-7351821108d1;"SOUS-GROUPE 1";"SOUS_GROUPE";"KAMAKURA";4;meme-niveau
"sous-groupe 1";a3d15ec1-dc66-4aa8-b2e0-d55bfebc10ad;"SOUS-GROUPE 1";"SOUS_GROUPE";"REVOLUTION";0;meme-niveau
"sous-groupe 1";a4668bba-ab2f-46c9-aa2e-f283376865f8;"SOUS-GROUPE 1";"SOUS_GROUPE";"HOSSI/1";4;meme-niveau
"sous-groupe 1";a4ec3f5c-0825-4901-a5b3-94d037417a3f;"SOUS-GROUPE 1";"SOUS_GROUPE";"PHARMACIE ANOUMABO";4;meme-niveau
"sous-groupe 1";a5212391-0d83-4b57-8abd-7c26dbb72a3d;"SOUS-GROUPE 1";"SOUS_GROUPE";"LAVICTOIRE";4;meme-niveau
"sous-groupe 1";a55227a9-f1ab-49c1-a62c-a2a2f3c0c0b9;"SOUS-GROUPE 1";"SOUS_GROUPE";"ABUTSUBO";7;meme-niveau
"sous-groupe 1";a5570436-b276-45a1-a2be-a64b0f91991e;"SOUS-GROUPE 1";"SOUS_GROUPE";"FROMAGER";5;meme-niveau
"sous-groupe 1";a55b6a51-3aa8-4076-9a00-150fa062680c;"SOUS-GROUPE 1";"SOUS_GROUPE";"EMERAUDE";5;meme-niveau
"sous-groupe 1";a5998179-c370-46dc-982d-15a59ecfa9d6;"SOUS-GROUPE 1";"SOUS_GROUPE";"HARMONIE";4;meme-niveau
"sous-groupe 1";a5e1ea2e-1635-4118-b034-7eb57f95c6de;"SOUS-GROUPE 1";"SOUS_GROUPE";"KOFFISSOKAHA";10;meme-niveau
"sous-groupe 1";a5e9f10f-92b1-45a4-8989-4afde842269e;"SOUS-GROUPE 1";"SOUS_GROUPE";"ITAI DOSHIN 1";3;meme-niveau
"sous-groupe 1";a5f17a49-f3fd-4783-b87c-dda66fbc67c4;"SOUS-GROUPE 1";"SOUS_GROUPE";"SHAKUBUKU";4;meme-niveau
"sous-groupe 1";a64d1ff3-7ab4-4330-8603-ef3c1fe328a6;"SOUS-GROUPE 1";"SOUS_GROUPE";"VALEUREUX MEMBRES";3;meme-niveau
"sous-groupe 1";a67a325f-1066-42b2-8c45-e6f8254e23d9;"SOUS-GROUPE 1";"SOUS_GROUPE";"SOLEIL";7;meme-niveau
"sous-groupe 1";a6b14149-9195-4901-b4b8-dc21ea41fb88;"SOUS-GROUPE 1";"SOUS_GROUPE";"GRABO";7;meme-niveau
"sous-groupe 1";a7a41146-65c6-4bba-b262-a037aa612f93;"SOUS-GROUPE 1";"SOUS_GROUPE";"PREUVE ACTUELLE";33;meme-niveau
"sous-groupe 1";a7e3e3f9-52a7-4462-9240-eed59ee54bf3;"SOUS-GROUPE 1";"SOUS_GROUPE";"VICTOIRE";6;meme-niveau
"sous-groupe 1";a81e6564-596d-422a-a65d-78eb083b18b2;"SOUS-GROUPE 1";"SOUS_GROUPE";"HOJO";0;meme-niveau
"sous-groupe 1";a8d60978-e382-4fb0-8afb-1c1e6d2f7733;"SOUS-GROUPE 1";"SOUS_GROUPE";"FUJI";9;meme-niveau
"sous-groupe 1";a8f1b0c5-e008-47e3-a287-78eda17315e9;"SOUS-GROUPE 1";"SOUS_GROUPE";"N'DAKRO1";5;meme-niveau
"sous-groupe 1";a9181187-408d-4f6b-93df-1b7be39a5468;"SOUS-GROUPE 1";"SOUS_GROUPE";"ROI LION";1;meme-niveau
"sous-groupe 1";a98069ab-b8af-48f1-a8fe-16de0b8f559b;"SOUS-GROUPE 1";"SOUS_GROUPE";"KOUADO";10;meme-niveau
"sous-groupe 1";a9c3291f-9868-4eca-990a-6ca855b315d4;"SOUS-GROUPE 1";"SOUS_GROUPE";"FOI ABSOLUE";6;meme-niveau
"sous-groupe 1";a9c80e43-47db-4873-a2bf-d0cc4de13c21;"SOUS-GROUPE 1";"SOUS_GROUPE";"LE SERMENT DU BONHEUR";3;meme-niveau
"sous-groupe 1";a9e553af-8662-4d82-8550-e622be33e18b;"SOUS-GROUPE 1";"SOUS_GROUPE";"SHISHIKU";2;meme-niveau
"sous-groupe 1";aa5923b6-be14-4c81-bc26-52ea5f7a411c;"SOUS-GROUPE 1";"SOUS_GROUPE";"LOTUS";9;meme-niveau
"sous-groupe 1";aa8d86a8-673b-4f02-bb0a-717e42b3f0b5;"SOUS-GROUPE 1";"SOUS_GROUPE";"DJIWIDOU";9;meme-niveau
"sous-groupe 1";aac45259-9e7d-4f6d-a1be-f814441eb7cf;"SOUS-GROUPE 1";"SOUS_GROUPE";"COLATIER";9;meme-niveau
"sous-groupe 1";ab4c00ab-1050-4697-89df-d1406942350d;"SOUS-GROUPE 1";"SOUS_GROUPE";"BONNE FORTUNE";4;meme-niveau
"sous-groupe 1";ab5a6845-ce42-4371-86d4-f957f92859ec;"SOUS-GROUPE 1";"SOUS_GROUPE";"PERSEVERANCE";6;meme-niveau
"sous-groupe 1";ab92cb5a-d0a4-4cd8-bfa3-d47e9b1237e1;"SOUS-GROUPE 1";"SOUS_GROUPE";"ESPOIR";6;meme-niveau
"sous-groupe 1";ab948845-d2e5-434f-81b6-005b0d9db2b0;"SOUS-GROUPE 1";"SOUS_GROUPE";"ITAI DOSHIN";6;meme-niveau
"sous-groupe 1";ab96ac8e-10c5-4904-b5a5-5687e97f41bc;"SOUS-GROUPE 1";"SOUS_GROUPE";"SADO 1";15;meme-niveau
"sous-groupe 1";ac4ff351-7fd7-4bda-b533-86cd311b1f1e;"SOUS-GROUPE 1";"SOUS_GROUPE";"SALLE DES FETES";6;meme-niveau
"sous-groupe 1";ac734c1f-0524-42a6-8a40-59c5d45c8845;"SOUS-GROUPE 1";"SOUS_GROUPE";"KEN YAKU";3;meme-niveau
"sous-groupe 1";acedffef-75b0-46d3-af49-354ab3822094;"SOUS-GROUPE 1";"SOUS_GROUPE";"HARMONIE";5;meme-niveau
"sous-groupe 1";ad3c06bc-e54e-41ee-8ec5-f3f95a46c533;"SOUS-GROUPE 1";"SOUS_GROUPE";"ASSABOU";3;meme-niveau
"sous-groupe 1";ad4330cb-fd7f-44fb-9d0d-5efdd1413575;"SOUS-GROUPE 1";"SOUS_GROUPE";"20 ARRONDISSEMENT";3;meme-niveau
"sous-groupe 1";adb09ecb-bcf2-4347-8c7c-7b1a0a7da643;"SOUS-GROUPE 1";"SOUS_GROUPE";"SHARIPUTRA";5;meme-niveau
"sous-groupe 1";adf4e9f3-0647-46ed-9afd-8b0e9a2b3264;"SOUS-GROUPE 1";"SOUS_GROUPE";"SOLEIL LEVANT";1;meme-niveau
"sous-groupe 1";ae429dc3-56ba-4e2a-b02c-ca9eb2af42a2;"SOUS-GROUPE 1";"SOUS_GROUPE";"ROI LION";12;meme-niveau
"sous-groupe 1";ae467865-59a9-4799-9168-d1a069b77532;"SOUS-GROUPE 1";"SOUS_GROUPE";"BELLE VILLE";4;meme-niveau
"sous-groupe 1";af2d8277-97fb-4eba-bd03-6691b44b412d;"SOUS-GROUPE 1";"SOUS_GROUPE";"YAJUTSU";7;meme-niveau
"sous-groupe 1";af78ca1a-0cb4-4a8d-b82f-1553e0620d73;"SOUS-GROUPE 1";"SOUS_GROUPE";"RENAISSANCE DOROPO";3;meme-niveau
"sous-groupe 1";af8d617f-acd0-4ae6-9344-0720d4fadced;"SOUS-GROUPE 1";"SOUS_GROUPE";"MITTERRAND 1";11;meme-niveau
"sous-groupe 1";af9c2884-2761-4825-a70e-6fbec5bfea21;"SOUS-GROUPE 1";"SOUS_GROUPE";"SANON";7;meme-niveau
"sous-groupe 1";af9e6bab-0eb0-4298-96f3-d9e8aa53420e;"SOUS-GROUPE 1";"SOUS_GROUPE";"PEASSEU";7;meme-niveau
"sous-groupe 1";afaad97a-c228-499e-814d-2eeca9cd8318;"SOUS-GROUPE 1";"SOUS_GROUPE";"KAVOETCHIVA";6;meme-niveau
"sous-groupe 1";afe43d9b-8765-4481-bf55-0c98cb26440c;"SOUS-GROUPE 1";"SOUS_GROUPE";"VICTIOIRE D'ARRAH";12;meme-niveau
"sous-groupe 1";b03abcfc-f03d-442b-91a0-3eee5edb6303;"SOUS-GROUPE 1";"SOUS_GROUPE";"Mission";6;meme-niveau
"sous-groupe 1";b06b886c-bf48-471c-8897-5885f3c7fecf;"SOUS-GROUPE 1";"SOUS_GROUPE";"LOTUS";7;meme-niveau
"sous-groupe 1";b0eae802-cb59-4a0a-94ee-803b7e837890;"SOUS-GROUPE 1";"SOUS_GROUPE";"WEBJA";14;meme-niveau
"sous-groupe 1";b1005756-0908-4d96-83e9-6333e270672d;"SOUS-GROUPE 1";"SOUS_GROUPE";"DETERMINATION";4;meme-niveau
"sous-groupe 1";b18b1d20-f808-468e-bf2c-179045e8a610;"SOUS-GROUPE 1";"SOUS_GROUPE";"BODHISATTVAS  SORTIS DE TERRE";5;meme-niveau
"sous-groupe 1";b19f76bb-b1d1-4784-ab7b-13d870d7a257;"SOUS-GROUPE 1";"SOUS_GROUPE";"SOLEIL LEVANT";6;meme-niveau
"sous-groupe 1";b1bb4754-ef6e-4940-9764-25252950fb44;"SOUS-GROUPE 1";"SOUS_GROUPE";"Groupe 1";7;meme-niveau
"sous-groupe 1";b1ef72fa-2e5a-483f-b614-7ffb48942738;"SOUS-GROUPE 1";"SOUS_GROUPE";"Groupe 1";6;meme-niveau
"sous-groupe 1";b2082165-5461-4d3f-bec0-b796c7681ca4;"SOUS-GROUPE 1";"SOUS_GROUPE";"FUKYO";4;meme-niveau
"sous-groupe 1";b21103d5-27bd-489b-aa9c-0f2df58c516f;"SOUS-GROUPE 1";"SOUS_GROUPE";"SOLEIL LEVANT";8;meme-niveau
"sous-groupe 1";b2118788-dc91-4cb8-ae47-6d550827923e;"SOUS-GROUPE 1";"SOUS_GROUPE";"KOUDOKU";3;meme-niveau
"sous-groupe 1";b2a68299-568b-45fc-8785-9169fd2146f4;"SOUS-GROUPE 1";"SOUS_GROUPE";"PRINTEMPS";8;meme-niveau
"sous-groupe 1";b2b056f1-753a-4c7f-a303-d3d623963b36;"SOUS-GROUPE 1";"SOUS_GROUPE";"GRANDE MONTAGNE";4;meme-niveau
"sous-groupe 1";b2ef2c6d-fbcc-4748-923f-9168feffc2bb;"SOUS-GROUPE 1";"SOUS_GROUPE";"IKEDA";7;meme-niveau
"sous-groupe 1";b3264239-a899-4328-981a-758afbc8da66;"SOUS-GROUPE 1";"SOUS_GROUPE";"LA VOIE D'OR";11;meme-niveau
"sous-groupe 1";b34ea984-de08-4aff-926b-9312f0a65171;"SOUS-GROUPE 1";"SOUS_GROUPE";"KOSEN RUFU";6;meme-niveau
"sous-groupe 1";b3907bc4-b92f-483d-af6c-c739912f3229;"SOUS-GROUPE 1";"SOUS_GROUPE";"Groupe 4";3;meme-niveau
"sous-groupe 1";b3aa25f3-ff86-4fa4-8a7f-6786e10791b4;"SOUS-GROUPE 1";"SOUS_GROUPE";"DJOMI";5;meme-niveau
"sous-groupe 1";b407cc97-9ea2-4b3b-a141-c2c1301b6523;"SOUS-GROUPE 1";"SOUS_GROUPE";"JOGYO";8;meme-niveau
"sous-groupe 1";b4181830-ff25-4e9e-9024-c4ffd873b24a;"SOUS-GROUPE 1";"SOUS_GROUPE";"YANWROZRAN";7;meme-niveau
"sous-groupe 1";b42a3de9-c114-40dd-84de-8886c44493c3;"SOUS-GROUPE 1";"SOUS_GROUPE";"VICTOIRE ETERNELLE";2;meme-niveau
"sous-groupe 1";b4cecca5-a4ef-41be-8546-ffe68e9f1f1c;"SOUS-GROUPE 1";"SOUS_GROUPE";"SANTAL";8;meme-niveau
"sous-groupe 1";b4d2be84-829d-4d3a-88a2-e119c38b3e9b;"SOUS-GROUPE 1";"SOUS_GROUPE";"FUKYO";6;meme-niveau
"sous-groupe 1";b605a0d3-d96b-46a3-90a9-d176f35532ac;"SOUS-GROUPE 1";"SOUS_GROUPE";"ROI LION";5;meme-niveau
"sous-groupe 1";b664516c-009d-4dcd-8f93-042b42c2887f;"SOUS-GROUPE 1";"SOUS_GROUPE";"JOIE DE LA VICTOIRE";5;meme-niveau
"sous-groupe 1";b6674f4d-c58b-4e0e-ba19-fc22b9023bf0;"SOUS-GROUPE 1";"SOUS_GROUPE";"VICTOIRE";3;meme-niveau
"sous-groupe 1";b685c8b8-40bd-4d5b-8789-cc5dda6b685f;"SOUS-GROUPE 1";"SOUS_GROUPE";"OKOKIKAJI";7;meme-niveau
"sous-groupe 1";b6874d73-516d-4cbe-8f78-1f551457c2cf;"SOUS-GROUPE 1";"SOUS_GROUPE";"ESPOIR";9;meme-niveau
"sous-groupe 1";b68f2cda-c797-454f-a113-01329e8539dc;"SOUS-GROUPE 1";"SOUS_GROUPE";"ITAI DOSHIN";0;meme-niveau
"sous-groupe 1";b7f52fff-b5ea-4e50-ae53-3c389d9c8688;"SOUS-GROUPE 1";"SOUS_GROUPE";"BOLAI";3;meme-niveau
"sous-groupe 1";b80cc963-4eb2-4529-92ac-4d46f501ee00;"SOUS-GROUPE 1";"SOUS_GROUPE";"PALAIS DU B.";4;meme-niveau
"sous-groupe 1";b8325cbc-8edd-4fcf-92c4-55fdd55961bf;"SOUS-GROUPE 1";"SOUS_GROUPE";"EBILASSOKRO";5;meme-niveau
"sous-groupe 1";b84cdd36-9040-4167-9951-a54755d1e692;"SOUS-GROUPE 1";"SOUS_GROUPE";"BIENVENUE";0;meme-niveau
"sous-groupe 1";b92c2d52-4d74-4d10-a023-2243b69e4460;"SOUS-GROUPE 1";"SOUS_GROUPE";"LYCEE";6;meme-niveau
"sous-groupe 1";b975eb1b-d603-4567-8dab-1fbe7c873738;"SOUS-GROUPE 1";"SOUS_GROUPE";"TIMBE ET YOKOLO";4;meme-niveau
"sous-groupe 1";ba6ae556-b4ed-46be-b462-6f83fe1b068b;"SOUS-GROUPE 1";"SOUS_GROUPE";"TERRE PURE";1;meme-niveau
"sous-groupe 1";bab1232f-391f-423a-acfb-5699098df0f6;"SOUS-GROUPE 1";"SOUS_GROUPE";"COMPASSION";4;meme-niveau
"sous-groupe 1";babd5e12-a98e-4de6-ae48-00f2f5e9306e;"SOUS-GROUPE 1";"SOUS_GROUPE";"MAHOU";0;meme-niveau
"sous-groupe 1";bad76621-e7e3-419a-8336-99e605d358a0;"SOUS-GROUPE 1";"SOUS_GROUPE";"TENAM";4;meme-niveau
"sous-groupe 1";baebabdc-2b0f-4fbd-8c01-99e59959b97f;"SOUS-GROUPE 1";"SOUS_GROUPE";"TERRAIN";4;meme-niveau
"sous-groupe 1";bb28a5f8-7638-4567-ba07-cb056f9a769f;"SOUS-GROUPE 1";"SOUS_GROUPE";"ITAI DOSHIN";6;meme-niveau
"sous-groupe 1";bb383cdb-ed4d-4f1a-b8b5-1c636e44b7b6;"SOUS-GROUPE 1";"SOUS_GROUPE";"KITADRIN";8;meme-niveau
"sous-groupe 1";bb931d0a-4495-444a-bda2-26bae7de3f03;"SOUS-GROUPE 1";"SOUS_GROUPE";"AWA";11;meme-niveau
"sous-groupe 1";bba4e410-46ac-4803-a8ad-95c557b78324;"SOUS-GROUPE 1";"SOUS_GROUPE";"EBOTIKOUN";7;meme-niveau
"sous-groupe 1";bbc41179-d67c-4f35-ae9c-eb77fd55db81;"SOUS-GROUPE 1";"SOUS_GROUPE";"ANANGAMAN";13;meme-niveau
"sous-groupe 1";bbc659f3-8ab6-455b-9753-7e385cc65b21;"SOUS-GROUPE 1";"SOUS_GROUPE";"AMITIE";0;meme-niveau
"sous-groupe 1";bbff8cc6-1f5c-4c6a-b111-6ef661c0bcff;"SOUS-GROUPE 1";"SOUS_GROUPE";"VICTOIRE";8;meme-niveau
"sous-groupe 1";bc24f51c-ac52-43d4-8a4c-ab7a793b596e;"SOUS-GROUPE 1";"SOUS_GROUPE";"LOTUS";6;meme-niveau
"sous-groupe 1";bc6f8321-90fa-47e8-9073-ca919adc9b52;"SOUS-GROUPE 1";"SOUS_GROUPE";"TAHAPLEU";0;meme-niveau
"sous-groupe 1";bc827865-1bf6-4002-853e-f63f411a3e11;"SOUS-GROUPE 1";"SOUS_GROUPE";"SOLEIL";5;meme-niveau
"sous-groupe 1";bce530b6-83d0-4f89-b5b2-0e7c6fa4368e;"SOUS-GROUPE 1";"SOUS_GROUPE";"AVENUE 2";4;meme-niveau
"sous-groupe 1";bd3cd735-a834-4a84-a91d-6ea575506f0c;"SOUS-GROUPE 1";"SOUS_GROUPE";"FLEUR DE LOTUS";7;meme-niveau
"sous-groupe 1";bd53caf5-6932-4977-8862-038cac9da9a9;"SOUS-GROUPE 1";"SOUS_GROUPE";"PERSÉVÉRANCE";10;meme-niveau
"sous-groupe 1";bd99f49b-e0f5-4481-86b5-28bff41b85db;"SOUS-GROUPE 1";"SOUS_GROUPE";"KUDOKU";6;meme-niveau
"sous-groupe 1";be08dff8-802b-4493-9653-47c8c4582007;"SOUS-GROUPE 1";"SOUS_GROUPE";"N'GOUANGNAMAN";2;meme-niveau
"sous-groupe 1";be18b660-5d6a-4c56-a048-6c06aea97a8c;"SOUS-GROUPE 1";"SOUS_GROUPE";"VICTOIRE";4;meme-niveau
"sous-groupe 1";be64a36b-cc92-4764-b8d8-b6a7b46f4c9a;"SOUS-GROUPE 1";"SOUS_GROUPE";"DAIMOKU";3;meme-niveau
"sous-groupe 1";be6cad86-63f5-41bd-813b-c762eb615ede;"SOUS-GROUPE 1";"SOUS_GROUPE";"LAZAREKRO";5;meme-niveau
"sous-groupe 1";be9ed690-29c0-492e-b9e3-59436e3886cf;"SOUS-GROUPE 1";"SOUS_GROUPE";"SYMPHONIE";4;meme-niveau
"sous-groupe 1";bebffeb4-a170-41ff-a39d-749f41259f05;"SOUS-GROUPE 1";"SOUS_GROUPE";"ASSIE AKPESSE";13;meme-niveau
"sous-groupe 1";bf2aea6b-ca0f-4221-959e-954ff7a138ff;"SOUS-GROUPE 1";"SOUS_GROUPE";"AGBOFIKAN";0;meme-niveau
"sous-groupe 1";bf2f5983-6305-432d-9812-7b41c19ee136;"SOUS-GROUPE 1";"SOUS_GROUPE";"PREUVE FACTUELLE";1;meme-niveau
"sous-groupe 1";bf9e0fdc-f7f6-4eba-ab52-77a41b93e2b1;"SOUS-GROUPE 1";"SOUS_GROUPE";"DETERMINATION";3;meme-niveau
"sous-groupe 1";bfbaef7d-7941-4a75-90d7-d9f148077268;"SOUS-GROUPE 1";"SOUS_GROUPE";"PIC DU VAUTOUR";0;meme-niveau
"sous-groupe 1";bfd4592c-f8a7-4b1d-9d91-528f2330d26f;"SOUS-GROUPE 1";"SOUS_GROUPE";"NOUVELLE HORIZON";3;meme-niveau
"sous-groupe 1";bfdc1f67-d0b1-481f-9807-fc5e23176e33;"SOUS-GROUPE 1";"SOUS_GROUPE";"SOLEIL";2;meme-niveau
"sous-groupe 1";c0a51f9e-a249-4990-995a-2f5f7be8178d;"SOUS-GROUPE 1";"SOUS_GROUPE";"E-GNANYE";7;meme-niveau
"sous-groupe 1";c0e186bb-dbc8-405d-8d12-fb965c43fb3f;"SOUS-GROUPE 1";"SOUS_GROUPE";"HARMONIE";9;meme-niveau
"sous-groupe 1";c1098c13-fe93-40c5-8baf-3f7096bdb59b;"SOUS-GROUPE 1";"SOUS_GROUPE";"CHÂTEAU";2;meme-niveau
"sous-groupe 1";c1619ba6-03cd-4006-94cc-afcfc9384125;"SOUS-GROUPE 1";"SOUS_GROUPE";"PERSEVERANCE";6;meme-niveau
"sous-groupe 1";c19b22e8-d733-44c2-98ae-6665eb2c300f;"SOUS-GROUPE 1";"SOUS_GROUPE";"HI MAX";3;meme-niveau
"sous-groupe 1";c2028690-5bf8-4589-8d53-e84cc725c33f;"SOUS-GROUPE 1";"SOUS_GROUPE";"MAIRIE";3;meme-niveau
"sous-groupe 1";c23e0ef6-8699-47ff-86af-80b5c340acb2;"SOUS-GROUPE 1";"SOUS_GROUPE";"SHONIN";10;meme-niveau
"sous-groupe 1";c2917643-0f8e-410c-9a21-e897522a26b4;"SOUS-GROUPE 1";"SOUS_GROUPE";"DAÏ-ICHINEN";3;meme-niveau
"sous-groupe 1";c2949217-1ddc-48e2-a755-a210067d4abc;"SOUS-GROUPE 1";"SOUS_GROUPE";"HONMAKUKYOTO";0;meme-niveau
"sous-groupe 1";c2ba3768-7068-428c-83a4-cada4982c08e;"SOUS-GROUPE 1";"SOUS_GROUPE";"CHEMIN DU BONHEUR";2;meme-niveau
"sous-groupe 1";c346e007-05a6-47db-9a9e-4f18d7793585;"SOUS-GROUPE 1";"SOUS_GROUPE";"DEFIS";11;meme-niveau
"sous-groupe 1";c3c95aab-6f53-4f40-b25a-6acad9825eef;"SOUS-GROUPE 1";"SOUS_GROUPE";"ESPOIR 1";3;meme-niveau
"sous-groupe 1";c3cbd197-e876-49e4-89b3-d91f1e048c99;"SOUS-GROUPE 1";"SOUS_GROUPE";"ST JEAN";7;meme-niveau
"sous-groupe 1";c431c9f7-37ef-4715-80b1-5dd4506e1a4f;"SOUS-GROUPE 1";"SOUS_GROUPE";"ROSSHO";2;meme-niveau
"sous-groupe 1";c4cee618-c312-4607-bb34-5f38da05bc56;"SOUS-GROUPE 1";"SOUS_GROUPE";"SADO 2";9;meme-niveau
"sous-groupe 1";c5616c5f-71cf-4d1e-b557-00cba95356b9;"SOUS-GROUPE 1";"SOUS_GROUPE";"REVOLUTION HUMAINE";3;meme-niveau
"sous-groupe 1";c62bd520-fae8-42b5-aee8-d988fe62d257;"SOUS-GROUPE 1";"SOUS_GROUPE";"Legrand";4;meme-niveau
"sous-groupe 1";c662e503-3ec2-4ef1-8bf0-a78c4602ec3b;"SOUS-GROUPE 1";"SOUS_GROUPE";"DJANEDJI";5;meme-niveau
"sous-groupe 1";c6c87241-3bba-4186-bc7c-8925391de346;"SOUS-GROUPE 1";"SOUS_GROUPE";"ITAI DOSHIN";8;meme-niveau
"sous-groupe 1";c73eff5a-aa82-4895-a8f7-83ed02e03331;"SOUS-GROUPE 1";"SOUS_GROUPE";"PREUVE FACTUELLE";6;meme-niveau
"sous-groupe 1";c7541300-2016-469b-97f2-b87bc3a203b4;"SOUS-GROUPE 1";"SOUS_GROUPE";"BONNE FORTUNE";7;meme-niveau
"sous-groupe 1";c7575b91-6334-4ffb-86f4-849048425105;"SOUS-GROUPE 1";"SOUS_GROUPE";"HARMONIE";4;meme-niveau
"sous-groupe 1";c75dc349-1247-473e-b4bd-baad87d97c1f;"SOUS-GROUPE 1";"SOUS_GROUPE";"HABITAT CRAONE";3;meme-niveau
"sous-groupe 1";c7c35263-793a-461e-8f3d-ccb847ccf27e;"SOUS-GROUPE 1";"SOUS_GROUPE";"SOLEIL";1;meme-niveau
"sous-groupe 1";c7ce56b4-4939-447e-a500-39034b82039c;"SOUS-GROUPE 1";"SOUS_GROUPE";"ANOUANZÈ";7;meme-niveau
"sous-groupe 1";c83c3c41-3933-463d-b3a5-03f254f23cc9;"SOUS-GROUPE 1";"SOUS_GROUPE";"DYNAMISME";9;meme-niveau
"sous-groupe 1";c873083b-53d5-454e-aba7-19d9f05243ac;"SOUS-GROUPE 1";"SOUS_GROUPE";"CITE POLICIERE";4;meme-niveau
"sous-groupe 1";c8ae0a1a-a254-4950-b648-421c4b52a1a8;"SOUS-GROUPE 1";"SOUS_GROUPE";"AMIJEC";2;meme-niveau
"sous-groupe 1";c8b75862-7289-4e02-86ce-e9bafc67da18;"SOUS-GROUPE 1";"SOUS_GROUPE";"ANOUMABO SAINT PIERRE";6;meme-niveau
"sous-groupe 1";c939dffc-25af-45d0-bec2-b5c9b33d0834;"SOUS-GROUPE 1";"SOUS_GROUPE";"Dépôt mosquée";5;meme-niveau
"sous-groupe 1";c962397e-c925-4331-97ed-d5ebf3710f67;"SOUS-GROUPE 1";"SOUS_GROUPE";"SHIJO KINGO";3;meme-niveau
"sous-groupe 1";c976312c-b166-480b-900e-639bb317400f;"SOUS-GROUPE 1";"SOUS_GROUPE";"FOI FORTE";2;meme-niveau
"sous-groupe 1";c9bc6ce4-ce35-41d3-9902-2160e32c494a;"SOUS-GROUPE 1";"SOUS_GROUPE";"SOLEIL";1;meme-niveau
"sous-groupe 1";c9d00931-d610-48aa-8d62-7c71138b14a7;"SOUS-GROUPE 1";"SOUS_GROUPE";"BONO SOKU BODAI";9;meme-niveau
"sous-groupe 1";c9d9d7c7-1612-414d-b842-e8d4cb429047;"SOUS-GROUPE 1";"SOUS_GROUPE";"SUTRA DU LOTUS";3;meme-niveau
"sous-groupe 1";ca091a8f-9e69-443e-ae67-2672e1cf0f42;"SOUS-GROUPE 1";"SOUS_GROUPE";"SICOGI";3;meme-niveau
"sous-groupe 1";ca553b54-c552-42af-8355-869fae538526;"SOUS-GROUPE 1";"SOUS_GROUPE";"TOUR AUX TRESORS";4;meme-niveau
"sous-groupe 1";caad3f3f-eaa3-4f06-8820-235ac5a6fd6c;"SOUS-GROUPE 1";"SOUS_GROUPE";"ALEBE";7;meme-niveau
"sous-groupe 1";cb824e0e-d984-4d56-8efe-ac6104ab0f1e;"SOUS-GROUPE 1";"SOUS_GROUPE";"SOLEIL";4;meme-niveau
"sous-groupe 1";cb907c73-9aef-410a-a1a8-c60040662329;"SOUS-GROUPE 1";"SOUS_GROUPE";"PETROCI";5;meme-niveau
"sous-groupe 1";cbd2ef19-c093-4ce0-a593-d4c5a740c6c6;"SOUS-GROUPE 1";"SOUS_GROUPE";"MONASTÈRE";2;meme-niveau
"sous-groupe 1";cbef286b-23d2-4479-873d-cf8edff2de99;"SOUS-GROUPE 1";"SOUS_GROUPE";"KUDOKU";6;meme-niveau
"sous-groupe 1";cc1813e5-effb-4b04-b79f-3fa69be2bf2b;"SOUS-GROUPE 1";"SOUS_GROUPE";"LA TOUR AUX TRESORS";4;meme-niveau
"sous-groupe 1";cc2f7212-b1c4-42e6-9bcb-1e2bfa009e2f;"SOUS-GROUPE 1";"SOUS_GROUPE";"ALIODAN";3;meme-niveau
"sous-groupe 1";cc9e56c3-3e57-4be3-a84f-a7e7cad5c8ec;"SOUS-GROUPE 1";"SOUS_GROUPE";"TROYA";8;meme-niveau
"sous-groupe 1";cca5e2d9-e71d-4dae-acf8-9856b681fbc2;"SOUS-GROUPE 1";"SOUS_GROUPE";"AZOUMANI";3;meme-niveau
"sous-groupe 1";cca61da3-26ef-4771-affa-357ff0d77e46;"SOUS-GROUPE 1";"SOUS_GROUPE";"LOTUS";0;meme-niveau
"sous-groupe 1";ccb450c6-7fa9-428c-b1d6-305df920bc96;"SOUS-GROUPE 1";"SOUS_GROUPE";"ITAI DOSHIN";8;meme-niveau
"sous-groupe 1";cccac918-e6e4-49cf-abc5-3ed9509b3fab;"SOUS-GROUPE 1";"SOUS_GROUPE";"KIBOH";6;meme-niveau
"sous-groupe 1";cd33ad9b-742d-4ecf-a54d-9f6662cbc47d;"SOUS-GROUPE 1";"SOUS_GROUPE";"KANZEON";7;meme-niveau
"sous-groupe 1";cd36e6ca-395c-4f84-ac8f-e510f04d944b;"SOUS-GROUPE 1";"SOUS_GROUPE";"DUOKRO";0;meme-niveau
"sous-groupe 1";cd60c38f-7617-4d02-816c-be6f3ff73862;"SOUS-GROUPE 1";"SOUS_GROUPE";"MYVA";2;meme-niveau
"sous-groupe 1";cd77940b-3283-4462-b0e8-2ed607862a64;"SOUS-GROUPE 1";"SOUS_GROUPE";"GOOFLA";2;meme-niveau
"sous-groupe 1";cda454b9-af0a-4953-b174-b7cbb7becefd;"SOUS-GROUPE 1";"SOUS_GROUPE";"TRESOR DU CŒUR";5;meme-niveau
"sous-groupe 1";cdbc75b3-a4e4-4ec5-8ef0-925c4452d40f;"SOUS-GROUPE 1";"SOUS_GROUPE";"KYOSAI";3;meme-niveau
"sous-groupe 1";ce0023e6-ba1f-40d7-86bc-c674572e6648;"SOUS-GROUPE 1";"SOUS_GROUPE";"DELACELLE";7;meme-niveau
"sous-groupe 1";ce2626b3-a555-4358-9613-cd1f450c37be;"SOUS-GROUPE 1";"SOUS_GROUPE";"DETERMINATION";8;meme-niveau
"sous-groupe 1";ce40f3e7-34ad-4d37-a2a1-0d9c88de8f05;"SOUS-GROUPE 1";"SOUS_GROUPE";"DETERMINATION";9;meme-niveau
"sous-groupe 1";ce481a28-ab72-47a0-a4d9-272f42904333;"SOUS-GROUPE 1";"SOUS_GROUPE";"ITAI DOSHIN";3;meme-niveau
"sous-groupe 1";ce9cd149-0451-4bf2-b1e1-6a651fc42183;"SOUS-GROUPE 1";"SOUS_GROUPE";"ESPERANCE";5;meme-niveau
"sous-groupe 1";cecd63c0-f3b4-4191-bbcf-00c510c7abfd;"SOUS-GROUPE 1";"SOUS_GROUPE";"GBE";0;meme-niveau
"sous-groupe 1";cedc803e-d3bb-4ba0-98e7-005bd5d80520;"SOUS-GROUPE 1";"SOUS_GROUPE";"VICTOIRE";3;meme-niveau
"sous-groupe 1";cede31b3-7a17-416f-8ac8-ad0f18621496;"SOUS-GROUPE 1";"SOUS_GROUPE";"Lycée municipal";4;meme-niveau
"sous-groupe 1";cee839ec-8cae-47c7-9b8d-049ae30734c7;"SOUS-GROUPE 1";"SOUS_GROUPE";"ESPOIR BEINLEU";3;meme-niveau
"sous-groupe 1";cf76d676-a804-40ed-8d59-ae9d567fb487;"SOUS-GROUPE 1";"SOUS_GROUPE";"LUTTE COMMUNE";3;meme-niveau
"sous-groupe 1";cf7e9ad3-9406-49a4-81b3-4ffb788126b3;"SOUS-GROUPE 1";"SOUS_GROUPE";"Azaguié";7;meme-niveau
"sous-groupe 1";cf94bd7d-3d59-4b10-9593-ab2d25b22307;"SOUS-GROUPE 1";"SOUS_GROUPE";"PERSEVERANCE";2;meme-niveau
"sous-groupe 1";d055f98e-6316-46ab-800e-a7f1658a538d;"SOUS-GROUPE 1";"SOUS_GROUPE";"ZOUZOU";3;meme-niveau
"sous-groupe 1";d08b8c61-e137-44d0-8339-7973fbfb841b;"SOUS-GROUPE 1";"SOUS_GROUPE";"Cité concorde";5;meme-niveau
"sous-groupe 1";d0e26e08-2e47-4091-98e9-5598368cbd30;"SOUS-GROUPE 1";"SOUS_GROUPE";"DISCIPLES D'IKEDA";5;meme-niveau
"sous-groupe 1";d18e6550-b7af-46c7-9b28-e03b3be6ab98;"SOUS-GROUPE 1";"SOUS_GROUPE";"ITAI DOSHIN";5;meme-niveau
"sous-groupe 1";d1fe70a3-517e-48f8-a6a2-597c1befac33;"SOUS-GROUPE 1";"SOUS_GROUPE";"NICHI";7;meme-niveau
"sous-groupe 1";d2183a26-2005-4386-b0e0-143f164bd836;"SOUS-GROUPE 1";"SOUS_GROUPE";"CERISIER";4;meme-niveau
"sous-groupe 1";d22ba745-fc58-49ef-8b79-7768282b0bf8;"SOUS-GROUPE 1";"SOUS_GROUPE";"TERRE DE VICTOIRES";3;meme-niveau
"sous-groupe 1";d2579a5a-24a1-4d59-9d23-a19c2c770c77;"SOUS-GROUPE 1";"SOUS_GROUPE";"BOUAFLA";15;meme-niveau
"sous-groupe 1";d2824869-abd2-47f1-9e20-4fc2defeb626;"SOUS-GROUPE 1";"SOUS_GROUPE";"NONIN";9;meme-niveau
"sous-groupe 1";d283c605-3eb8-469a-880e-6c570402d278;"SOUS-GROUPE 1";"SOUS_GROUPE";"Lumière d'ancienne Gendarmerie";3;meme-niveau
"sous-groupe 1";d31602df-8689-46b5-a05b-800b647a6b47;"SOUS-GROUPE 1";"SOUS_GROUPE";"PETIONARA";1;meme-niveau
"sous-groupe 1";d346dfe3-9a71-4bb0-942b-8f59cee5dcfc;"SOUS-GROUPE 1";"SOUS_GROUPE";"SAKIARE";2;meme-niveau
"sous-groupe 1";d372e444-5f5a-471d-adbf-91e1c37044d4;"SOUS-GROUPE 1";"SOUS_GROUPE";"Référence";4;meme-niveau
"sous-groupe 1";d39a5e7a-7a85-41f2-a910-b5202cdf97ff;"SOUS-GROUPE 1";"SOUS_GROUPE";"SHAKUBUKU";7;meme-niveau
"sous-groupe 1";d3e14657-0d14-45d8-966a-9ca6b25eddc8;"SOUS-GROUPE 1";"SOUS_GROUPE";"DJIHI";0;meme-niveau
"sous-groupe 1";d41db199-c5da-4777-84ff-174782145212;"SOUS-GROUPE 1";"SOUS_GROUPE";"DJEREGOUE";0;meme-niveau
"sous-groupe 1";d45583f8-b88b-40b3-a151-324f44cff50e;"SOUS-GROUPE 1";"SOUS_GROUPE";"LA FOI PURE";8;meme-niveau
"sous-groupe 1";d474b136-69e1-4faf-b494-7eab1e961086;"SOUS-GROUPE 1";"SOUS_GROUPE";"LA VOIX MERVEILLEUSE";1;meme-niveau
"sous-groupe 1";d49d2969-fa10-4a09-bcdc-d709bb2c477b;"SOUS-GROUPE 1";"SOUS_GROUPE";"AGBANOU";6;meme-niveau
"sous-groupe 1";d4d08c41-da8a-4352-8f00-4d1ab822cd63;"SOUS-GROUPE 1";"SOUS_GROUPE";"ICHINEN";2;meme-niveau
"sous-groupe 1";d4e4964b-a751-4678-a65f-97e0929ebb74;"SOUS-GROUPE 1";"SOUS_GROUPE";"KOUAMEZIANKRO";1;meme-niveau
"sous-groupe 1";d5792cc0-a868-4fad-8199-4bdd0744de76;"SOUS-GROUPE 1";"SOUS_GROUPE";"Bonheur absolu";2;meme-niveau
"sous-groupe 1";d58ec372-ee40-4f52-9664-103e521f60ab;"SOUS-GROUPE 1";"SOUS_GROUPE";"BONHEUR";9;meme-niveau
"sous-groupe 1";d5ca0357-dcbb-4354-aadb-016a9b44759f;"SOUS-GROUPE 1";"SOUS_GROUPE";"SAGESSE";3;meme-niveau
"sous-groupe 1";d5d36336-11c7-4ec6-809b-3cb49d158656;"SOUS-GROUPE 1";"SOUS_GROUPE";"SHINJIN";2;meme-niveau
"sous-groupe 1";d6087870-6b67-47e4-a750-40019e685f19;"SOUS-GROUPE 1";"SOUS_GROUPE";"Saint moise";4;meme-niveau
"sous-groupe 1";d620e5ff-4bdd-42f2-9070-f28a684045c5;"SOUS-GROUPE 1";"SOUS_GROUPE";"KOGANEI";10;meme-niveau
"sous-groupe 1";d721e3ee-d7a9-4d78-8d1a-73f6bc24b21e;"SOUS-GROUPE 1";"SOUS_GROUPE";"OTTOUTROU";5;meme-niveau
"sous-groupe 1";d7580697-7e9b-4abd-ae1c-61f47bcccc74;"SOUS-GROUPE 1";"SOUS_GROUPE";"DJELIA";6;meme-niveau
"sous-groupe 1";d78f88c7-3edf-4798-aaf6-65cad164002f;"SOUS-GROUPE 1";"SOUS_GROUPE";"HIBISCUS";6;meme-niveau
"sous-groupe 1";d7ac235f-bc42-471d-a7b4-2d72afe4c2dd;"SOUS-GROUPE 1";"SOUS_GROUPE";"SAGESSE DE HIRE";5;meme-niveau
"sous-groupe 1";d8138a0b-87ae-450c-86fa-35cef98bb3ee;"SOUS-GROUPE 1";"SOUS_GROUPE";"CŒUR LARGE";15;meme-niveau
"sous-groupe 1";d83a2d99-ff2d-4cbe-9898-11fa2067d170;"SOUS-GROUPE 1";"SOUS_GROUPE";"LA TOUR AUX TRESORS";5;meme-niveau
"sous-groupe 1";d891d95a-279f-4b80-8926-2a4f310f7144;"SOUS-GROUPE 1";"SOUS_GROUPE";"SOLEIL";6;meme-niveau
"sous-groupe 1";d9872365-1259-491a-a2f1-5b2e2eb131ac;"SOUS-GROUPE 1";"SOUS_GROUPE";"Itratu";2;meme-niveau
"sous-groupe 1";da846dc5-4160-4e68-96d8-f3f8a2a826f2;"SOUS-GROUPE 1";"SOUS_GROUPE";"RÉSIDENTIEL- EST";7;meme-niveau
"sous-groupe 1";da86ab2e-9f28-4274-90d9-ade0c600a494;"SOUS-GROUPE 1";"SOUS_GROUPE";"SOLEIL LEVANT";4;meme-niveau
"sous-groupe 1";db18e5cd-824f-4ea1-b4a5-3bf44dd1cd58;"SOUS-GROUPE 1";"SOUS_GROUPE";"SHINJIN";6;meme-niveau
"sous-groupe 1";db48dea0-2eb0-440e-8b95-34ab50372f8b;"SOUS-GROUPE 1";"SOUS_GROUPE";"VICTOIRE";5;meme-niveau
"sous-groupe 1";db907597-44cc-409d-814c-40698ecc48d2;"SOUS-GROUPE 1";"SOUS_GROUPE";"OPERA";6;meme-niveau
"sous-groupe 1";dc128000-da8b-4918-abcf-dbeb5f3ddda9;"SOUS-GROUPE 1";"SOUS_GROUPE";"ECLATS DE SOLEIL";6;meme-niveau
"sous-groupe 1";dc2233c8-8f19-48d0-8da5-379acbbb61bf;"SOUS-GROUPE 1";"SOUS_GROUPE";"EBEN EZER";4;meme-niveau
"sous-groupe 1";dc436095-af88-485b-9f83-6ee595962e56;"SOUS-GROUPE 1";"SOUS_GROUPE";"SERENITE";4;meme-niveau
"sous-groupe 1";dc6d45d2-63a3-4087-8ee5-1ac5a75fb744;"SOUS-GROUPE 1";"SOUS_GROUPE";"MAI JI SA ZE NIN";1;meme-niveau
"sous-groupe 1";dc8d1ac9-8a96-40a6-a770-bb45e1a60601;"SOUS-GROUPE 1";"SOUS_GROUPE";"ABOBODOUME";3;meme-niveau
"sous-groupe 1";dcb1cc8b-7dd2-4dd4-9cb2-31ab04e6ea39;"SOUS-GROUPE 1";"SOUS_GROUPE";"VICTOIRE POUR SENSEI";2;meme-niveau
"sous-groupe 1";dcf3127c-082b-410e-8645-8c9fa0148270;"SOUS-GROUPE 1";"SOUS_GROUPE";"ANOUANZE";4;meme-niveau
"sous-groupe 1";dd0962c8-e1a7-4a69-85b8-d71508321250;"SOUS-GROUPE 1";"SOUS_GROUPE";"DERRIERE PREFET";5;meme-niveau
"sous-groupe 1";dd3cb213-f6b9-4e72-aa06-38283461de18;"SOUS-GROUPE 1";"SOUS_GROUPE";"ESPOIR DE LA TENE";7;meme-niveau
"sous-groupe 1";dd475980-eac4-428c-856e-35bd368c6d4a;"SOUS-GROUPE 1";"SOUS_GROUPE";"CITE DES ARTS";5;meme-niveau
"sous-groupe 1";dd5f9f5f-9590-4aa0-a2f7-1952d1994f57;"SOUS-GROUPE 1";"SOUS_GROUPE";"CHÂTEAU";4;meme-niveau
"sous-groupe 1";dd9facf1-d28e-47b0-ba67-6b1cca6f783a;"SOUS-GROUPE 1";"SOUS_GROUPE";"YIRI";5;meme-niveau
"sous-groupe 1";ddaad235-77bb-4acc-b62f-7213cb71e2e2;"SOUS-GROUPE 1";"SOUS_GROUPE";"MYOHO";3;meme-niveau
"sous-groupe 1";ddc533c3-3293-408d-b8c1-fb9bd8be2096;"SOUS-GROUPE 1";"SOUS_GROUPE";"FATOUAKRO";0;meme-niveau
"sous-groupe 1";de0e4685-45be-46be-9265-689f996d1017;"SOUS-GROUPE 1";"SOUS_GROUPE";"KOLOA";4;meme-niveau
"sous-groupe 1";de390db0-43b7-4637-9c20-0dfca97ea139;"SOUS-GROUPE 1";"SOUS_GROUPE";"CHINJIN";4;meme-niveau
"sous-groupe 1";de3b3439-4256-41b6-b683-e368fc8ed664;"SOUS-GROUPE 1";"SOUS_GROUPE";"PHARMACIE BIABOU";3;meme-niveau
"sous-groupe 1";de5663af-4de1-4edf-b27e-bbc3a26c4d2c;"SOUS-GROUPE 1";"SOUS_GROUPE";"ROI LION";3;meme-niveau
"sous-groupe 1";de8e0dc8-f57b-471c-8125-ab94ef3ba61b;"SOUS-GROUPE 1";"SOUS_GROUPE";"FLEUR DE LOTUS";13;meme-niveau
"sous-groupe 1";de97960a-0b6e-48f8-9c2b-c4237df46006;"SOUS-GROUPE 1";"SOUS_GROUPE";"Kwado";6;meme-niveau
"sous-groupe 1";dee09d69-1af7-4dfd-9b2f-cd2ae2fd546f;"SOUS-GROUPE 1";"SOUS_GROUPE";"EVEIL";2;meme-niveau
"sous-groupe 1";def56e37-6fe4-4172-8b49-6b3a7ed75eaa;"SOUS-GROUPE 1";"SOUS_GROUPE";"PATIENCE";5;meme-niveau
"sous-groupe 1";df104264-de99-4014-836f-b4989e423264;"SOUS-GROUPE 1";"SOUS_GROUPE";"TAFIRE";4;meme-niveau
"sous-groupe 1";df33cb55-e198-4942-97d5-4ce6441b8480;"SOUS-GROUPE 1";"SOUS_GROUPE";"SOLEIL";0;meme-niveau
"sous-groupe 1";df41cc09-718c-4899-b5ef-9c4a09547070;"SOUS-GROUPE 1";"SOUS_GROUPE";"DETERMINATION";0;meme-niveau
"sous-groupe 1";df464361-b3b1-410f-8a97-55ee34bd5173;"SOUS-GROUPE 1";"SOUS_GROUPE";"BLAISEKRO";4;meme-niveau
"sous-groupe 1";df543a50-a14a-4c14-b5b0-c351b598e742;"SOUS-GROUPE 1";"SOUS_GROUPE";"TOUR AUX TRESORS";9;meme-niveau
"sous-groupe 1";df6b373d-9de4-4947-9a7d-20194cb9157e;"SOUS-GROUPE 1";"SOUS_GROUPE";"LOTUS 1";5;meme-niveau
"sous-groupe 1";dfba620d-e40d-48b0-a011-de52dcfec152;"SOUS-GROUPE 1";"SOUS_GROUPE";"NOBIEL";7;meme-niveau
"sous-groupe 1";dfbb4256-9fec-4f0c-af32-f95925f384be;"SOUS-GROUPE 1";"SOUS_GROUPE";"ITAI DOSHIN 3";5;meme-niveau
"sous-groupe 1";dfe28da0-75bc-4ad5-baf3-af3f5030575e;"SOUS-GROUPE 1";"SOUS_GROUPE";"KORIAKRO";6;meme-niveau
"sous-groupe 1";e00282ad-5344-4043-8517-16f878d8e289;"SOUS-GROUPE 1";"SOUS_GROUPE";"YORO";6;meme-niveau
"sous-groupe 1";e00a6902-0efb-40a4-9361-dfe9cbcfaf63;"SOUS-GROUPE 1";"SOUS_GROUPE";"VICTOIRE";7;meme-niveau
"sous-groupe 1";e043367b-257b-4696-b651-17ec1486cfd2;"SOUS-GROUPE 1";"SOUS_GROUPE";"HÉVÉA";4;meme-niveau
"sous-groupe 1";e072a88c-354d-4e5c-9fd5-5d7ef46b2121;"SOUS-GROUPE 1";"SOUS_GROUPE";"BONHEUR";10;meme-niveau
"sous-groupe 1";e0868199-bc9c-4ad5-a033-71656c7dbeac;"SOUS-GROUPE 1";"SOUS_GROUPE";"PERSEVERANCE";13;meme-niveau
"sous-groupe 1";e08cb3a1-d2f3-40dc-bd40-15a0fa1e104f;"SOUS-GROUPE 1";"SOUS_GROUPE";"ZODAGO";5;meme-niveau
"sous-groupe 1";e0c33066-3c8e-4f08-83f7-8c8a386498e8;"SOUS-GROUPE 1";"SOUS_GROUPE";"BAHI ZAHIRI";4;meme-niveau
"sous-groupe 1";e0d07b7c-850f-4653-bd1c-451e8d6893ec;"SOUS-GROUPE 1";"SOUS_GROUPE";"Issea";2;meme-niveau
"sous-groupe 1";e0d1031d-a308-4902-b8f2-6c6320f662b2;"SOUS-GROUPE 1";"SOUS_GROUPE";"DEFI";1;meme-niveau
"sous-groupe 1";e16918e6-07e0-4b83-bb05-2d78efa6de22;"SOUS-GROUPE 1";"SOUS_GROUPE";"DJROU";10;meme-niveau
"sous-groupe 1";e1920813-cb23-48f6-bcdd-5271ea749bb8;"SOUS-GROUPE 1";"SOUS_GROUPE";"LOTUS";12;meme-niveau
"sous-groupe 1";e1a754c3-dcd6-4a85-84f8-a8fcb918ee10;"SOUS-GROUPE 1";"SOUS_GROUPE";"ESPERANCE";3;meme-niveau
"sous-groupe 1";e1f23b2f-f6a3-402f-b536-6c4698884879;"SOUS-GROUPE 1";"SOUS_GROUPE";"BONNE FORTUNE";5;meme-niveau
"sous-groupe 1";e232760e-ac1a-4efb-8d1e-766696d431a1;"SOUS-GROUPE 1";"SOUS_GROUPE";"ESPOIR";5;meme-niveau
"sous-groupe 1";e2b27b24-7b35-44ce-974d-ea4d55d05080;"SOUS-GROUPE 1";"SOUS_GROUPE";"28 AVRIL";8;meme-niveau
"sous-groupe 1";e2bd41ba-02c5-4b9b-9bc8-01eebb80f021;"SOUS-GROUPE 1";"SOUS_GROUPE";"UNITE";14;meme-niveau
"sous-groupe 1";e32e6069-bf27-434c-9f16-45679b44e89f;"SOUS-GROUPE 1";"SOUS_GROUPE";"Shiteï Funi";4;meme-niveau
"sous-groupe 1";e34927b5-1c45-45e9-b39f-78b288d2e263;"SOUS-GROUPE 1";"SOUS_GROUPE";"DINOSAURE";1;meme-niveau
"sous-groupe 1";e37f1a43-5a04-486a-9e6a-03ab5435d29a;"SOUS-GROUPE 1";"SOUS_GROUPE";"HOBEN";2;meme-niveau
"sous-groupe 1";e3c8cd7e-c4fd-4b70-b563-5cb4379b6706;"SOUS-GROUPE 1";"SOUS_GROUPE";"DAIMOKU";2;meme-niveau
"sous-groupe 1";e3ce2375-cc22-4d0b-8aad-b33bc53e9aff;"SOUS-GROUPE 1";"SOUS_GROUPE";"ITAI DOSHIN";3;meme-niveau
"sous-groupe 1";e3e6c0ff-441f-49af-954c-9fa08b95bee3;"SOUS-GROUPE 1";"SOUS_GROUPE";"CONVICTION";2;meme-niveau
"sous-groupe 1";e40b4e7d-c7d3-47d3-abf2-e89f813c84a1;"SOUS-GROUPE 1";"SOUS_GROUPE";"ITAI DOSHIN";6;meme-niveau
"sous-groupe 1";e443da38-a9d5-429b-ae63-d2b416980571;"SOUS-GROUPE 1";"SOUS_GROUPE";"LOTUS";3;meme-niveau
"sous-groupe 1";e467cac5-ef42-4a2d-a80a-e673bb5b9db4;"SOUS-GROUPE 1";"SOUS_GROUPE";"DETERMINATION";0;meme-niveau
"sous-groupe 1";e488e8f5-4d4f-4eec-9535-97103e69632a;"SOUS-GROUPE 1";"SOUS_GROUPE";"MAINTES TRESOR";0;meme-niveau
"sous-groupe 1";e4c22dd9-147d-4772-b371-814fee332e3b;"SOUS-GROUPE 1";"SOUS_GROUPE";"SENSEI IKEDA";0;meme-niveau
"sous-groupe 1";e50e940a-d1e7-42a4-81d2-ce372a627ccd;"SOUS-GROUPE 1";"SOUS_GROUPE";"ICHINEN";3;meme-niveau
"sous-groupe 1";e591bf16-f052-409e-a7c2-a408169eb075;"SOUS-GROUPE 1";"SOUS_GROUPE";"LUMIERE";10;meme-niveau
"sous-groupe 1";e599d9e2-213c-4e24-8889-70efbcf46b41;"SOUS-GROUPE 1";"SOUS_GROUPE";"Ephrata";9;meme-niveau
"sous-groupe 1";e5a5d184-046a-4c37-8ede-164c6bf1bc4a;"SOUS-GROUPE 1";"SOUS_GROUPE";"SOLEIL LEVANT";4;meme-niveau
"sous-groupe 1";e5c1a4be-7ab2-4e54-852d-bebd26c38931;"SOUS-GROUPE 1";"SOUS_GROUPE";"SOLIDARITE";3;meme-niveau
"sous-groupe 1";e5d82f4a-ef03-42ab-81f6-56414930c4d2;"SOUS-GROUPE 1";"SOUS_GROUPE";"DOUGROUPALENOA";0;meme-niveau
"sous-groupe 1";e5ea9978-a279-4d16-9245-d70b8085e5f4;"SOUS-GROUPE 1";"SOUS_GROUPE";"KANJIN";6;meme-niveau
"sous-groupe 1";e5f119dd-0107-4f1f-b340-861051855a5b;"SOUS-GROUPE 1";"SOUS_GROUPE";"VOZOLO";5;meme-niveau
"sous-groupe 1";e60e6c6e-8d77-4d5a-aca7-2989daf098ed;"SOUS-GROUPE 1";"SOUS_GROUPE";"DJOLO";3;meme-niveau
"sous-groupe 1";e63c09a6-ecc3-4a2e-8110-4148dabf1e7e;"SOUS-GROUPE 1";"SOUS_GROUPE";"M'BOUAFFOUE";5;meme-niveau
"sous-groupe 1";e64d0bab-0205-46a3-b6ab-3cf02d20dafa;"SOUS-GROUPE 1";"SOUS_GROUPE";"IKÉGAMI II";3;meme-niveau
"sous-groupe 1";e65f6ffc-3379-472d-8b22-13be0373f2d8;"SOUS-GROUPE 1";"SOUS_GROUPE";"HARMONIE";4;meme-niveau
"sous-groupe 1";e72cf61e-9964-455a-9ce2-497722887c86;"SOUS-GROUPE 1";"SOUS_GROUPE";"SOSEI";7;meme-niveau
"sous-groupe 1";e765c915-71d8-4a31-b855-70273d86416c;"SOUS-GROUPE 1";"SOUS_GROUPE";"VICTOIRE";3;meme-niveau
"sous-groupe 1";e7881653-b22f-4a4f-8820-2ace322fa571;"SOUS-GROUPE 1";"SOUS_GROUPE";"PREUVE ACTUELLE";2;meme-niveau
"sous-groupe 1";e799f3b2-25ec-4c27-9bff-b44f17af4c84;"SOUS-GROUPE 1";"SOUS_GROUPE";"FOI PUR";1;meme-niveau
"sous-groupe 1";e7ab1338-4be6-4806-b3ce-7f9533b0eea0;"SOUS-GROUPE 1";"SOUS_GROUPE";"ITAI DOSHIN";4;meme-niveau
"sous-groupe 1";e806b848-77d5-4f20-b306-a42e719a9c64;"SOUS-GROUPE 1";"SOUS_GROUPE";"VICTOIRE";3;meme-niveau
"sous-groupe 1";e80cfb50-f390-4f05-91e4-02c038d7ffac;"SOUS-GROUPE 1";"SOUS_GROUPE";"ITAI DOSHIN";4;meme-niveau
"sous-groupe 1";e8a46e95-0c85-4eff-9d3b-4d18d3b5f3e2;"SOUS-GROUPE 1";"SOUS_GROUPE";"SOYA DOSO";6;meme-niveau
"sous-groupe 1";e8b553a0-acd7-404b-a24d-47295594ec04;"SOUS-GROUPE 1";"SOUS_GROUPE";"NANDJELET 2";4;meme-niveau
"sous-groupe 1";e96658be-ceac-4617-9df2-7f35eee646f3;"SOUS-GROUPE 1";"SOUS_GROUPE";"SHAKUBUKU";3;meme-niveau
"sous-groupe 1";e97a105a-88ae-4831-bcb4-a525bddcbb51;"SOUS-GROUPE 1";"SOUS_GROUPE";"KANSAI";4;meme-niveau
"sous-groupe 1";e9c702d3-c934-4ef7-8197-76f4e22fbb6d;"SOUS-GROUPE 1";"SOUS_GROUPE";"ICHINEN";4;meme-niveau
"sous-groupe 1";ea05f8aa-66b9-473e-b1ff-e86c7e567b82;"SOUS-GROUPE 1";"SOUS_GROUPE";"YAKPA";7;meme-niveau
"sous-groupe 1";ea46ab60-763f-4d28-9202-7ea3005b3948;"SOUS-GROUPE 1";"SOUS_GROUPE";"FLAMME D'ESPOIR";4;meme-niveau
"sous-groupe 1";ea8dd8b0-ccec-441d-b009-d226839e6e9c;"SOUS-GROUPE 1";"SOUS_GROUPE";"BODDHI";6;meme-niveau
"sous-groupe 1";eaafd9cd-d574-4915-a5fa-c368f283a4c5;"SOUS-GROUPE 1";"SOUS_GROUPE";"AIZEN";3;meme-niveau
"sous-groupe 1";eb3b72e1-161c-4557-b234-d7531b3d3374;"SOUS-GROUPE 1";"SOUS_GROUPE";"TAPIS ROUGE";5;meme-niveau
"sous-groupe 1";eb7315d7-d398-45a0-8216-74667193c27a;"SOUS-GROUPE 1";"SOUS_GROUPE";"TERRE DE LUMIERE PAISIBLE";5;meme-niveau
"sous-groupe 1";eb8e8886-126f-49ed-afc5-6fd01ae9422f;"SOUS-GROUPE 1";"SOUS_GROUPE";"ICHINEN";6;meme-niveau
"sous-groupe 1";ebe366ca-24e5-4286-b6f3-ca800c808327;"SOUS-GROUPE 1";"SOUS_GROUPE";"TAHO";3;meme-niveau
"sous-groupe 1";ebec6685-66fc-4ae3-adb2-ca23566583e7;"SOUS-GROUPE 1";"SOUS_GROUPE";"KANSAI";0;meme-niveau
"sous-groupe 1";ec40a26a-2429-45da-9023-dfa295b9f3d9;"SOUS-GROUPE 1";"SOUS_GROUPE";"TERMINUS 05";7;meme-niveau
"sous-groupe 1";ec6c1d93-1a6d-4465-821c-355e85b82298;"SOUS-GROUPE 1";"SOUS_GROUPE";"KUDOKU";2;meme-niveau
"sous-groupe 1";ec7b5678-2a80-4e80-9f93-6b54d5036f6e;"SOUS-GROUPE 1";"SOUS_GROUPE";"LES ENFANTS D'IKEDA";4;meme-niveau
"sous-groupe 1";ecb94205-c34c-49ce-8f52-98fe6135eb25;"SOUS-GROUPE 1";"SOUS_GROUPE";"SHAKUBU";7;meme-niveau
"sous-groupe 1";ecc6541f-0d1e-4c71-861e-2ca749d1eefd;"SOUS-GROUPE 1";"SOUS_GROUPE";"KODOKU";4;meme-niveau
"sous-groupe 1";ee116680-46cc-4e4c-955d-4d6b4b785f05;"SOUS-GROUPE 1";"SOUS_GROUPE";"TOUR AUX TRESORS";12;meme-niveau
"sous-groupe 1";ee247d42-fdb0-4d15-8c80-b9a4a3a1c576;"SOUS-GROUPE 1";"SOUS_GROUPE";"CHÂTEAU DU BONHEUR";11;meme-niveau
"sous-groupe 1";eebd2e85-3876-4e87-9d89-64e09a3d39ff;"SOUS-GROUPE 1";"SOUS_GROUPE";"PROGRES";7;meme-niveau
"sous-groupe 1";ef01750a-9d8f-478b-b349-4a8ada0d93fe;"SOUS-GROUPE 1";"SOUS_GROUPE";"HARMONIE 1";3;meme-niveau
"sous-groupe 1";ef149f3e-edda-4dd2-9528-84b9ad1f0c50;"SOUS-GROUPE 1";"SOUS_GROUPE";"HARMONIE";3;meme-niveau
"sous-groupe 1";ef1bb31f-6d23-4692-8be3-23c6832530bc;"SOUS-GROUPE 1";"SOUS_GROUPE";"KUDOKU";5;meme-niveau
"sous-groupe 1";ef1edd89-c539-43fe-ad87-3b9e9776946d;"SOUS-GROUPE 1";"SOUS_GROUPE";"VICTOIRE POUR SENSEI";7;meme-niveau
"sous-groupe 1";ef70f932-b7d1-49a9-9a28-bb29ce50db54;"SOUS-GROUPE 1";"SOUS_GROUPE";"SHIN ISHI";4;meme-niveau
"sous-groupe 1";ef803f57-a7e2-4eab-9d4a-5411b9041244;"SOUS-GROUPE 1";"SOUS_GROUPE";"SEMONS";4;meme-niveau
"sous-groupe 1";efe5b8c1-8511-4f57-89a4-a576a279fca9;"SOUS-GROUPE 1";"SOUS_GROUPE";"KUDOKU";4;meme-niveau
"sous-groupe 1";eff9e905-e324-4257-bfb5-ab51534ffa66;"SOUS-GROUPE 1";"SOUS_GROUPE";"SEIPLEU";1;meme-niveau
"sous-groupe 1";f007a933-2413-435c-97af-1b2fce4a60b1;"SOUS-GROUPE 1";"SOUS_GROUPE";"ATTIENKAHA";12;meme-niveau
"sous-groupe 1";f0389f16-d7b3-4f6c-aa5a-ab35908412b9;"SOUS-GROUPE 1";"SOUS_GROUPE";"JUSTICE";1;meme-niveau
"sous-groupe 1";f095f4e2-bf11-47c4-8e09-18fc0d71d0df;"SOUS-GROUPE 1";"SOUS_GROUPE";"KAIMOKU";1;meme-niveau
"sous-groupe 1";f0aa81e1-e1ce-429e-9f4c-84c6c5578a78;"SOUS-GROUPE 1";"SOUS_GROUPE";"MOROFE";11;meme-niveau
"sous-groupe 1";f0b430f6-d5fb-4932-9751-9924bdd8fefe;"SOUS-GROUPE 1";"SOUS_GROUPE";"BOUDDHEITE";2;meme-niveau
"sous-groupe 1";f0bc3575-709c-468c-a9a9-8ea8bb4dcb37;"SOUS-GROUPE 1";"SOUS_GROUPE";"PERSEVERANCE";7;meme-niveau
"sous-groupe 1";f0c22021-759e-459b-9e5e-f04b88edcf27;"SOUS-GROUPE 1";"SOUS_GROUPE";"SIPIM 2A";2;meme-niveau
"sous-groupe 1";f0eecc55-31e8-4c2b-954c-d9561f427ea3;"SOUS-GROUPE 1";"SOUS_GROUPE";"GROUPE 1";2;meme-niveau
"sous-groupe 1";f0f2b5b8-abdb-415f-829d-99de5982432e;"SOUS-GROUPE 1";"SOUS_GROUPE";"VICTOIRE ABSOLUE";0;meme-niveau
"sous-groupe 1";f1a448cb-611d-408f-82d5-bef1555ad10f;"SOUS-GROUPE 1";"SOUS_GROUPE";"SOLEIL";7;meme-niveau
"sous-groupe 1";f208bd62-7c1f-4f36-8c7c-6084a65c07c5;"SOUS-GROUPE 1";"SOUS_GROUPE";"DJEKANOU";2;meme-niveau
"sous-groupe 1";f243b116-2b54-4783-85cc-af2d65caa3aa;"SOUS-GROUPE 1";"SOUS_GROUPE";"KANJIN";2;meme-niveau
"sous-groupe 1";f2f39e98-8df5-40f8-90e3-ee8280d9a701;"SOUS-GROUPE 1";"SOUS_GROUPE";"VICTOIRE";5;meme-niveau
"sous-groupe 1";f33843d4-0d3d-4c14-998d-1cf9f950f62b;"SOUS-GROUPE 1";"SOUS_GROUPE";"LE MONT DE LA VICTOIRE";0;meme-niveau
"sous-groupe 1";f367cafa-7606-45d6-ae01-61c44be0b293;"SOUS-GROUPE 1";"SOUS_GROUPE";"PERSEVERENCE";1;meme-niveau
"sous-groupe 1";f383c0a6-e08a-46c5-92c5-c51e7a507e9a;"SOUS-GROUPE 1";"SOUS_GROUPE";"LE ROI LION";8;meme-niveau
"sous-groupe 1";f41de93f-fe43-4dc6-8d2c-d752758f190b;"SOUS-GROUPE 1";"SOUS_GROUPE";"ESPOIR";1;meme-niveau
"sous-groupe 1";f43e7f53-e0fb-49c3-b19a-d3e928d30d8a;"SOUS-GROUPE 1";"SOUS_GROUPE";"DEFIS";5;meme-niveau
"sous-groupe 1";f492baff-987f-44f8-a697-1f90155e1cfe;"SOUS-GROUPE 1";"SOUS_GROUPE";"VICTOIRE";7;meme-niveau
"sous-groupe 1";f4e8de3b-ad55-4d5d-bccc-4299850e34c5;"SOUS-GROUPE 1";"SOUS_GROUPE";"SOLEIL D'ESPOIR";5;meme-niveau
"sous-groupe 1";f509598b-a1c5-447a-9830-184f207bfe81;"SOUS-GROUPE 1";"SOUS_GROUPE";"ESPERANCE";3;meme-niveau
"sous-groupe 1";f5379567-c0db-4b4f-ad02-65154781321e;"SOUS-GROUPE 1";"SOUS_GROUPE";"SICOGI 3";3;meme-niveau
"sous-groupe 1";f5f6dfd6-19f1-4e24-9a97-e145e680ac99;"SOUS-GROUPE 1";"SOUS_GROUPE";"SHIKOKU";4;meme-niveau
"sous-groupe 1";f66fb90a-5ed0-40f6-a629-0982820f685d;"SOUS-GROUPE 1";"SOUS_GROUPE";"SUTRA DU LOTUS";0;meme-niveau
"sous-groupe 1";f6a69eb2-9406-4b30-8fb4-4e2dd97f3ad8;"SOUS-GROUPE 1";"SOUS_GROUPE";"FLEUR DU LOTUS";8;meme-niveau
"sous-groupe 1";f70ce4a8-72c2-4638-bdb8-a7008677017b;"SOUS-GROUPE 1";"SOUS_GROUPE";"RUGISSEMENT DU LION";4;meme-niveau
"sous-groupe 1";f75d5eb3-5d0e-4dc2-8c12-f95aa6de7baa;"SOUS-GROUPE 1";"SOUS_GROUPE";"REVOLUTION HUMAINE";1;meme-niveau
"sous-groupe 1";f7d07b49-20b0-4885-85f6-cbad8019d043;"SOUS-GROUPE 1";"SOUS_GROUPE";"Groupe 3";6;meme-niveau
"sous-groupe 1";f7db0ffa-d92e-4c25-a1e8-1b35b4c05990;"SOUS-GROUPE 1";"SOUS_GROUPE";"ZOADO ZAGUINE";2;meme-niveau
"sous-groupe 1";f854ddac-3fa8-4f34-830d-652c9fc78a08;"SOUS-GROUPE 1";"SOUS_GROUPE";"VICTOIRE";4;meme-niveau
"sous-groupe 1";f8db6c1c-bbf5-49e9-b6b4-3942b18fd07b;"SOUS-GROUPE 1";"SOUS_GROUPE";"ITAÏ DOSHIN";3;meme-niveau
"sous-groupe 1";f91f3825-31e9-485b-95de-17669213eaba;"SOUS-GROUPE 1";"SOUS_GROUPE";"DAIMOKU";8;meme-niveau
"sous-groupe 1";f9342a75-9018-446f-858e-3cc2acd3dc62;"SOUS-GROUPE 1";"SOUS_GROUPE";"OSHAKU KEMPON";7;meme-niveau
"sous-groupe 1";f9609646-40ad-4bec-8ccb-0d9b6c621f52;"SOUS-GROUPE 1";"SOUS_GROUPE";"SOLEIL LEVANT";8;meme-niveau
"sous-groupe 1";f9999da2-2a16-45ab-9449-7f9ac6e67306;"SOUS-GROUPE 1";"SOUS_GROUPE";"SEI- SEU";8;meme-niveau
"sous-groupe 1";f9a9e88d-8b0f-40dc-ae75-ba6629f03124;"SOUS-GROUPE 1";"SOUS_GROUPE";"MOAYE";6;meme-niveau
"sous-groupe 1";f9e220f2-e3e4-4e49-a323-f07295de02bc;"SOUS-GROUPE 1";"SOUS_GROUPE";"ZENSHICHIKI";4;meme-niveau
"sous-groupe 1";f9e4a0dd-6718-4acc-a189-cbc8a6f65d49;"SOUS-GROUPE 1";"SOUS_GROUPE";"ZENSHICHIKI";4;meme-niveau
"sous-groupe 1";fa6c0961-a2f0-4970-a65a-4ece0572ac99;"SOUS-GROUPE 1";"SOUS_GROUPE";"MOSSIKRO";6;meme-niveau
"sous-groupe 1";fb0a49cd-eb09-423d-a25b-943221e76b15;"SOUS-GROUPE 1";"SOUS_GROUPE";"FLEUR DE LOTUS";8;meme-niveau
"sous-groupe 1";fb2b1922-73ba-4b57-9802-21cd2f344349;"SOUS-GROUPE 1";"SOUS_GROUPE";"MITTERRAND 3";6;meme-niveau
"sous-groupe 1";fba7fe28-9e95-4da1-bb03-7d8245b2dde2;"SOUS-GROUPE 1";"SOUS_GROUPE";"GBIGLOA";1;meme-niveau
"sous-groupe 1";fbad1b1b-31f7-4053-a347-7f8f90024fd8;"SOUS-GROUPE 1";"SOUS_GROUPE";"SOLEIL";8;meme-niveau
"sous-groupe 1";fbb5ee93-0448-49ec-bea7-309b180f20ac;"SOUS-GROUPE 1";"SOUS_GROUPE";"ESPOIR SOKA";8;meme-niveau
"sous-groupe 1";fc7f314d-2412-45ef-b6f6-53ddc948b1cf;"SOUS-GROUPE 1";"SOUS_GROUPE";"Gare Adja";2;meme-niveau
"sous-groupe 1";fcad4c29-ef8b-4cf0-9bb0-d0b03ba24952;"SOUS-GROUPE 1";"SOUS_GROUPE";"AKLOMIBLA";5;meme-niveau
"sous-groupe 1";fcd425f7-b2c7-4d16-9a12-58b737a965f3;"SOUS-GROUPE 1";"SOUS_GROUPE";"NAMASTE";5;meme-niveau
"sous-groupe 1";fcf0e012-3248-44bf-a7a2-1ecc6400942c;"SOUS-GROUPE 1";"SOUS_GROUPE";"FINANGNON";4;meme-niveau
"sous-groupe 1";fcf9fd64-6c81-4420-a7bf-f43749d41acb;"SOUS-GROUPE 1";"SOUS_GROUPE";"FUKYO";4;meme-niveau
"sous-groupe 1";fd1e8947-953c-4248-b039-2a011fe151bc;"SOUS-GROUPE 1";"SOUS_GROUPE";"SADO";0;meme-niveau
"sous-groupe 1";fd3b5fd8-5735-4733-8ce1-669fa7c7bae0;"SOUS-GROUPE 1";"SOUS_GROUPE";"MAINTES TRESOR";0;meme-niveau
"sous-groupe 1";fd55568f-96ff-4a53-a19c-319e928fee9a;"SOUS-GROUPE 1";"SOUS_GROUPE";"REVOLUTION HUMAINE";0;meme-niveau
"sous-groupe 1";fd70e0c7-884a-4ac5-b79d-f4a015ae6296;"SOUS-GROUPE 1";"SOUS_GROUPE";"YAMAMOTO";5;meme-niveau
"sous-groupe 1";fd89a59a-4f5e-4998-be84-a6369adfb1f3;"SOUS-GROUPE 1";"SOUS_GROUPE";"YOU MYO CHO JIN";11;meme-niveau
"sous-groupe 1";fe350aed-4a07-4280-adcc-8f11a5e2ca7d;"SOUS-GROUPE 1";"SOUS_GROUPE";"PARISLEONARD";4;meme-niveau
"sous-groupe 1";fedea244-9e04-4727-8de4-502d113db3b5;"SOUS-GROUPE 1";"SOUS_GROUPE";"SETAO";4;meme-niveau
"sous-groupe 1";fee07253-794f-4e83-ad1d-8ed3be912059;"SOUS-GROUPE 1";"SOUS_GROUPE";"DOGBO";2;meme-niveau
"sous-groupe 1";ff2ff9f8-2418-4ac8-8535-1195aae8c538;"SOUS-GROUPE 1";"SOUS_GROUPE";"VICTOIRE";6;meme-niveau
"sous-groupe 1";ff5dd294-3983-4fa2-b856-32d47fa07a78;"SOUS-GROUPE 1";"SOUS_GROUPE";"PERSEVERANCE";5;meme-niveau
"sous-groupe 1";ff77355b-f21e-4886-a1ca-13329d6c9658;"SOUS-GROUPE 1";"SOUS_GROUPE";"NEOZE";4;meme-niveau
"sous-groupe 2";005c4b5d-609e-41a6-adad-d04c0f411ac0;"SOUS-GROUPE 2";"SOUS_GROUPE";"BIA SUD";1;meme-niveau
"sous-groupe 2";00ae9825-ae9b-48a8-b6ea-41502411029a;"SOUS-GROUPE 2";"SOUS_GROUPE";"ITAI DOSHIN";6;meme-niveau
"sous-groupe 2";01b8beb9-1046-431d-9040-408f7a8a7d4b;"SOUS-GROUPE 2";"SOUS_GROUPE";"PROGRES ECLATANT";0;meme-niveau
"sous-groupe 2";01f60df6-db20-4e69-b2a4-4b786b734678;"SOUS-GROUPE 2";"SOUS_GROUPE";"PERSEVERANCE";3;meme-niveau
"sous-groupe 2";020d59bf-2697-4d7a-b156-af81da23da65;"SOUS-GROUPE 2";"SOUS_GROUPE";"VICTOIRE ETERNELLE";2;meme-niveau
"sous-groupe 2";026545bc-a5f5-4ae1-b5bd-13db0c90383d;"SOUS-GROUPE 2";"SOUS_GROUPE";"ESPOIR DE LA TENE";8;meme-niveau
"sous-groupe 2";033e5da8-81ea-4ec1-96e5-b97bbab62e46;"SOUS-GROUPE 2";"SOUS_GROUPE";"ESPOIR";3;meme-niveau
"sous-groupe 2";035b18b9-ef4b-4d38-8f36-4da4bde483dd;"SOUS-GROUPE 2";"SOUS_GROUPE";"GOGOKRO";0;meme-niveau
"sous-groupe 2";03ac7e07-14b5-4422-a5fd-80b12e127414;"SOUS-GROUPE 2";"SOUS_GROUPE";"AIZEN";12;meme-niveau
"sous-groupe 2";04105bf0-f508-4e9c-b1b7-adfe2f820a40;"SOUS-GROUPE 2";"SOUS_GROUPE";"COLATIER";3;meme-niveau
"sous-groupe 2";045f6c90-6f44-4b0b-b604-46a0435efeb9;"SOUS-GROUPE 2";"SOUS_GROUPE";"EVEIL DE LOKOA";5;meme-niveau
"sous-groupe 2";04807917-f419-498b-9555-ecca3ab8c6c0;"SOUS-GROUPE 2";"SOUS_GROUPE";"Hotel le granite";2;meme-niveau
"sous-groupe 2";04ba8035-2c55-43bd-a04d-234ec2306a8d;"SOUS-GROUPE 2";"SOUS_GROUPE";"ZIOGOUALE";0;meme-niveau
"sous-groupe 2";04ec97d9-72b2-4692-8931-fe4931cec4cd;"SOUS-GROUPE 2";"SOUS_GROUPE";"SÊYÊYÊ";6;meme-niveau
"sous-groupe 2";05149f6a-f357-4f26-99b1-c7211cd50fb5;"SOUS-GROUPE 2";"SOUS_GROUPE";"Référence";2;meme-niveau
"sous-groupe 2";058e44b1-99eb-4c50-aeff-1ce7a69395ba;"SOUS-GROUPE 2";"SOUS_GROUPE";"DEFIS";0;meme-niveau
"sous-groupe 2";06af38b2-8b21-4e01-937c-46c71ad6c5b5;"SOUS-GROUPE 2";"SOUS_GROUPE";"ILE DE SADO";0;meme-niveau
"sous-groupe 2";0783c713-748a-4e1d-8666-1336d83e6b9c;"SOUS-GROUPE 2";"SOUS_GROUPE";"ENDOKU YAKU";3;meme-niveau
"sous-groupe 2";079d1ae2-4564-462f-986b-cb6fc6df6864;"SOUS-GROUPE 2";"SOUS_GROUPE";"ESPOIR 2";3;meme-niveau
"sous-groupe 2";07c8675b-f450-4187-b160-ce66e427f2a5;"SOUS-GROUPE 2";"SOUS_GROUPE";"VICTOIRE";2;meme-niveau
"sous-groupe 2";0825bbe6-0196-4ec7-b220-290ddf69d6de;"SOUS-GROUPE 2";"SOUS_GROUPE";"ST JEAN";3;meme-niveau
"sous-groupe 2";08437e34-25b4-45f0-b8b4-03f12a5ca8e8;"SOUS-GROUPE 2";"SOUS_GROUPE";"MAINTES TRESORS";5;meme-niveau
"sous-groupe 2";089bfd13-1bcc-4eb4-9041-c6aafd736833;"SOUS-GROUPE 2";"SOUS_GROUPE";"SUCCES";7;meme-niveau
"sous-groupe 2";09235e9e-2680-45ee-a761-1fb326ff8015;"SOUS-GROUPE 2";"SOUS_GROUPE";"KUDOKU";3;meme-niveau
"sous-groupe 2";097d0b55-12fc-40d0-9dfb-cff0351d4a3d;"SOUS-GROUPE 2";"SOUS_GROUPE";"KAVOETCHIVA";0;meme-niveau
"sous-groupe 2";09d440bf-de8b-4fc5-95a4-6661d9a2e763;"SOUS-GROUPE 2";"SOUS_GROUPE";"SOLIDARITE";3;meme-niveau
"sous-groupe 2";0a6fefe8-5214-4182-b528-f633f163ef57;"SOUS-GROUPE 2";"SOUS_GROUPE";"KANSAI";0;meme-niveau
"sous-groupe 2";0ac4ba44-4fc1-4516-943a-8090986270f5;"SOUS-GROUPE 2";"SOUS_GROUPE";"KYOSAI";5;meme-niveau
"sous-groupe 2";0ada6320-4041-40e0-adf4-502bb4d59b33;"SOUS-GROUPE 2";"SOUS_GROUPE";"INCHALLAH 1";0;meme-niveau
"sous-groupe 2";0af8c186-5de3-4991-9e97-1ea23dfa1364;"SOUS-GROUPE 2";"SOUS_GROUPE";"Kwado";0;meme-niveau
"sous-groupe 2";0b3a1210-513b-4562-98b6-c90feb8ad71d;"SOUS-GROUPE 2";"SOUS_GROUPE";"SUTRA DU LOTUS";4;meme-niveau
"sous-groupe 2";0b967755-b32a-4b72-af0a-c6db982064cc;"SOUS-GROUPE 2";"SOUS_GROUPE";"KAOKA";4;meme-niveau
"sous-groupe 2";0baca985-5a7e-49b4-b9fa-380547b4bf95;"SOUS-GROUPE 2";"SOUS_GROUPE";"SHARIPUTRA";5;meme-niveau
"sous-groupe 2";0c01bce3-6e92-40d6-93ac-9ac55395ebea;"SOUS-GROUPE 2";"SOUS_GROUPE";"ITAI DOSHIN 2";4;meme-niveau
"sous-groupe 2";0c63d98f-7e07-453a-8374-41e62108bcfb;"SOUS-GROUPE 2";"SOUS_GROUPE";"LES PERLES";0;meme-niveau
"sous-groupe 2";0cb07646-1dc9-4442-a1da-3a17581ec3dd;"SOUS-GROUPE 2";"SOUS_GROUPE";"ICHINEN";2;meme-niveau
"sous-groupe 2";0cfca172-7d1e-4fed-b6ea-165b8978078e;"SOUS-GROUPE 2";"SOUS_GROUPE";"BIENVENUE";0;meme-niveau
"sous-groupe 2";0d264cdc-4227-4074-baad-15a31fa6c71a;"SOUS-GROUPE 2";"SOUS_GROUPE";"LES 3 TRESORS";6;meme-niveau
"sous-groupe 2";0d7ed5d4-e689-460e-a81b-cdf1398cfdb0;"SOUS-GROUPE 2";"SOUS_GROUPE";"Marie archange";9;meme-niveau
"sous-groupe 2";0d80e29b-3541-48ad-8538-dd835b6e24d6;"SOUS-GROUPE 2";"SOUS_GROUPE";"ICHINEN";6;meme-niveau
"sous-groupe 2";0d838b1e-b690-4183-9bc6-17847f3f7d12;"SOUS-GROUPE 2";"SOUS_GROUPE";"SINCÉRITÉ";3;meme-niveau
"sous-groupe 2";0edba94f-b7d2-487c-94b2-474aa379abce;"SOUS-GROUPE 2";"SOUS_GROUPE";"PÉ";1;meme-niveau
"sous-groupe 2";0edfb18f-1be1-47ca-9b7f-6d68601f7a94;"SOUS-GROUPE 2";"SOUS_GROUPE";"SIPIM 2A";4;meme-niveau
"sous-groupe 2";0ef50ae5-238d-400e-8d5c-aa7dfbe4e376;"SOUS-GROUPE 2";"SOUS_GROUPE";"ROI LION";1;meme-niveau
"sous-groupe 2";0f042315-7007-4bbf-9395-30067e0c9b91;"SOUS-GROUPE 2";"SOUS_GROUPE";"SOULEY";3;meme-niveau
"sous-groupe 2";0f39a2c9-884f-43f9-b7e5-74b24d6e50a6;"SOUS-GROUPE 2";"SOUS_GROUPE";"Bonheur absolu";3;meme-niveau
"sous-groupe 2";0f64d010-9fbc-4902-88d3-b12c3aecc310;"SOUS-GROUPE 2";"SOUS_GROUPE";"VICTOIRE";4;meme-niveau
"sous-groupe 2";0f846413-dce6-42d4-8827-b9a1eacaa13f;"SOUS-GROUPE 2";"SOUS_GROUPE";"BODHISATVA";0;meme-niveau
"sous-groupe 2";0f88bdda-0c4f-4881-be9f-8729052dddda;"SOUS-GROUPE 2";"SOUS_GROUPE";"ITAI DOSHIN";3;meme-niveau
"sous-groupe 2";0f8cd979-8387-406e-aa64-5ae8789f4990;"SOUS-GROUPE 2";"SOUS_GROUPE";"SHONIN";3;meme-niveau
"sous-groupe 2";104702e7-5aa4-4640-aef5-e27c0073455f;"SOUS-GROUPE 2";"SOUS_GROUPE";"FUKYO";7;meme-niveau
"sous-groupe 2";10632bff-0da0-44a9-b6dc-525d55f168ab;"SOUS-GROUPE 2";"SOUS_GROUPE";"LUTTE COMMUNE";4;meme-niveau
"sous-groupe 2";106e1a70-337a-4ad4-abad-f72fbcfc679d;"SOUS-GROUPE 2";"SOUS_GROUPE";"HOSSI/1";5;meme-niveau
"sous-groupe 2";106e6a1e-1adb-4ea7-93de-f246e8bcaf9c;"SOUS-GROUPE 2";"SOUS_GROUPE";"ESPERANCE DE KRAMASS";2;meme-niveau
"sous-groupe 2";107a3196-887b-4f40-ba3c-3c944601f42e;"SOUS-GROUPE 2";"SOUS_GROUPE";"PERSEVERANCE";2;meme-niveau
"sous-groupe 2";107ce205-a911-42a0-9295-18b6727e4b71;"SOUS-GROUPE 2";"SOUS_GROUPE";"ANOUANZE";3;meme-niveau
"sous-groupe 2";121be01c-059e-49f6-8bc5-f48cdb88c32d;"SOUS-GROUPE 2";"SOUS_GROUPE";"KLOPLOU";2;meme-niveau
"sous-groupe 2";1238a0e0-94b4-4a35-b4ae-ea54e4ff4965;"SOUS-GROUPE 2";"SOUS_GROUPE";"REVOLUTION HUMAINE";0;meme-niveau
"sous-groupe 2";1238f11f-4e72-4e05-9bd8-dcbfce54a43d;"SOUS-GROUPE 2";"SOUS_GROUPE";"PIONNIERS";0;meme-niveau
"sous-groupe 2";12f2d0ff-74dd-49a5-b759-2807a77fb436;"SOUS-GROUPE 2";"SOUS_GROUPE";"ARHAT";7;meme-niveau
"sous-groupe 2";130d062c-57ba-40b7-b299-7f88a42ddd98;"SOUS-GROUPE 2";"SOUS_GROUPE";"FLEUR DE LOTUS";2;meme-niveau
"sous-groupe 2";13101c4e-5d36-4760-90af-23c680a82444;"SOUS-GROUPE 2";"SOUS_GROUPE";"LOTUS";1;meme-niveau
"sous-groupe 2";132e2e7e-91d6-4599-9808-b192ce026c57;"SOUS-GROUPE 2";"SOUS_GROUPE";"TERRE DE LUMIERE PAISIBLE";4;meme-niveau
"sous-groupe 2";133d4801-9920-4efb-8590-34df960603d7;"SOUS-GROUPE 2";"SOUS_GROUPE";"LOTUS";9;meme-niveau
"sous-groupe 2";1353471e-2231-4240-ba97-521d199b66f3;"SOUS-GROUPE 2";"SOUS_GROUPE";"FUKYO";1;meme-niveau
"sous-groupe 2";137224c4-53a1-4bbe-a4aa-6bf871da5b82;"SOUS-GROUPE 2";"SOUS_GROUPE";"HONMAKUKYOTO";3;meme-niveau
"sous-groupe 2";138a4e30-a2f7-4883-8130-73c3284aa5b3;"SOUS-GROUPE 2";"SOUS_GROUPE";"HABITAT CRAONE";0;meme-niveau
"sous-groupe 2";1447ae72-87f1-4d9f-a8dc-441dc916600d;"SOUS-GROUPE 2";"SOUS_GROUPE";"SOWETO";2;meme-niveau
"sous-groupe 2";153d29ca-07a8-4b4b-8a0e-c0677c972c25;"SOUS-GROUPE 2";"SOUS_GROUPE";"KÂHÂ VOUDROOR";0;meme-niveau
"sous-groupe 2";15c64108-5de3-4264-8bce-c4d076729db1;"SOUS-GROUPE 2";"SOUS_GROUPE";"AGBAN";3;meme-niveau
"sous-groupe 2";16a7a76f-3427-4896-a6b9-72ac7b39f601;"SOUS-GROUPE 2";"SOUS_GROUPE";"VICTOIRE";3;meme-niveau
"sous-groupe 2";16bc0f85-93f5-438f-8ac1-c6855f13fcb1;"SOUS-GROUPE 2";"SOUS_GROUPE";"PROGRES";0;meme-niveau
"sous-groupe 2";170792cf-e5f4-4203-a27a-ba1f353674d4;"SOUS-GROUPE 2";"SOUS_GROUPE";"TERRE DE SOLEIL";5;meme-niveau
"sous-groupe 2";172fde6d-f9d0-4ed6-9b5c-3628afa43d4e;"SOUS-GROUPE 2";"SOUS_GROUPE";"SOLEIL LEVANT";11;meme-niveau
"sous-groupe 2";17e5ebaa-25a4-457c-9b48-b1b0326ac464;"SOUS-GROUPE 2";"SOUS_GROUPE";"FOI ABSOLUE";3;meme-niveau
"sous-groupe 2";182c6788-0e98-45f1-be7b-9563843f4c42;"SOUS-GROUPE 2";"SOUS_GROUPE";"MAIRIE";6;meme-niveau
"sous-groupe 2";185c0c9d-f535-4177-9453-4158283f2928;"SOUS-GROUPE 2";"SOUS_GROUPE";"NOUVEL ERE";2;meme-niveau
"sous-groupe 2";1874fcf1-dfd3-4dbb-8786-9c5afd6046d2;"SOUS-GROUPE 2";"SOUS_GROUPE";"SAGESSE DE HIRE";2;meme-niveau
"sous-groupe 2";189381b2-1493-40da-895d-207078308d51;"SOUS-GROUPE 2";"SOUS_GROUPE";"EHUA";3;meme-niveau
"sous-groupe 2";18f0e3d6-78fc-4fa3-97f5-812bd11ce975;"SOUS-GROUPE 2";"SOUS_GROUPE";"REVOLUTION HUMAINE";2;meme-niveau
"sous-groupe 2";19a98e0d-e7be-42ad-8f21-5ec378c21ab5;"SOUS-GROUPE 2";"SOUS_GROUPE";"SOLEIL LEVANT";6;meme-niveau
"sous-groupe 2";19bc205f-7866-46f6-929e-c32af67abab7;"SOUS-GROUPE 2";"SOUS_GROUPE";"SOLEIL LEVANT";3;meme-niveau
"sous-groupe 2";1a3994a5-c36d-4885-9147-5597e04940d2;"SOUS-GROUPE 2";"SOUS_GROUPE";"SOLEIL";4;meme-niveau
"sous-groupe 2";1a488a7b-516f-415c-87ba-ba8d3c6a788d;"SOUS-GROUPE 2";"SOUS_GROUPE";"ITAI DOSHIN";2;meme-niveau
"sous-groupe 2";1b2594a8-a007-45fc-8168-06a543ae6276;"SOUS-GROUPE 2";"SOUS_GROUPE";"SOLEIL LEVANT";0;meme-niveau
"sous-groupe 2";1b5931b5-e7b1-4fcc-a8fb-447e469890d0;"SOUS-GROUPE 2";"SOUS_GROUPE";"TODA";4;meme-niveau
"sous-groupe 2";1b6aa748-de29-4f0a-b276-52c20543cd43;"SOUS-GROUPE 2";"SOUS_GROUPE";"HOPITAUX";8;meme-niveau
"sous-groupe 2";1b6e94e8-5d45-403a-96d5-b5b1fa79136f;"SOUS-GROUPE 2";"SOUS_GROUPE";"SHISHIKU";3;meme-niveau
"sous-groupe 2";1c47336c-01e8-4077-aec8-763b47c20b0f;"SOUS-GROUPE 2";"SOUS_GROUPE";"PETROCI";4;meme-niveau
"sous-groupe 2";1c922fee-980b-423f-8d5e-2cb03cc8e325;"SOUS-GROUPE 2";"SOUS_GROUPE";"PHARE D'ESPOIR";0;meme-niveau
"sous-groupe 2";1cb5a7cc-b02e-44a2-98e2-8f22b26d30f2;"SOUS-GROUPE 2";"SOUS_GROUPE";"KUDOKU";5;meme-niveau
"sous-groupe 2";1cdbabcf-f334-4ee1-a31d-1420c728324f;"SOUS-GROUPE 2";"SOUS_GROUPE";"ROI LION";3;meme-niveau
"sous-groupe 2";1d86f545-64f5-40ad-8606-5524b14def36;"SOUS-GROUPE 2";"SOUS_GROUPE";"VICTOIRE ETERNELLE";5;meme-niveau
"sous-groupe 2";1e4ae2a5-7160-4293-820a-eab8f3cde4a2;"SOUS-GROUPE 2";"SOUS_GROUPE";"VICTOIRE";0;meme-niveau
"sous-groupe 2";1e9329b9-07d3-45b1-acbd-5a8351b2a104;"SOUS-GROUPE 2";"SOUS_GROUPE";"ESPOIRE";0;meme-niveau
"sous-groupe 2";1f0ce0ea-3aa4-4d63-a45b-b6aed58cba4d;"SOUS-GROUPE 2";"SOUS_GROUPE";"BONNE FORTUNE";3;meme-niveau
"sous-groupe 2";1f13f5b3-577e-4588-a268-9cd3cb3e0d38;"SOUS-GROUPE 2";"SOUS_GROUPE";"DETERMINATION";4;meme-niveau
"sous-groupe 2";1f2a51bf-8107-4d11-9c2e-69dac415cd25;"SOUS-GROUPE 2";"SOUS_GROUPE";"SETAO";1;meme-niveau
"sous-groupe 2";1f5c5df7-f0f6-40fc-9411-ebbc95a3961e;"SOUS-GROUPE 2";"SOUS_GROUPE";"VICTOIRE ETERNELLE";7;meme-niveau
"sous-groupe 2";1f8b1af8-00e9-4167-9ac3-23956d25d66a;"SOUS-GROUPE 2";"SOUS_GROUPE";"CITE POLICIERE";6;meme-niveau
"sous-groupe 2";1fbe0fc9-80f0-4c13-aa20-e1370d90db68;"SOUS-GROUPE 2";"SOUS_GROUPE";"ESPOIR";7;meme-niveau
"sous-groupe 2";1fc86a31-b115-41fb-8dff-f0e50785e2ca;"SOUS-GROUPE 2";"SOUS_GROUPE";"FUKU'N";5;meme-niveau
"sous-groupe 2";1fc95469-b0eb-4793-b19d-592a75a1679c;"SOUS-GROUPE 2";"SOUS_GROUPE";"JINZAI 2";2;meme-niveau
"sous-groupe 2";1ffde870-d0e1-4987-aa02-b4a896e2f0ff;"SOUS-GROUPE 2";"SOUS_GROUPE";"Itratu";0;meme-niveau
"sous-groupe 2";20f8dd0a-0a43-4fe3-82af-558f6c39cd4f;"SOUS-GROUPE 2";"SOUS_GROUPE";"Groupe 3";2;meme-niveau
"sous-groupe 2";219e230d-ff7d-431c-ab55-d143c42a1013;"SOUS-GROUPE 2";"SOUS_GROUPE";"GROUPE TOUBA";6;meme-niveau
"sous-groupe 2";21b8a14c-223d-41d7-8fba-ddd7239b42d9;"SOUS-GROUPE 2";"SOUS_GROUPE";"RESIDENTIEL";2;meme-niveau
"sous-groupe 2";21ccc3fd-e9f1-4573-a886-6bee3357b6bb;"SOUS-GROUPE 2";"SOUS_GROUPE";"FRATERNITE";5;meme-niveau
"sous-groupe 2";21facc11-2a9f-401d-afc0-2272d902076b;"SOUS-GROUPE 2";"SOUS_GROUPE";"DJOMI";4;meme-niveau
"sous-groupe 2";22637698-01b8-4714-8a3a-ce93b4bfd5ef;"SOUS-GROUPE 2";"SOUS_GROUPE";"SHONIN";2;meme-niveau
"sous-groupe 2";227bc33d-7afb-4e66-8a75-5677613559c6;"SOUS-GROUPE 2";"SOUS_GROUPE";"BIENFAITS";3;meme-niveau
"sous-groupe 2";22c53501-054b-46b8-9183-7968f610d826;"SOUS-GROUPE 2";"SOUS_GROUPE";"AMITIE";0;meme-niveau
"sous-groupe 2";23b5ebcc-6a8c-4f7e-a02a-72c4182ab08b;"SOUS-GROUPE 2";"SOUS_GROUPE";"VICTOIRE";4;meme-niveau
"sous-groupe 2";243e812d-44b4-426f-9abf-0128b1c80ae5;"SOUS-GROUPE 2";"SOUS_GROUPE";"SOLEIL LEVANT";4;meme-niveau
"sous-groupe 2";244089bc-3f3e-40a4-87e7-356cb6decf8b;"SOUS-GROUPE 2";"SOUS_GROUPE";"KANJIN";5;meme-niveau
"sous-groupe 2";245c931f-8481-4017-ab0f-b8c29ebeb9a3;"SOUS-GROUPE 2";"SOUS_GROUPE";"JOGYO";2;meme-niveau
"sous-groupe 2";247bf840-eac2-4748-afa8-766566343448;"SOUS-GROUPE 2";"SOUS_GROUPE";"ZOUMADRE";6;meme-niveau
"sous-groupe 2";24844eed-7bd9-4526-84d4-5bd97b0eaef1;"SOUS-GROUPE 2";"SOUS_GROUPE";"ILLUMINATION";5;meme-niveau
"sous-groupe 2";24a036e5-e9cb-4122-a402-716fded1fa1e;"SOUS-GROUPE 2";"SOUS_GROUPE";"BONNE FORTUNE";1;meme-niveau
"sous-groupe 2";24cb85d2-57b0-4a00-a5f5-d4f3418eb52c;"SOUS-GROUPE 2";"SOUS_GROUPE";"SHINJIN";3;meme-niveau
"sous-groupe 2";24dfa53b-3bb5-4812-b194-58598a225f60;"SOUS-GROUPE 2";"SOUS_GROUPE";"LOTUS";4;meme-niveau
"sous-groupe 2";24ecddc4-47f2-4550-89a9-bee8d62c5c65;"SOUS-GROUPE 2";"SOUS_GROUPE";"Groupe 2";3;meme-niveau
"sous-groupe 2";255436f4-8eff-4a82-852f-9d865e67318d;"SOUS-GROUPE 2";"SOUS_GROUPE";"ASSABOU";6;meme-niveau
"sous-groupe 2";258ad025-7058-4ed2-b7f6-e9929dff19e9;"SOUS-GROUPE 2";"SOUS_GROUPE";"KUDOKU";4;meme-niveau
"sous-groupe 2";25d69684-63c3-40ba-9652-0caaa4ce9edf;"SOUS-GROUPE 2";"SOUS_GROUPE";"VICTOIRE";0;meme-niveau
"sous-groupe 2";264c4478-4c8c-4386-b17c-790544e9101c;"SOUS-GROUPE 2";"SOUS_GROUPE";"SADO 1";8;meme-niveau
"sous-groupe 2";26b4dde1-e451-4535-93b9-ba6685208a66;"SOUS-GROUPE 2";"SOUS_GROUPE";"SOLEIL LEVANT";9;meme-niveau
"sous-groupe 2";277b3e40-0bf6-42c6-a942-fdb89fe5e28b;"SOUS-GROUPE 2";"SOUS_GROUPE";"NANDJELET 2";3;meme-niveau
"sous-groupe 2";279e817e-8ee2-470e-b6ef-44d186c10f79;"SOUS-GROUPE 2";"SOUS_GROUPE";"LIBERTÉ";0;meme-niveau
"sous-groupe 2";27a29c76-f492-476d-ba44-ee6e3e439f63;"SOUS-GROUPE 2";"SOUS_GROUPE";"PROVIDENCE";8;meme-niveau
"sous-groupe 2";27a767bd-8eb5-4d84-9548-e3f75e5deadc;"SOUS-GROUPE 2";"SOUS_GROUPE";"ZOMADRE";4;meme-niveau
"sous-groupe 2";27b068c3-1f1f-47db-a480-955650b1e515;"SOUS-GROUPE 2";"SOUS_GROUPE";"Lumière d'ancienne Gendarmerie";1;meme-niveau
"sous-groupe 2";27ca2dea-8f0d-4ca1-aa62-fb471501befd;"SOUS-GROUPE 2";"SOUS_GROUPE";"BONHEUR ABSOLU";2;meme-niveau
"sous-groupe 2";2844852b-83fb-4f85-bfac-59096b7842ea;"SOUS-GROUPE 2";"SOUS_GROUPE";"Agnissankoi village";3;meme-niveau
"sous-groupe 2";2882bb6b-8dcc-4513-86ef-20e967e92970;"SOUS-GROUPE 2";"SOUS_GROUPE";"AKOUEDO ANANGUIE";0;meme-niveau
"sous-groupe 2";28b5c2a8-fee8-4f5c-bf62-81515d55a2d2;"SOUS-GROUPE 2";"SOUS_GROUPE";"L'ŒIL DU BOUDDHA";10;meme-niveau
"sous-groupe 2";28e3e852-81fc-4065-a264-7dd3d89efad5;"SOUS-GROUPE 2";"SOUS_GROUPE";"SEI- SEU";3;meme-niveau
"sous-groupe 2";28edac32-0db2-480b-83fc-a053250ac476;"SOUS-GROUPE 2";"SOUS_GROUPE";"VICTOIRE ABSOLUE";7;meme-niveau
"sous-groupe 2";291e7f40-7f1b-4e91-bf41-e37a08fce7b0;"SOUS-GROUPE 2";"SOUS_GROUPE";"GRANDE MONTAGNE";3;meme-niveau
"sous-groupe 2";29802b15-42df-435c-a40f-2ae971439a22;"SOUS-GROUPE 2";"SOUS_GROUPE";"OSAKA";3;meme-niveau
"sous-groupe 2";29ceda3d-4c74-4e61-ba0e-9fe389ee04c0;"SOUS-GROUPE 2";"SOUS_GROUPE";"HARMONIE";0;meme-niveau
"sous-groupe 2";2a28406f-65e2-48a9-af78-3baeaa4550fd;"SOUS-GROUPE 2";"SOUS_GROUPE";"ANOUANZÈ";3;meme-niveau
"sous-groupe 2";2a4c9319-b27c-40df-9eb6-867cddd54f1b;"SOUS-GROUPE 2";"SOUS_GROUPE";"Osaka";4;meme-niveau
"sous-groupe 2";2a7149ab-0d78-4a3e-9068-9b4d6473c87c;"SOUS-GROUPE 2";"SOUS_GROUPE";"JINZAI 1";2;meme-niveau
"sous-groupe 2";2ac2593b-9df3-4a84-82d0-ac53d150d3b4;"SOUS-GROUPE 2";"SOUS_GROUPE";"NIJI";2;meme-niveau
"sous-groupe 2";2ac80c3e-d464-4290-9544-56320602679a;"SOUS-GROUPE 2";"SOUS_GROUPE";"FUKYO";2;meme-niveau
"sous-groupe 2";2c1461eb-d1c4-4885-9a0f-a1cfb04decc4;"SOUS-GROUPE 2";"SOUS_GROUPE";"LOTUS";5;meme-niveau
"sous-groupe 2";2cb868ca-bf8b-4445-8020-b1c53b74fa87;"SOUS-GROUPE 2";"SOUS_GROUPE";"BOYA";9;meme-niveau
"sous-groupe 2";2cbb2893-11db-4987-b89e-f309c02d0b36;"SOUS-GROUPE 2";"SOUS_GROUPE";"ICHINEN";4;meme-niveau
"sous-groupe 2";2cbebce3-dc72-4187-8a69-ca259429f6f9;"SOUS-GROUPE 2";"SOUS_GROUPE";"KEN YAKU";1;meme-niveau
"sous-groupe 2";2d00e049-04a8-4385-b215-53def3623e2c;"SOUS-GROUPE 2";"SOUS_GROUPE";"KUDOKU";1;meme-niveau
"sous-groupe 2";2d185319-cfd6-464b-8edc-3c392ff10f92;"SOUS-GROUPE 2";"SOUS_GROUPE";"N'GOUANGNAMAN";4;meme-niveau
"sous-groupe 2";2e32707a-f3ce-4872-8837-4494bfc1560a;"SOUS-GROUPE 2";"SOUS_GROUPE";"ICHI-RYOKU";1;meme-niveau
"sous-groupe 2";2e36939e-880b-4653-8664-4a6b465efdc3;"SOUS-GROUPE 2";"SOUS_GROUPE";"MYVA";7;meme-niveau
"sous-groupe 2";2eafd6f4-880b-498b-9353-03f08d7199e5;"SOUS-GROUPE 2";"SOUS_GROUPE";"ABOBODOUME";4;meme-niveau
"sous-groupe 2";2ec47e42-3b8d-4d00-9684-e32f3c6f32d2;"SOUS-GROUPE 2";"SOUS_GROUPE";"ACTION";6;meme-niveau
"sous-groupe 2";2ed411f9-892a-4291-af2e-7237f9a6cd79;"SOUS-GROUPE 2";"SOUS_GROUPE";"PIONNIER";11;meme-niveau
"sous-groupe 2";2f6d4401-b5c2-4a41-b626-85e4a76eb405;"SOUS-GROUPE 2";"SOUS_GROUPE";"DYNAMIQUE";4;meme-niveau
"sous-groupe 2";2f968b6e-ee15-45bb-937a-9b73ec7f0af6;"SOUS-GROUPE 2";"SOUS_GROUPE";"SOLÈFÊ";4;meme-niveau
"sous-groupe 2";2fc46a96-9e07-48a9-92e7-cf2e4652241d;"SOUS-GROUPE 2";"SOUS_GROUPE";"MILLIONNAIRE";2;meme-niveau
"sous-groupe 2";30a2701d-76bc-4a52-83d8-bea34771ce2b;"SOUS-GROUPE 2";"SOUS_GROUPE";"LOTUS 1";4;meme-niveau
"sous-groupe 2";30cb5de1-9315-4c42-ab25-e810b4164ef1;"SOUS-GROUPE 2";"SOUS_GROUPE";"BONHEUR ABSOLU";5;meme-niveau
"sous-groupe 2";30d47ce1-8dbe-403b-a99d-fc9321521c30;"SOUS-GROUPE 2";"SOUS_GROUPE";"ARTISANAL";1;meme-niveau
"sous-groupe 2";30db900d-30fc-4333-afa3-c0d02f149b50;"SOUS-GROUPE 2";"SOUS_GROUPE";"G10";0;meme-niveau
"sous-groupe 2";318f4a62-dc26-4005-835b-938358a79c54;"SOUS-GROUPE 2";"SOUS_GROUPE";"SHOJU";3;meme-niveau
"sous-groupe 2";31cea8b2-e731-413c-aae5-9489787e6ac6;"SOUS-GROUPE 2";"SOUS_GROUPE";"ESPOIR INFINI";3;meme-niveau
"sous-groupe 2";31e31574-93ff-4223-81e8-690fc8958c94;"SOUS-GROUPE 2";"SOUS_GROUPE";"NOUVELLE ESPOIR";5;meme-niveau
"sous-groupe 2";32914931-4b9e-4ddb-b513-b9f1da77832b;"SOUS-GROUPE 2";"SOUS_GROUPE";"NOUVEAU DEPART";1;meme-niveau
"sous-groupe 2";33320553-1f9e-4dd4-8ce7-9fcf950fc056;"SOUS-GROUPE 2";"SOUS_GROUPE";"YAOKRO";0;meme-niveau
"sous-groupe 2";338ad5f0-822a-4000-98e5-5ad314737791;"SOUS-GROUPE 2";"SOUS_GROUPE";"ESPOIR";6;meme-niveau
"sous-groupe 2";33c1d96c-0495-44fe-9eed-a5851011322c;"SOUS-GROUPE 2";"SOUS_GROUPE";"BOUDDHISATTVA";10;meme-niveau
"sous-groupe 2";3428490b-5ac3-4412-ad09-470f2c1480b8;"SOUS-GROUPE 2";"SOUS_GROUPE";"REVOLUTION";8;meme-niveau
"sous-groupe 2";34417ef9-9507-4a8e-bd61-3b6bcffe1ba6;"SOUS-GROUPE 2";"SOUS_GROUPE";"HARMONIE 2";1;meme-niveau
"sous-groupe 2";34e975dc-9239-44cb-b05b-0b0593d65515;"SOUS-GROUPE 2";"SOUS_GROUPE";"CAMPUS";0;meme-niveau
"sous-groupe 2";350dc506-b7f3-487d-8ef9-8a1726e998a0;"SOUS-GROUPE 2";"SOUS_GROUPE";"CERISIER";0;meme-niveau
"sous-groupe 2";3522bb72-41d6-4911-8bfb-497467779077;"SOUS-GROUPE 2";"SOUS_GROUPE";"COEUR DU ROI LION";4;meme-niveau
"sous-groupe 2";3549ad78-8039-40ce-8987-6a010e462310;"SOUS-GROUPE 2";"SOUS_GROUPE";"CITÉ CIAD BONHEUR";0;meme-niveau
"sous-groupe 2";370786b4-9aee-4c47-b407-f6197b9cc565;"SOUS-GROUPE 2";"SOUS_GROUPE";"OKOKIKAJI";1;meme-niveau
"sous-groupe 2";374c1deb-b4dd-436c-af59-cf63071513e4;"SOUS-GROUPE 2";"SOUS_GROUPE";"TRESOR DU CŒUR";1;meme-niveau
"sous-groupe 2";376c6634-aa82-464b-b2db-49dd59ad53a8;"SOUS-GROUPE 2";"SOUS_GROUPE";"VICTOIRE";4;meme-niveau
"sous-groupe 2";37e02054-7992-4550-b085-0633931a6718;"SOUS-GROUPE 2";"SOUS_GROUPE";"PERSEVERENCE";12;meme-niveau
"sous-groupe 2";383413ab-7704-46a7-a53d-4a2cea09e782;"SOUS-GROUPE 2";"SOUS_GROUPE";"PERSEVERANCE";0;meme-niveau
"sous-groupe 2";38718a7d-0431-4086-85cd-24d9eb924e5e;"SOUS-GROUPE 2";"SOUS_GROUPE";"Détermination d'ancienne Gendarmerie";1;meme-niveau
"sous-groupe 2";39ef84d4-8ce6-4c77-b76d-9a7e27ed95be;"SOUS-GROUPE 2";"SOUS_GROUPE";"DAIMOKU";21;meme-niveau
"sous-groupe 2";3a7158b2-7eb8-463f-91f5-2a4c7d52a60a;"SOUS-GROUPE 2";"SOUS_GROUPE";"FUKYO";5;meme-niveau
"sous-groupe 2";3a88903f-a3e1-4132-b33f-0996ed8e662f;"SOUS-GROUPE 2";"SOUS_GROUPE";"LOTUS 2";3;meme-niveau
"sous-groupe 2";3bfac0ad-5847-43ab-9a69-65738b2d08e9;"SOUS-GROUPE 2";"SOUS_GROUPE";"DEFI";9;meme-niveau
"sous-groupe 2";3c78edd5-4564-4eac-bc60-cacb4003cd38;"SOUS-GROUPE 2";"SOUS_GROUPE";"Faya";3;meme-niveau
"sous-groupe 2";3d45ad68-dc86-488b-b6a6-20e71eb15a3a;"SOUS-GROUPE 2";"SOUS_GROUPE";"LA FOI";2;meme-niveau
"sous-groupe 2";3de2b8c3-d65a-48fa-a157-258f5258081d;"SOUS-GROUPE 2";"SOUS_GROUPE";"PERSEVERANCE";2;meme-niveau
"sous-groupe 2";3e79cb47-1490-4a37-8f36-58d6e28b78a4;"SOUS-GROUPE 2";"SOUS_GROUPE";"HARMONIE";3;meme-niveau
"sous-groupe 2";3ef02e21-4a8f-4c9e-9504-0e6c41081b2c;"SOUS-GROUPE 2";"SOUS_GROUPE";"SICOGI 3";4;meme-niveau
"sous-groupe 2";3f0f38f6-93a5-48ea-9632-6c37373fd820;"SOUS-GROUPE 2";"SOUS_GROUPE";"NAMASTE";3;meme-niveau
"sous-groupe 2";404d0d9a-4da5-436e-87a3-b6e60d4c5797;"SOUS-GROUPE 2";"SOUS_GROUPE";"MAQUIE BLEU 1";2;meme-niveau
"sous-groupe 2";40995709-3c3b-4cb9-ac13-f913f02b1987;"SOUS-GROUPE 2";"SOUS_GROUPE";"SHAKUBUKU";5;meme-niveau
"sous-groupe 2";40f9208d-434c-45ae-8d96-bd182564cf00;"SOUS-GROUPE 2";"SOUS_GROUPE";"GENERAL TIGRE DE PIERRE";0;meme-niveau
"sous-groupe 2";40fd2896-07f6-46a5-85ee-dc014c4c2fc6;"SOUS-GROUPE 2";"SOUS_GROUPE";"KAIMOKU";5;meme-niveau
"sous-groupe 2";4171566d-4baa-42d9-a71a-c8638714bed5;"SOUS-GROUPE 2";"SOUS_GROUPE";"LOTUS";0;meme-niveau
"sous-groupe 2";41718d17-dcd7-4c41-ac7f-23cb166afe97;"SOUS-GROUPE 2";"SOUS_GROUPE";"FUKYO";0;meme-niveau
"sous-groupe 2";41ddaeca-9c76-46a0-8650-f7ae1930a088;"SOUS-GROUPE 2";"SOUS_GROUPE";"ANANGAMAN";0;meme-niveau
"sous-groupe 2";41f0dec9-8fc0-4144-951c-e3836b3cf8f5;"SOUS-GROUPE 2";"SOUS_GROUPE";"TOUR AUX TRESORS";4;meme-niveau
"sous-groupe 2";42172f36-48fb-4024-af4f-cf2d15780542;"SOUS-GROUPE 2";"SOUS_GROUPE";"MYO YAKU";0;meme-niveau
"sous-groupe 2";42253fa1-6ce0-4379-8e75-5d6c0b194753;"SOUS-GROUPE 2";"SOUS_GROUPE";"SYMPHONIE";2;meme-niveau
"sous-groupe 2";42633543-1ca9-44cb-bd08-7cd8ebdc918d;"SOUS-GROUPE 2";"SOUS_GROUPE";"TCHEYERE";2;meme-niveau
"sous-groupe 2";42641341-2471-45ca-b46c-8d3301d35b67;"SOUS-GROUPE 2";"SOUS_GROUPE";"KIMYO";2;meme-niveau
"sous-groupe 2";427d673a-2895-4d8b-b2a3-e11907c48d31;"SOUS-GROUPE 2";"SOUS_GROUPE";"WIA";6;meme-niveau
"sous-groupe 2";4306d8fe-b0b8-490d-b5cc-49c02c624b6a;"SOUS-GROUPE 2";"SOUS_GROUPE";"BONNO SOKU BODAI";3;meme-niveau
"sous-groupe 2";43256dd0-6391-4c61-bb08-5c7975eb292d;"SOUS-GROUPE 2";"SOUS_GROUPE";"PERSEVERANCE";3;meme-niveau
"sous-groupe 2";434cff25-8d78-418d-b5df-673e628f5b81;"SOUS-GROUPE 2";"SOUS_GROUPE";"AKOUEDO VILLAGE 5";1;meme-niveau
"sous-groupe 2";43760c20-7dc2-4da0-927c-789906c2fee3;"SOUS-GROUPE 2";"SOUS_GROUPE";"147 LOGEMENT";0;meme-niveau
"sous-groupe 2";43e0e816-4098-4041-974e-6d85c38ed276;"SOUS-GROUPE 2";"SOUS_GROUPE";"FORCE VITALE";8;meme-niveau
"sous-groupe 2";4406ac26-6d5a-4e68-bece-9325884255ba;"SOUS-GROUPE 2";"SOUS_GROUPE";"AZOUMANI";4;meme-niveau
"sous-groupe 2";449630d2-c588-46da-8d0b-be7c27ccb2a8;"SOUS-GROUPE 2";"SOUS_GROUPE";"VICTOIRE";4;meme-niveau
"sous-groupe 2";44cece91-a064-46d6-8976-6ffa0be4a9e8;"SOUS-GROUPE 2";"SOUS_GROUPE";"ESPERANCE";4;meme-niveau
"sous-groupe 2";44ec6890-04d6-4519-ac49-211056bf765e;"SOUS-GROUPE 2";"SOUS_GROUPE";"KUDOKU";1;meme-niveau
"sous-groupe 2";4574c012-cfcb-48e0-8e54-f7d8ac9a4ae8;"SOUS-GROUPE 2";"SOUS_GROUPE";"HARMONIE";5;meme-niveau
"sous-groupe 2";45a4a8cd-c2cd-4657-bd49-7fb33b110330;"SOUS-GROUPE 2";"SOUS_GROUPE";"Anouanzè";0;meme-niveau
"sous-groupe 2";46240609-9c15-4db0-84c1-b8dcb8a76323;"SOUS-GROUPE 2";"SOUS_GROUPE";"SAKIARE";0;meme-niveau
"sous-groupe 2";463b82f7-5def-4e96-9cf1-321c0cac71d1;"SOUS-GROUPE 2";"SOUS_GROUPE";"DYNAMISME";5;meme-niveau
"sous-groupe 2";4692e6fe-d8de-4248-8d74-b44d08859538;"SOUS-GROUPE 2";"SOUS_GROUPE";"LUMIERE";0;meme-niveau
"sous-groupe 2";469c043d-7904-4afe-af73-1bc03a2b5005;"SOUS-GROUPE 2";"SOUS_GROUPE";"TOUR AUX TRESORS";0;meme-niveau
"sous-groupe 2";46d90616-568a-44e0-9ddc-969511a9305b;"SOUS-GROUPE 2";"SOUS_GROUPE";"LES ENFANTS D'IKEDA";3;meme-niveau
"sous-groupe 2";47719c0e-b47d-4c59-b4e8-b1913a306c6a;"SOUS-GROUPE 2";"SOUS_GROUPE";"REVOLUTION HUMAINE";4;meme-niveau
"sous-groupe 2";48ba53c8-c5e9-4a6d-8e2e-71f72112a5cb;"SOUS-GROUPE 2";"SOUS_GROUPE";"TAHO";9;meme-niveau
"sous-groupe 2";48d71341-ce4b-4fcd-93bc-f895a93195a0;"SOUS-GROUPE 2";"SOUS_GROUPE";"Carrefour Berthé";1;meme-niveau
"sous-groupe 2";493c55cb-aea1-4cd8-a339-55b4d5cf5539;"SOUS-GROUPE 2";"SOUS_GROUPE";"SHINGYO GAKU";4;meme-niveau
"sous-groupe 2";49f04585-57a7-461f-a68e-254083f01cde;"SOUS-GROUPE 2";"SOUS_GROUPE";"KOUDOKU";2;meme-niveau
"sous-groupe 2";49f159ed-3eda-483f-a0f3-8515fb6b04c3;"SOUS-GROUPE 2";"SOUS_GROUPE";"OTTOUTROU";3;meme-niveau
"sous-groupe 2";4a4cdacc-cd92-4e59-b334-6f9658b41ae5;"SOUS-GROUPE 2";"SOUS_GROUPE";"LOTUS";5;meme-niveau
"sous-groupe 2";4a674f74-646e-46b1-a827-7572b2455551;"SOUS-GROUPE 2";"SOUS_GROUPE";"AGBANOU";6;meme-niveau
"sous-groupe 2";4adc8f1f-1759-4ee3-91d1-759104582678;"SOUS-GROUPE 2";"SOUS_GROUPE";"PREUVE ACTUELLE";2;meme-niveau
"sous-groupe 2";4ae2ebe4-c991-4c13-a7ea-8425bd2c6a51;"SOUS-GROUPE 2";"SOUS_GROUPE";"DERRIERE PREFET";3;meme-niveau
"sous-groupe 2";4b22a786-e74b-468e-a323-6feac5354201;"SOUS-GROUPE 2";"SOUS_GROUPE";"SOLEIL DE L'ESPOIR";2;meme-niveau
"sous-groupe 2";4b46a34e-c5e3-422d-9207-1102f66b03b6;"SOUS-GROUPE 2";"SOUS_GROUPE";"ICHNEN";4;meme-niveau
"sous-groupe 2";4bc0caf0-1900-4b1f-9b61-a14b6ff463d8;"SOUS-GROUPE 2";"SOUS_GROUPE";"ETOILE DU LOTUS";3;meme-niveau
"sous-groupe 2";4c14fd3f-33eb-44bb-aae2-d1116139eebd;"SOUS-GROUPE 2";"SOUS_GROUPE";"OSHAKU KENPON";7;meme-niveau
"sous-groupe 2";4ceb61ff-9c03-40e3-8202-d798d188e58c;"SOUS-GROUPE 2";"SOUS_GROUPE";"LOTUS";3;meme-niveau
"sous-groupe 2";4d2c0d68-86f6-4772-823a-76cb1fad159b;"SOUS-GROUPE 2";"SOUS_GROUPE";"VICTOIRE ABSOLUE";3;meme-niveau
"sous-groupe 2";4d40ba83-a162-4697-99fb-7912fc2e9b93;"SOUS-GROUPE 2";"SOUS_GROUPE";"TCHÊ";4;meme-niveau
"sous-groupe 2";4d876245-1bad-4183-8a9a-2e9bf998966a;"SOUS-GROUPE 2";"SOUS_GROUPE";"BENENE";3;meme-niveau
"sous-groupe 2";4e03d2fa-fb99-4f79-8515-6d1ad39d4f7f;"SOUS-GROUPE 2";"SOUS_GROUPE";"INCHALLAH 2";2;meme-niveau
"sous-groupe 2";4e34bce7-86d6-473d-a223-3c53ca2fc692;"SOUS-GROUPE 2";"SOUS_GROUPE";"PHARMACIE ANOUMABO";0;meme-niveau
"sous-groupe 2";4e492b41-c087-4db5-bdc1-5d9363771634;"SOUS-GROUPE 2";"SOUS_GROUPE";"PREUVE FACTUELLE";7;meme-niveau
"sous-groupe 2";4e4d74e3-dd42-4b51-b4d5-cc0f42359ae0;"SOUS-GROUPE 2";"SOUS_GROUPE";"PERSEVERANCE";2;meme-niveau
"sous-groupe 2";4e73cef4-b3a8-4ff5-88e3-855725820e0f;"SOUS-GROUPE 2";"SOUS_GROUPE";"GRAND VŒUX";7;meme-niveau
"sous-groupe 2";4f43741b-41c8-4adc-8080-cea1324d5b0c;"SOUS-GROUPE 2";"SOUS_GROUPE";"ICHINEN";4;meme-niveau
"sous-groupe 2";4f47ec49-b128-4b2e-bc0d-9861e7817365;"SOUS-GROUPE 2";"SOUS_GROUPE";"KYO";6;meme-niveau
"sous-groupe 2";4feb4799-bb9b-4d0d-8531-724058edf83a;"SOUS-GROUPE 2";"SOUS_GROUPE";"HARMONIE";4;meme-niveau
"sous-groupe 2";50340935-7349-4333-9168-54ccc9fb90b4;"SOUS-GROUPE 2";"SOUS_GROUPE";"LOMOKANKRO";1;meme-niveau
"sous-groupe 2";50dfe821-c123-412b-88b3-90d69a631df7;"SOUS-GROUPE 2";"SOUS_GROUPE";"DINOSAURE";3;meme-niveau
"sous-groupe 2";5107be83-54ad-4eaa-8f18-60d988e77774;"SOUS-GROUPE 2";"SOUS_GROUPE";"VICTOIRE";2;meme-niveau
"sous-groupe 2";510aae49-f82f-468c-81b5-166eb11a798b;"SOUS-GROUPE 2";"SOUS_GROUPE";"ESPOIR BEINLEU";12;meme-niveau
"sous-groupe 2";5114c84e-fbd2-43b9-86d5-b0c919cfc419;"SOUS-GROUPE 2";"SOUS_GROUPE";"SOLEIL LEVANT";7;meme-niveau
"sous-groupe 2";51ab4757-3692-4e17-b782-4bc6d8745b32;"SOUS-GROUPE 2";"SOUS_GROUPE";"CESTIA";3;meme-niveau
"sous-groupe 2";51c3e46b-bf07-429d-9c6e-1c32e62a6648;"SOUS-GROUPE 2";"SOUS_GROUPE";"PURETE";1;meme-niveau
"sous-groupe 2";51f75de1-3c11-4046-9806-9fb7bac93805;"SOUS-GROUPE 2";"SOUS_GROUPE";"MISSION";3;meme-niveau
"sous-groupe 2";527c1809-85f2-47df-8e66-c577032830fe;"SOUS-GROUPE 2";"SOUS_GROUPE";"VICTIOIRE ABSOLUE";1;meme-niveau
"sous-groupe 2";52a7bce5-05e5-4b96-a4a4-00b0b8ecfcc4;"SOUS-GROUPE 2";"SOUS_GROUPE";"SAGESSE";0;meme-niveau
"sous-groupe 2";52f2f1b9-e080-42bd-81ea-43d73ea23571;"SOUS-GROUPE 2";"SOUS_GROUPE";"Shiteï Funi";4;meme-niveau
"sous-groupe 2";5305f069-ea43-4264-966e-63018e029066;"SOUS-GROUPE 2";"SOUS_GROUPE";"DEFIS";6;meme-niveau
"sous-groupe 2";531159d8-52d3-448c-adb7-14c4299b1005;"SOUS-GROUPE 2";"SOUS_GROUPE";"GAGNER ENSEMBLE";5;meme-niveau
"sous-groupe 2";540e75a4-2378-45d9-b768-1f4fe79b44a9;"SOUS-GROUPE 2";"SOUS_GROUPE";"Gare Adja";1;meme-niveau
"sous-groupe 2";544aaade-f177-4a1d-89c9-6132d7c92575;"SOUS-GROUPE 2";"SOUS_GROUPE";"Cérisier";1;meme-niveau
"sous-groupe 2";5453efd2-7856-4351-8a13-b5d6170ec1e6;"SOUS-GROUPE 2";"SOUS_GROUPE";"KANSAI";3;meme-niveau
"sous-groupe 2";5495cbd8-37c5-401c-9e1b-0eb495987dc8;"SOUS-GROUPE 2";"SOUS_GROUPE";"CONVICTION";3;meme-niveau
"sous-groupe 2";5601a161-7f77-43ef-a2d0-43fb9cd0f6f1;"SOUS-GROUPE 2";"SOUS_GROUPE";"VICTOIRE";4;meme-niveau
"sous-groupe 2";560d459e-5ff2-458d-a88d-2d0641dee510;"SOUS-GROUPE 2";"SOUS_GROUPE";"DETERMINATION";6;meme-niveau
"sous-groupe 2";563e8d99-0b5e-4257-ad8f-cf815f204c66;"SOUS-GROUPE 2";"SOUS_GROUPE";"TRESOR DU CŒUR";7;meme-niveau
"sous-groupe 2";569d36b4-9a78-4b31-80cb-b24c02c2587d;"SOUS-GROUPE 2";"SOUS_GROUPE";"ITAI DOSHIN";1;meme-niveau
"sous-groupe 2";56b849e9-9f96-45e8-8fbc-e9166ee25601;"SOUS-GROUPE 2";"SOUS_GROUPE";"Legrand";2;meme-niveau
"sous-groupe 2";571b8ff9-7518-44e1-aa4d-39f03f2f2b9c;"SOUS-GROUPE 2";"SOUS_GROUPE";"KAZEMINI";6;meme-niveau
"sous-groupe 2";5728712d-bdca-4afd-a26b-5698a1c1e5bf;"SOUS-GROUPE 2";"SOUS_GROUPE";"FRERE IKEGAMI";6;meme-niveau
"sous-groupe 2";58398cef-62a1-4b36-81fa-c7ef025fcf9e;"SOUS-GROUPE 2";"SOUS_GROUPE";"LE ROI LION";2;meme-niveau
"sous-groupe 2";58854197-6194-4406-8e4b-8f36f9335538;"SOUS-GROUPE 2";"SOUS_GROUPE";"TERRE DE VICTOIRE";4;meme-niveau
"sous-groupe 2";58951903-6685-4845-943c-6bc6ed30fab4;"SOUS-GROUPE 2";"SOUS_GROUPE";"ZODAGO";0;meme-niveau
"sous-groupe 2";58ecffbe-484b-470c-97c7-f5c2ed3fb805;"SOUS-GROUPE 2";"SOUS_GROUPE";"HERITIER DE SENSEI";3;meme-niveau
"sous-groupe 2";5977ba95-7838-43e0-a096-93d7f2b13432;"SOUS-GROUPE 2";"SOUS_GROUPE";"JOIE DE LA VICTOIRE";4;meme-niveau
"sous-groupe 2";599c3377-0186-43c1-bafe-fe2484afecf7;"SOUS-GROUPE 2";"SOUS_GROUPE";"SENSEI IKEDA";3;meme-niveau
"sous-groupe 2";59cf2497-12fe-4a16-a500-7352e09dc8b3;"SOUS-GROUPE 2";"SOUS_GROUPE";"MOYE";4;meme-niveau
"sous-groupe 2";59d68253-9f9f-4824-a38a-ee0a0b5a54c6;"SOUS-GROUPE 2";"SOUS_GROUPE";"HOJO";1;meme-niveau
"sous-groupe 2";5a72c3ba-a9fc-4e29-a510-1a7aec44c157;"SOUS-GROUPE 2";"SOUS_GROUPE";"ITAÏ DOSHIN";2;meme-niveau
"sous-groupe 2";5a9d9f34-9dcc-47ee-9119-118462d008f8;"SOUS-GROUPE 2";"SOUS_GROUPE";"ITAI DOSHIN";1;meme-niveau
"sous-groupe 2";5b1a89df-b77f-4757-99eb-a5f593b828bd;"SOUS-GROUPE 2";"SOUS_GROUPE";"Revolution humaine";4;meme-niveau
"sous-groupe 2";5ba81735-4df4-4e68-8e8c-19d6096a4525;"SOUS-GROUPE 2";"SOUS_GROUPE";"ESPOIR";2;meme-niveau
"sous-groupe 2";5be051e0-8ff1-4d71-a357-bdacb1b1a6da;"SOUS-GROUPE 2";"SOUS_GROUPE";"BOKEDA";0;meme-niveau
"sous-groupe 2";5c893df3-2d79-4e5f-90fc-12a9a9d9c8f1;"SOUS-GROUPE 2";"SOUS_GROUPE";"BONHEUR";7;meme-niveau
"sous-groupe 2";5d76930a-cf92-436d-8b12-6fe12e9f8a77;"SOUS-GROUPE 2";"SOUS_GROUPE";"Gbele";3;meme-niveau
"sous-groupe 2";5d79dafc-915a-4d17-801d-75e6cba3a753;"SOUS-GROUPE 2";"SOUS_GROUPE";"LE MONT DE LA VICTOIRE";0;meme-niveau
"sous-groupe 2";5d81b885-89ec-4fd0-9cff-22412d0325fd;"SOUS-GROUPE 2";"SOUS_GROUPE";"FOI PUR";1;meme-niveau
"sous-groupe 2";5e188eb3-ca90-4d8a-9ee7-089c91207ad0;"SOUS-GROUPE 2";"SOUS_GROUPE";"SEMONS";4;meme-niveau
"sous-groupe 2";5e2e6a44-8ab9-425e-8812-b00d885d4868;"SOUS-GROUPE 2";"SOUS_GROUPE";"YORO";12;meme-niveau
"sous-groupe 2";5ea5b999-f826-4f01-a85a-0516ca5b081c;"SOUS-GROUPE 2";"SOUS_GROUPE";"ITAI DOSHIN";2;meme-niveau
"sous-groupe 2";5ec61cb5-c693-4648-ba34-285e6d9094c9;"SOUS-GROUPE 2";"SOUS_GROUPE";"AKOUEDO VILLAGE 1";0;meme-niveau
"sous-groupe 2";5f0809ba-19fe-4de7-ba29-ea3e5167e4c1;"SOUS-GROUPE 2";"SOUS_GROUPE";"MOAYE";4;meme-niveau
"sous-groupe 2";5f8d16f0-e9de-4c16-b5a8-5da62cecb4a2;"SOUS-GROUPE 2";"SOUS_GROUPE";"KODO";0;meme-niveau
"sous-groupe 2";5fd27453-749f-4990-b0d2-1981157aedc1;"SOUS-GROUPE 2";"SOUS_GROUPE";"PEASSEU";0;meme-niveau
"sous-groupe 2";60d49705-39c4-4ca0-b889-5c1cded3fa64;"SOUS-GROUPE 2";"SOUS_GROUPE";"DJEREGOUE";8;meme-niveau
"sous-groupe 2";60e992e6-4320-43de-a1e5-babbd04b0e85;"SOUS-GROUPE 2";"SOUS_GROUPE";"Lycée municipal";3;meme-niveau
"sous-groupe 2";61449a3a-d8aa-4139-961b-4f4a965333af;"SOUS-GROUPE 2";"SOUS_GROUPE";"CHÂTEAU";3;meme-niveau
"sous-groupe 2";627ab324-cb25-4c2c-b437-6ad5acb63bca;"SOUS-GROUPE 2";"SOUS_GROUPE";"ICHINEN";3;meme-niveau
"sous-groupe 2";633654e9-5837-4284-82e6-5698f5fe630b;"SOUS-GROUPE 2";"SOUS_GROUPE";"SERENITE";5;meme-niveau
"sous-groupe 2";63f59c5a-d50e-49d2-9719-7c30e7416480;"SOUS-GROUPE 2";"SOUS_GROUPE";"DETERMINATION";4;meme-niveau
"sous-groupe 2";6477a43b-785a-42e8-ac01-b79a8fe3e4f9;"SOUS-GROUPE 2";"SOUS_GROUPE";"ITAI DOSHIN";3;meme-niveau
"sous-groupe 2";647ae2e5-ed91-4645-beac-9c7e527eb1f0;"SOUS-GROUPE 2";"SOUS_GROUPE";"VICTOIRE";0;meme-niveau
"sous-groupe 2";647d927f-507a-4542-b6f5-fc19c5016643;"SOUS-GROUPE 2";"SOUS_GROUPE";"ESPOIR SOKA";2;meme-niveau
"sous-groupe 2";64c22114-b47e-4cab-add9-fd17b900d92c;"SOUS-GROUPE 2";"SOUS_GROUPE";"EVEIL";9;meme-niveau
"sous-groupe 2";651bec4c-2723-42f5-829e-54a83c16c403;"SOUS-GROUPE 2";"SOUS_GROUPE";"JINZAI 3";4;meme-niveau
"sous-groupe 2";657d2767-c019-4ac4-bd29-a74f66df0dfa;"SOUS-GROUPE 2";"SOUS_GROUPE";"PATIENCE";5;meme-niveau
"sous-groupe 2";658b148a-d615-4d2f-85c2-dc3479bcfaba;"SOUS-GROUPE 2";"SOUS_GROUPE";"NYO ZE";2;meme-niveau
"sous-groupe 2";65b48c36-2eb5-42f4-afa3-c43ae2125b9c;"SOUS-GROUPE 2";"SOUS_GROUPE";"SADO 2";3;meme-niveau
"sous-groupe 2";66ba0be0-3eae-45c6-a0ea-7516e37d2d00;"SOUS-GROUPE 2";"SOUS_GROUPE";"DETERMINATION";4;meme-niveau
"sous-groupe 2";671cb7ad-46df-48a5-84ab-bdd67137871f;"SOUS-GROUPE 2";"SOUS_GROUPE";"NOVA";1;meme-niveau
"sous-groupe 2";6731fabf-e5b9-48d0-96f0-8f28077bc1e3;"SOUS-GROUPE 2";"SOUS_GROUPE";"Sincérité";0;meme-niveau
"sous-groupe 2";674fbc29-4334-47a7-99c8-7f442c1ed64f;"SOUS-GROUPE 2";"SOUS_GROUPE";"BOODA";4;meme-niveau
"sous-groupe 2";67546b2a-63e2-4bf2-9bbd-ba3297522725;"SOUS-GROUPE 2";"SOUS_GROUPE";"GBIGLOA";0;meme-niveau
"sous-groupe 2";67a5b995-3698-4afb-8827-4ae3214722de;"SOUS-GROUPE 2";"SOUS_GROUPE";"FUCKYO";4;meme-niveau
"sous-groupe 2";67a7b13e-9c02-4daf-b410-d3906808be74;"SOUS-GROUPE 2";"SOUS_GROUPE";"GNONSIEKA";6;meme-niveau
"sous-groupe 2";684b50a6-2cbc-424c-8011-c15898a382c4;"SOUS-GROUPE 2";"SOUS_GROUPE";"KUDOKU";3;meme-niveau
"sous-groupe 2";68c7bb9c-6564-4fdc-acd0-a3c3fec30d9b;"SOUS-GROUPE 2";"SOUS_GROUPE";"VICTORE";0;meme-niveau
"sous-groupe 2";69573f1b-0087-4534-a0ba-00de81b78d8e;"SOUS-GROUPE 2";"SOUS_GROUPE";"COMPAGNPNS DE LA CROYANCE";1;meme-niveau
"sous-groupe 2";6968aa1f-54e9-4171-b8bb-e7cda4f40e04;"SOUS-GROUPE 2";"SOUS_GROUPE";"SOKA";2;meme-niveau
"sous-groupe 2";6972298c-f963-43f1-b3d9-5bbbeda05444;"SOUS-GROUPE 2";"SOUS_GROUPE";"FLAMBOYANT";0;meme-niveau
"sous-groupe 2";69dc1164-bfb1-4a2f-85a1-2ec7c0aae76f;"SOUS-GROUPE 2";"SOUS_GROUPE";"BONHEUR";4;meme-niveau
"sous-groupe 2";6ad67998-09b3-4e1e-acb5-3349fd8efd1a;"SOUS-GROUPE 2";"SOUS_GROUPE";"DJEKANOU";1;meme-niveau
"sous-groupe 2";6bc383a1-2d7f-4a17-af40-6d8fc18827a7;"SOUS-GROUPE 2";"SOUS_GROUPE";"Issea";0;meme-niveau
"sous-groupe 2";6bec7641-132d-4f3f-b18e-2fe85c58b135;"SOUS-GROUPE 2";"SOUS_GROUPE";"NAMASTE";3;meme-niveau
"sous-groupe 2";6c87c3c9-5600-461a-a742-92dd334b6800;"SOUS-GROUPE 2";"SOUS_GROUPE";"Cité Verte";5;meme-niveau
"sous-groupe 2";6ca22950-3d8c-4f8e-a393-7361d3eb4588;"SOUS-GROUPE 2";"SOUS_GROUPE";"PADRE";3;meme-niveau
"sous-groupe 2";6cc390f4-4664-4cca-81b6-6cc93abd6e78;"SOUS-GROUPE 2";"SOUS_GROUPE";"YOVALA";0;meme-niveau
"sous-groupe 2";6ce93c03-9143-4045-b15c-4339709f9d1b;"SOUS-GROUPE 2";"SOUS_GROUPE";"PREUVE FACTUELLE";0;meme-niveau
"sous-groupe 2";6d24e330-ce97-41c8-86b8-c058924684ef;"SOUS-GROUPE 2";"SOUS_GROUPE";"SUTRA DU LOTUS";4;meme-niveau
"sous-groupe 2";6d352fd0-10d7-4bc1-bf76-95a816ef1eaf;"SOUS-GROUPE 2";"SOUS_GROUPE";"BONNE FORTUNE";0;meme-niveau
"sous-groupe 2";6da0acc2-f651-47af-a657-6353251cc359;"SOUS-GROUPE 2";"SOUS_GROUPE";"NICHIREN";6;meme-niveau
"sous-groupe 2";6da28720-c19b-4478-a61e-036a155d097b;"SOUS-GROUPE 2";"SOUS_GROUPE";"CERISIER";8;meme-niveau
"sous-groupe 2";6ddf87a4-ec4a-4031-b805-1c3b458e0b65;"SOUS-GROUPE 2";"SOUS_GROUPE";"KUDOKU";2;meme-niveau
"sous-groupe 2";6dfa4407-f73d-437f-9acb-b0f5282258ad;"SOUS-GROUPE 2";"SOUS_GROUPE";"SOLEIL LEVANT";2;meme-niveau
"sous-groupe 2";6f164eca-382d-414e-8903-e1f40b3a13d7;"SOUS-GROUPE 2";"SOUS_GROUPE";"PERSEVERANCE";3;meme-niveau
"sous-groupe 2";6f2846b0-81b1-429d-b76e-0413af05f719;"SOUS-GROUPE 2";"SOUS_GROUPE";"ZAIMU";3;meme-niveau
"sous-groupe 2";6f46b5a8-11a7-44d0-a529-4298b992c617;"SOUS-GROUPE 2";"SOUS_GROUPE";"BOVIAH";3;meme-niveau
"sous-groupe 2";6f7c40a2-86fc-40bc-93b1-9e6c4dee1604;"SOUS-GROUPE 2";"SOUS_GROUPE";"SEKYO";4;meme-niveau
"sous-groupe 2";6fd8995a-a576-4fc9-83de-aa55bb279a6d;"SOUS-GROUPE 2";"SOUS_GROUPE";"VICTOIRE";2;meme-niveau
"sous-groupe 2";702bcfd8-f1d2-4fa5-ac68-6daca3643d3a;"SOUS-GROUPE 2";"SOUS_GROUPE";"SABLE-BANCO";6;meme-niveau
"sous-groupe 2";704856e7-2535-40fa-9f68-6889632f88d5;"SOUS-GROUPE 2";"SOUS_GROUPE";"FOI FORTE";5;meme-niveau
"sous-groupe 2";70a09cb2-d35b-4c38-9a35-f1186baf1f0f;"SOUS-GROUPE 2";"SOUS_GROUPE";"TERRE DE VICTOIRES";2;meme-niveau
"sous-groupe 2";70e518ad-2a25-4035-854a-65db5601d426;"SOUS-GROUPE 2";"SOUS_GROUPE";"AMAKEBOU";2;meme-niveau
"sous-groupe 2";716a69c8-065d-4cee-acd1-8ea61aab3f16;"SOUS-GROUPE 2";"SOUS_GROUPE";"ICHINEN";3;meme-niveau
"sous-groupe 2";71acfdd5-9023-44bd-9777-235ed3494d85;"SOUS-GROUPE 2";"SOUS_GROUPE";"VICTOIRE";3;meme-niveau
"sous-groupe 2";71d685c8-05d1-489d-9709-71a8256ded09;"SOUS-GROUPE 2";"SOUS_GROUPE";"VICTOIRE";2;meme-niveau
"sous-groupe 2";71e180a2-e54a-4c44-be9f-1ae54000f66f;"SOUS-GROUPE 2";"SOUS_GROUPE";"ICHINEN";2;meme-niveau
"sous-groupe 2";720812c3-d6d7-4476-9774-fb6d20192173;"SOUS-GROUPE 2";"SOUS_GROUPE";"LOTUS D'OR";2;meme-niveau
"sous-groupe 2";7305abbc-1e69-4718-bfbc-5cd301eb5916;"SOUS-GROUPE 2";"SOUS_GROUPE";"ROSSHO";0;meme-niveau
"sous-groupe 2";730ffedb-7fa7-4a91-82a6-1a68f4f3f9cf;"SOUS-GROUPE 2";"SOUS_GROUPE";"FUJI";3;meme-niveau
"sous-groupe 2";7315df3e-2d57-4ae3-8e78-fc40f9f4b581;"SOUS-GROUPE 2";"SOUS_GROUPE";"ECLAT DU SOLEIL";5;meme-niveau
"sous-groupe 2";7383d145-5054-4520-8465-30943c1e41b9;"SOUS-GROUPE 2";"SOUS_GROUPE";"ZELE";0;meme-niveau
"sous-groupe 2";73b8256a-0bf1-4e2e-aad4-fdcfd7332bbc;"SOUS-GROUPE 2";"SOUS_GROUPE";"NOUVELLE VISION";3;meme-niveau
"sous-groupe 2";7425e36b-49ea-436b-af5e-0841aa36c267;"SOUS-GROUPE 2";"SOUS_GROUPE";"EKÖEGNOUNOU";6;meme-niveau
"sous-groupe 2";74580222-29de-4b01-8e62-f42c2d184f36;"SOUS-GROUPE 2";"SOUS_GROUPE";"Mission";2;meme-niveau
"sous-groupe 2";74a28ba5-ab53-4fa5-8edc-1402a3754ede;"SOUS-GROUPE 2";"SOUS_GROUPE";"SALLE DES FETES";4;meme-niveau
"sous-groupe 2";751a9ef5-e53c-4732-b560-544a7f67e4d8;"SOUS-GROUPE 2";"SOUS_GROUPE";"RENAISSANCE";3;meme-niveau
"sous-groupe 2";760ffd90-0bea-4bca-8604-6cf54d445f20;"SOUS-GROUPE 2";"SOUS_GROUPE";"GBE";4;meme-niveau
"sous-groupe 2";76badde2-626b-4339-951d-78a14ca370a5;"SOUS-GROUPE 2";"SOUS_GROUPE";"MAQUIE BLEU 2";2;meme-niveau
"sous-groupe 2";76f3a51c-2782-41ee-94f2-eaf756236bf6;"SOUS-GROUPE 2";"SOUS_GROUPE";"AKOUEDO VILLAGE 2";6;meme-niveau
"sous-groupe 2";772cc4c6-1992-456e-9c70-1f1118962dbf;"SOUS-GROUPE 2";"SOUS_GROUPE";"DYNAMIQUE";6;meme-niveau
"sous-groupe 2";773cf3db-67b1-4b74-a3c4-14f9747f8859;"SOUS-GROUPE 2";"SOUS_GROUPE";"JUSTICE";12;meme-niveau
"sous-groupe 2";77f9d1fc-eb1a-4666-842f-2191981d79e8;"SOUS-GROUPE 2";"SOUS_GROUPE";"LOTUS";10;meme-niveau
"sous-groupe 2";781dad64-577e-4c0f-9616-53533a0369a3;"SOUS-GROUPE 2";"SOUS_GROUPE";"CARREFOUR GUEU";5;meme-niveau
"sous-groupe 2";78e515e6-5cdf-4e00-bb55-ef7c02cdc893;"SOUS-GROUPE 2";"SOUS_GROUPE";"PAILLET";2;meme-niveau
"sous-groupe 2";7a1ad28b-0a51-41f0-a1c2-c752279eb27b;"SOUS-GROUPE 2";"SOUS_GROUPE";"BODHISATTVAS  SORTIS DE TERRE";4;meme-niveau
"sous-groupe 2";7a66f30a-bcdf-4622-96ff-bbe750ae7620;"SOUS-GROUPE 2";"SOUS_GROUPE";"ITAI DOSHIN";3;meme-niveau
"sous-groupe 2";7b09c585-45d0-4e53-9d04-3774bb4194a7;"SOUS-GROUPE 2";"SOUS_GROUPE";"ITAI-DOSHIN";4;meme-niveau
"sous-groupe 2";7b2bae9f-f983-427c-acef-5b3097d55ed6;"SOUS-GROUPE 2";"SOUS_GROUPE";"VICTOIRE";2;meme-niveau
"sous-groupe 2";7b99c91a-16a4-42c1-af13-3a4fbe307b91;"SOUS-GROUPE 2";"SOUS_GROUPE";"ALLOCODROME";5;meme-niveau
"sous-groupe 2";7ba43d5f-5025-4e9f-ba21-a39868866f5f;"SOUS-GROUPE 2";"SOUS_GROUPE";"PREUVE ACTUELLE";5;meme-niveau
"sous-groupe 2";7c25ad46-a561-40bd-aad9-d646cd66c3c0;"SOUS-GROUPE 2";"SOUS_GROUPE";"SACHICHIKU";3;meme-niveau
"sous-groupe 2";7c71415d-ac9e-48e3-9bd3-0c40b7c2344c;"SOUS-GROUPE 2";"SOUS_GROUPE";"KAOKA";1;meme-niveau
"sous-groupe 2";7d8f5f94-3bf2-4d4e-8f48-29ea8a7ecb90;"SOUS-GROUPE 2";"SOUS_GROUPE";"Pharmacie Adja";1;meme-niveau
"sous-groupe 2";7d94850f-51f5-417a-b798-ef6d01a7398a;"SOUS-GROUPE 2";"SOUS_GROUPE";"SHAKUBU";10;meme-niveau
"sous-groupe 2";7dd93eac-43e7-4e01-9162-c85d7ccafab8;"SOUS-GROUPE 2";"SOUS_GROUPE";"COMPASSION";4;meme-niveau
"sous-groupe 2";7de890bc-86b8-44c3-b51d-f9ba0e5c6339;"SOUS-GROUPE 2";"SOUS_GROUPE";"DJIHI";1;meme-niveau
"sous-groupe 2";7e382143-cbd5-4481-b343-e0f846dfd6e8;"SOUS-GROUPE 2";"SOUS_GROUPE";"LA TOUR AU TRESOR";2;meme-niveau
"sous-groupe 2";7e38930e-a2c6-4418-9ef5-5afc68cf9135;"SOUS-GROUPE 2";"SOUS_GROUPE";"MAINTES TRESOR";3;meme-niveau
"sous-groupe 2";7f2bc9e4-a61e-41ee-a593-5ec1b0c8d087;"SOUS-GROUPE 2";"SOUS_GROUPE";"MAINTES TRESOR";0;meme-niveau
"sous-groupe 2";7f6f9b50-7bb0-4848-8bcf-4769d841db30;"SOUS-GROUPE 2";"SOUS_GROUPE";"VIERGE";6;meme-niveau
"sous-groupe 2";7fdf4ca1-4a36-4b76-b1e4-eaf18bf403a2;"SOUS-GROUPE 2";"SOUS_GROUPE";"AKOUEDO VILLAGE 4";5;meme-niveau
"sous-groupe 2";7fee70ee-3f1c-45e6-8ae5-ca5671ee5a4c;"SOUS-GROUPE 2";"SOUS_GROUPE";"BIADOU";6;meme-niveau
"sous-groupe 2";802a6c7e-1e80-4ded-9e27-e5d8bf808dbf;"SOUS-GROUPE 2";"SOUS_GROUPE";"FANNY";3;meme-niveau
"sous-groupe 2";8067e89a-de2a-43ae-a69b-62f94ad9a246;"SOUS-GROUPE 2";"SOUS_GROUPE";"Groupe 4";2;meme-niveau
"sous-groupe 2";809ca414-36f8-43de-8cac-63cdfd6eb487;"SOUS-GROUPE 2";"SOUS_GROUPE";"BONNE FORTUNE";3;meme-niveau
"sous-groupe 2";81148f1b-69d8-4eba-8e8b-dd9c982fbd31;"SOUS-GROUPE 2";"SOUS_GROUPE";"Groupe Hôpital Général";0;meme-niveau
"sous-groupe 2";8150bcbb-8ac1-4fab-b79e-71ef123729a4;"SOUS-GROUPE 2";"SOUS_GROUPE";"ANOUMABO SAINT PIERRE";3;meme-niveau
"sous-groupe 2";82349bb7-b006-4c7f-90a9-edf1ce118357;"SOUS-GROUPE 2";"SOUS_GROUPE";"V15";2;meme-niveau
"sous-groupe 2";82a181fe-1cfc-4ba3-a83f-a1b531765fcc;"SOUS-GROUPE 2";"SOUS_GROUPE";"AGBODREO";3;meme-niveau
"sous-groupe 2";8322d75f-5faa-4328-879c-e87b73067398;"SOUS-GROUPE 2";"SOUS_GROUPE";"AURORE";3;meme-niveau
"sous-groupe 2";83953aaa-278e-4adf-99c8-e4fe3cda978f;"SOUS-GROUPE 2";"SOUS_GROUPE";"ITAI DOSHIN";6;meme-niveau
"sous-groupe 2";83b1fd84-7cc9-4d54-94fd-6f7e8be69811;"SOUS-GROUPE 2";"SOUS_GROUPE";"TOUR AUX TRESORS";4;meme-niveau
"sous-groupe 2";8425dab8-3f04-4c10-b4c6-b32229afc3f4;"SOUS-GROUPE 2";"SOUS_GROUPE";"ANGRE 22e";1;meme-niveau
"sous-groupe 2";853e0c2e-cb0b-4263-bcb4-7d1ee67f8e2d;"SOUS-GROUPE 2";"SOUS_GROUPE";"DOUGROUPALENOA";6;meme-niveau
"sous-groupe 2";85c6d89d-0b6e-4034-b4f5-aec4589d40a1;"SOUS-GROUPE 2";"SOUS_GROUPE";"PIC DU VAUTOUR";1;meme-niveau
"sous-groupe 2";86a87436-24ab-4a4f-b06f-442df0e0916d;"SOUS-GROUPE 2";"SOUS_GROUPE";"ABUTSUBO";5;meme-niveau
"sous-groupe 2";8773a95f-c1cb-4aad-ae47-8445643bc659;"SOUS-GROUPE 2";"SOUS_GROUPE";"MYOHO";8;meme-niveau
"sous-groupe 2";878c54db-4e66-45be-a1b4-36551cd21d69;"SOUS-GROUPE 2";"SOUS_GROUPE";"NEOZE";6;meme-niveau
"sous-groupe 2";87bc2f61-6bba-4e78-af5b-12cab60619b5;"SOUS-GROUPE 2";"SOUS_GROUPE";"REVOLUTION";0;meme-niveau
"sous-groupe 2";88b8b476-58d5-47f6-a0ec-f4df574a90a3;"SOUS-GROUPE 2";"SOUS_GROUPE";"CASIER";2;meme-niveau
"sous-groupe 2";88dd5310-5d82-4c07-b37e-4c74c40885fc;"SOUS-GROUPE 2";"SOUS_GROUPE";"EVEIL";4;meme-niveau
"sous-groupe 2";89592e98-cf92-4d21-b117-28592b03a8ef;"SOUS-GROUPE 2";"SOUS_GROUPE";"KAHIRA";1;meme-niveau
"sous-groupe 2";896f7981-03e6-4425-b0f5-08b9e405dfd9;"SOUS-GROUPE 2";"SOUS_GROUPE";"HARMONIE";1;meme-niveau
"sous-groupe 2";89c4bd04-086e-4e36-8f9a-93af1f007568;"SOUS-GROUPE 2";"SOUS_GROUPE";"LYCEE";0;meme-niveau
"sous-groupe 2";89fdb806-cea2-4c26-8124-a206a18c658f;"SOUS-GROUPE 2";"SOUS_GROUPE";"ESPERANCE";1;meme-niveau
"sous-groupe 2";8a2f9bb8-f7d0-4834-a67b-e770b1a37fa2;"SOUS-GROUPE 2";"SOUS_GROUPE";"RESIDENTIEL";0;meme-niveau
"sous-groupe 2";8a9fb6b8-45ff-46f0-9c60-2106a1083f7e;"SOUS-GROUPE 2";"SOUS_GROUPE";"FLAMME D'ESPOIR";1;meme-niveau
"sous-groupe 2";8b0277a2-d1a6-4a69-b26e-415aa7494853;"SOUS-GROUPE 2";"SOUS_GROUPE";"HARMONIE";2;meme-niveau
"sous-groupe 2";8b6c744b-fe79-49dc-a802-e2a573183a2c;"SOUS-GROUPE 2";"SOUS_GROUPE";"ROI LION";0;meme-niveau
"sous-groupe 2";8c00b76b-d7ba-4db0-8f7a-7621abd9d8ed;"SOUS-GROUPE 2";"SOUS_GROUPE";"VICTOIRE POUR SENSEI";2;meme-niveau
"sous-groupe 2";8cbd214f-a083-48ba-9168-edfbf434fdc1;"SOUS-GROUPE 2";"SOUS_GROUPE";"SOLEIL";5;meme-niveau
"sous-groupe 2";8ce39ec1-7f93-4877-a978-5716d900f8a9;"SOUS-GROUPE 2";"SOUS_GROUPE";"ALIODAN";0;meme-niveau
"sous-groupe 2";8cf23eec-b523-445a-98a7-0b3b1cecd858;"SOUS-GROUPE 2";"SOUS_GROUPE";"DUOKRO";3;meme-niveau
"sous-groupe 2";8d0f219e-2d35-40f4-9e01-0dc3ae7832b0;"SOUS-GROUPE 2";"SOUS_GROUPE";"AMIJEC";8;meme-niveau
"sous-groupe 2";8d10436d-58cf-45c1-ace8-e6e32f7d0d4d;"SOUS-GROUPE 2";"SOUS_GROUPE";"LOTUS";8;meme-niveau
"sous-groupe 2";8d19c2dd-cf57-431d-ad0c-4ca02818d967;"SOUS-GROUPE 2";"SOUS_GROUPE";"BOUDDHEITE";3;meme-niveau
"sous-groupe 2";8d8b84df-a6e8-4653-9fec-92d1250ba37a;"SOUS-GROUPE 2";"SOUS_GROUPE";"FINANGNON";2;meme-niveau
"sous-groupe 2";8dab257b-4272-4525-9bf9-c5f4dddb981e;"SOUS-GROUPE 2";"SOUS_GROUPE";"ESPERANCE";6;meme-niveau
"sous-groupe 2";8e2144f4-256f-42a2-b4af-79f8e71e0385;"SOUS-GROUPE 2";"SOUS_GROUPE";"BELLE VILLE";3;meme-niveau
"sous-groupe 2";8eafdcfe-e01a-4560-a953-37f074d7a731;"SOUS-GROUPE 2";"SOUS_GROUPE";"CHEMIN DU BONHEUR";2;meme-niveau
"sous-groupe 2";8f57c452-323e-483e-b838-081955180f65;"SOUS-GROUPE 2";"SOUS_GROUPE";"SHINJO KINGO";0;meme-niveau
"sous-groupe 2";8ff08dd5-d827-484e-b047-4f319314aa78;"SOUS-GROUPE 2";"SOUS_GROUPE";"SOLEIL";6;meme-niveau
"sous-groupe 2";8ffe5730-adf6-4414-b75a-b9cdb538b903;"SOUS-GROUPE 2";"SOUS_GROUPE";"ICHINEN";5;meme-niveau
"sous-groupe 2";903806c2-c403-458e-87ac-3103c2a51d1d;"SOUS-GROUPE 2";"SOUS_GROUPE";"DALIGA";0;meme-niveau
"sous-groupe 2";9097af2f-633b-47ff-91f1-758bbea1e023;"SOUS-GROUPE 2";"SOUS_GROUPE";"VICTOIRE";7;meme-niveau
"sous-groupe 2";90a6f372-cbd6-4880-b9cd-0ae56829360b;"SOUS-GROUPE 2";"SOUS_GROUPE";"SHRAMANA";3;meme-niveau
"sous-groupe 2";9124924a-7b57-46a3-bfb0-4f5311766aa8;"SOUS-GROUPE 2";"SOUS_GROUPE";"YOUROU";5;meme-niveau
"sous-groupe 2";9175f9d3-1d56-45e7-8a16-80fed760b4d9;"SOUS-GROUPE 2";"SOUS_GROUPE";"TRIOMPHE";6;meme-niveau
"sous-groupe 2";9186c0b8-834b-4d1e-8152-3e87fa675e56;"SOUS-GROUPE 2";"SOUS_GROUPE";"NOUVELLE HORIZON";6;meme-niveau
"sous-groupe 2";91d3405e-31b4-495c-a270-5386ccced03c;"SOUS-GROUPE 2";"SOUS_GROUPE";"SOLEIL LEVANT";4;meme-niveau
"sous-groupe 2";92241d06-449e-40e4-97e2-8e411af062a1;"SOUS-GROUPE 2";"SOUS_GROUPE";"Synatresor";3;meme-niveau
"sous-groupe 2";92287512-6647-40a3-9eea-2f981e9e9131;"SOUS-GROUPE 2";"SOUS_GROUPE";"LOTUS";1;meme-niveau
"sous-groupe 2";9231fb98-4947-45ff-bfd0-2d76e5b7f58f;"SOUS-GROUPE 2";"SOUS_GROUPE";"BONNE FORTUNE";2;meme-niveau
"sous-groupe 2";929dc33d-89e2-4d7d-98a5-12d3c5b4701c;"SOUS-GROUPE 2";"SOUS_GROUPE";"Azaguié";3;meme-niveau
"sous-groupe 2";92ba6a3d-7cf5-46e6-8b75-fb90053cd7cf;"SOUS-GROUPE 2";"SOUS_GROUPE";"GROUPE 2";2;meme-niveau
"sous-groupe 2";92c5c38b-dce0-4bf9-ad13-5c377b87c0b7;"SOUS-GROUPE 2";"SOUS_GROUPE";"RÉVÉRÉ";8;meme-niveau
"sous-groupe 2";92e38c9b-a790-473f-9e86-0e5d418a9146;"SOUS-GROUPE 2";"SOUS_GROUPE";"CŒUR DE LION";5;meme-niveau
"sous-groupe 2";93e29bec-8829-4140-bd50-88d538d01b9f;"SOUS-GROUPE 2";"SOUS_GROUPE";"SAGESSE";7;meme-niveau
"sous-groupe 2";94881106-2375-4f7c-b44a-cc677c0d5033;"SOUS-GROUPE 2";"SOUS_GROUPE";"CREATION DE VALEUR";1;meme-niveau
"sous-groupe 2";94c54d2b-9043-4ebe-9575-9c753ff2db6d;"SOUS-GROUPE 2";"SOUS_GROUPE";"TERRE PURE";1;meme-niveau
"sous-groupe 2";94caf41d-e1a4-4205-aeba-af4ff9ac1534;"SOUS-GROUPE 2";"SOUS_GROUPE";"TAZIBOUO";4;meme-niveau
"sous-groupe 2";94e0f7cb-e502-4fd2-b297-3aff2d2411ec;"SOUS-GROUPE 2";"SOUS_GROUPE";"Dépôt mosquée";3;meme-niveau
"sous-groupe 2";95b2a9b7-c5de-4921-9728-776620fc0d3c;"SOUS-GROUPE 2";"SOUS_GROUPE";"Groupe 1";0;meme-niveau
"sous-groupe 2";95d249cc-3634-4d2b-baf4-53a453ba9993;"SOUS-GROUPE 2";"SOUS_GROUPE";"GRAND SOLEIL";2;meme-niveau
"sous-groupe 2";96187d76-27fe-4f9b-9075-40ba1d9219ed;"SOUS-GROUPE 2";"SOUS_GROUPE";"SIX ACTES DIFFICILLES";4;meme-niveau
"sous-groupe 2";967cd567-cf89-4262-844f-68ff6b0252bf;"SOUS-GROUPE 2";"SOUS_GROUPE";"ENDOKU IYAKU";1;meme-niveau
"sous-groupe 2";968768b5-1458-43aa-949b-5198a9ba1f33;"SOUS-GROUPE 2";"SOUS_GROUPE";"CHERRY BLOSSOM";0;meme-niveau
"sous-groupe 2";96f176cf-bb69-4efb-b86f-2ebfd1b92420;"SOUS-GROUPE 2";"SOUS_GROUPE";"VICTOIRE";1;meme-niveau
"sous-groupe 2";975914de-78fa-4d42-937d-182d26edcc62;"SOUS-GROUPE 2";"SOUS_GROUPE";"ADJAMENE";1;meme-niveau
"sous-groupe 2";9782dbfa-1f71-41ee-8477-aec1c62c4204;"SOUS-GROUPE 2";"SOUS_GROUPE";"ECOLE SYLLA";3;meme-niveau
"sous-groupe 2";97861467-0940-439f-b1df-767ebc6a981d;"SOUS-GROUPE 2";"SOUS_GROUPE";"TOSSÊTA";0;meme-niveau
"sous-groupe 2";97cd5629-7e9e-469d-b288-70dcce52c89e;"SOUS-GROUPE 2";"SOUS_GROUPE";"DETERMINATION";2;meme-niveau
"sous-groupe 2";98046d41-3b11-4c1f-93c3-527982440f02;"SOUS-GROUPE 2";"SOUS_GROUPE";"TROYA";7;meme-niveau
"sous-groupe 2";989f649b-7203-468d-8cf5-a52caa4badea;"SOUS-GROUPE 2";"SOUS_GROUPE";"ITAIDOSHIN";2;meme-niveau
"sous-groupe 2";9903d2b8-18ea-4134-9952-ca998c4f9dfa;"SOUS-GROUPE 2";"SOUS_GROUPE";"AMOUGNAN";3;meme-niveau
"sous-groupe 2";999c1275-536d-4225-b603-d73adafbfed8;"SOUS-GROUPE 2";"SOUS_GROUPE";"FROMAGER";3;meme-niveau
"sous-groupe 2";9a598985-09f4-422d-a1b1-6fec1f8e6ade;"SOUS-GROUPE 2";"SOUS_GROUPE";"EH MIN LA";5;meme-niveau
"sous-groupe 2";9ab17357-359c-40f1-abb4-9dee863075b0;"SOUS-GROUPE 2";"SOUS_GROUPE";"DEFIS";0;meme-niveau
"sous-groupe 2";9b032da7-08c8-4632-ba5b-e43acfcb567d;"SOUS-GROUPE 2";"SOUS_GROUPE";"LA JOIE";5;meme-niveau
"sous-groupe 2";9b6fd9a8-4972-4725-8060-17e12563d7b0;"SOUS-GROUPE 2";"SOUS_GROUPE";"VICTOIRES";4;meme-niveau
"sous-groupe 2";9bfdd02d-a049-46de-aac5-9f4816be0c87;"SOUS-GROUPE 2";"SOUS_GROUPE";"TOUR AUX TRESORS";2;meme-niveau
"sous-groupe 2";9c164eb3-f054-4fff-809c-eac65ad031c4;"SOUS-GROUPE 2";"SOUS_GROUPE";"HARMONIE";5;meme-niveau
"sous-groupe 2";9c4b539d-f316-45a1-8081-c4db2cc90c99;"SOUS-GROUPE 2";"SOUS_GROUPE";"RDA";2;meme-niveau
"sous-groupe 2";9c8cc82d-cb4d-4e64-b559-b6675a4de3ba;"SOUS-GROUPE 2";"SOUS_GROUPE";"OSAKA";3;meme-niveau
"sous-groupe 2";9c8f8260-9321-4547-bb48-f2a13fdbd398;"SOUS-GROUPE 2";"SOUS_GROUPE";"DEVOTION";3;meme-niveau
"sous-groupe 2";9cccad79-0f2c-4c18-b2a7-23ae5533d223;"SOUS-GROUPE 2";"SOUS_GROUPE";"ITAI DOSHIN";0;meme-niveau
"sous-groupe 2";9cd821b1-ecce-4015-abb9-db133c641d3f;"SOUS-GROUPE 2";"SOUS_GROUPE";"M'BOUAFFOUE";4;meme-niveau
"sous-groupe 2";9d17652d-df12-4bdd-8bb3-92971e20e938;"SOUS-GROUPE 2";"SOUS_GROUPE";"TCHEVA";2;meme-niveau
"sous-groupe 2";9d43cf27-f703-4c61-913d-a2d4647b759b;"SOUS-GROUPE 2";"SOUS_GROUPE";"BANCO";3;meme-niveau
"sous-groupe 2";9d791606-2285-4577-bec1-e87d29371985;"SOUS-GROUPE 2";"SOUS_GROUPE";"L'ŒIL DU BOUDDHA";0;meme-niveau
"sous-groupe 2";9d82fa47-3962-47de-a2e1-1b7e66ef3178;"SOUS-GROUPE 2";"SOUS_GROUPE";"ITAI DOSHIN";6;meme-niveau
"sous-groupe 2";9e0791ec-34a1-4b8b-8b86-4389db43ee94;"SOUS-GROUPE 2";"SOUS_GROUPE";"INP HB";2;meme-niveau
"sous-groupe 2";9e0fdfc0-524c-4507-9fbc-ae65ffe68ded;"SOUS-GROUPE 2";"SOUS_GROUPE";"HOBEN";1;meme-niveau
"sous-groupe 2";9e65fd07-3598-416b-bea8-ff25b61eb447;"SOUS-GROUPE 2";"SOUS_GROUPE";"IKEGAMI";3;meme-niveau
"sous-groupe 2";9e81fc34-7676-41a9-bcc3-6588be856568;"SOUS-GROUPE 2";"SOUS_GROUPE";"HÉVÉA";3;meme-niveau
"sous-groupe 2";9eb74800-4ba8-442b-b180-75833f0d65db;"SOUS-GROUPE 2";"SOUS_GROUPE";"VICTOIRE ECLATANTE";2;meme-niveau
"sous-groupe 2";9eb92869-3714-4370-aa03-e829e122b761;"SOUS-GROUPE 2";"SOUS_GROUPE";"BODDHI";3;meme-niveau
"sous-groupe 2";9f588e55-fd3b-4e85-aa2b-8ed726b3a9bb;"SOUS-GROUPE 2";"SOUS_GROUPE";"SHIJO KINGO";10;meme-niveau
"sous-groupe 2";9f72f364-d7fe-4892-af13-49ad032f9d87;"SOUS-GROUPE 2";"SOUS_GROUPE";"EBEN EZER";6;meme-niveau
"sous-groupe 2";9f9f7c3d-9d2a-4d13-bb6e-a48647eee436;"SOUS-GROUPE 2";"SOUS_GROUPE";"CHÂTEAU";0;meme-niveau
"sous-groupe 2";9fb41223-6d01-485d-a4ff-effda76f5b66;"SOUS-GROUPE 2";"SOUS_GROUPE";"ICHINEN";3;meme-niveau
"sous-groupe 2";9ff342de-a851-4179-9964-5a4f68183dfd;"SOUS-GROUPE 2";"SOUS_GROUPE";"YANWROZRAN";1;meme-niveau
"sous-groupe 2";a024be18-c037-499c-98ab-114a8a9d7221;"SOUS-GROUPE 2";"SOUS_GROUPE";"TERRE DE VICTOIRE";2;meme-niveau
"sous-groupe 2";a0f10471-7e8d-4b11-ae8b-669205cf0fc3;"SOUS-GROUPE 2";"SOUS_GROUPE";"KODOKU";1;meme-niveau
"sous-groupe 2";a0fc36ad-9881-4672-8713-a6f10f2a7c2a;"SOUS-GROUPE 2";"SOUS_GROUPE";"DISCIPLES D'IKEDA";0;meme-niveau
"sous-groupe 2";a0fcadab-d4ea-408f-ac35-c36233d519f2;"SOUS-GROUPE 2";"SOUS_GROUPE";"DERNIERS JOURS DE LA LOI";2;meme-niveau
"sous-groupe 2";a1036f1e-715d-43b1-8247-6b6b09225ed6;"SOUS-GROUPE 2";"SOUS_GROUPE";"CŒUR DE DIAMANT";2;meme-niveau
"sous-groupe 2";a15dee4b-f8f7-467e-ab04-31e34ba74a76;"SOUS-GROUPE 2";"SOUS_GROUPE";"Soleil levant";4;meme-niveau
"sous-groupe 2";a182f336-f31a-4fb0-a312-ad1bd78afd8e;"SOUS-GROUPE 2";"SOUS_GROUPE";"ZOGBAN";3;meme-niveau
"sous-groupe 2";a1c41163-ce33-48d1-a7fa-2662b8e0cec8;"SOUS-GROUPE 2";"SOUS_GROUPE";"HABITAT";0;meme-niveau
"sous-groupe 2";a223217b-0729-46fe-b80a-cdbb8e62a1df;"SOUS-GROUPE 2";"SOUS_GROUPE";"LE SERMENT DU BONHEUR";3;meme-niveau
"sous-groupe 2";a2384a61-cecf-4dce-be8b-8e7983368df1;"SOUS-GROUPE 2";"SOUS_GROUPE";"YIRI";5;meme-niveau
"sous-groupe 2";a26db638-8570-494d-8ded-89eefcf9574f;"SOUS-GROUPE 2";"SOUS_GROUPE";"TRESOR DU CŒUR";1;meme-niveau
"sous-groupe 2";a27cb275-f834-4795-a4a2-7a714bd62adb;"SOUS-GROUPE 2";"SOUS_GROUPE";"FLEUR DE LOTUS";5;meme-niveau
"sous-groupe 2";a2b95281-f116-4cf0-bde0-2234cce3baea;"SOUS-GROUPE 2";"SOUS_GROUPE";"TRIOMPHE";3;meme-niveau
"sous-groupe 2";a2fb4257-bfe8-4f92-9e96-a77f970b0632;"SOUS-GROUPE 2";"SOUS_GROUPE";"GRAND BIENFAIT";2;meme-niveau
"sous-groupe 2";a30a7fc5-7de2-40b4-98f9-509fe116d027;"SOUS-GROUPE 2";"SOUS_GROUPE";"MONASTÈRE";3;meme-niveau
"sous-groupe 2";a3123637-c8d6-4ba2-93ad-016f30cc0369;"SOUS-GROUPE 2";"SOUS_GROUPE";"ITAI DOSHIN";3;meme-niveau
"sous-groupe 2";a3471663-ad23-4076-98c3-ec0327d7753d;"SOUS-GROUPE 2";"SOUS_GROUPE";"ITAI DOSHIN 1";1;meme-niveau
"sous-groupe 2";a4682682-d3b9-42b8-8a83-357cb7313797;"SOUS-GROUPE 2";"SOUS_GROUPE";"SOSEI";3;meme-niveau
"sous-groupe 2";a49d632b-7675-47ca-a5ec-512f5a2b43d2;"SOUS-GROUPE 2";"SOUS_GROUPE";"LUMIERE DU MONDE";0;meme-niveau
"sous-groupe 2";a539b78b-c432-4e92-98a9-490d54806ff1;"SOUS-GROUPE 2";"SOUS_GROUPE";"PERSEVERANCE";6;meme-niveau
"sous-groupe 2";a5574074-642a-4b0d-99ee-8ae6318feb5c;"SOUS-GROUPE 2";"SOUS_GROUPE";"GENERAL TIGRE DE PIERRE";0;meme-niveau
"sous-groupe 2";a594592b-f032-4bdd-b5c8-0dc6e0140d89;"SOUS-GROUPE 2";"SOUS_GROUPE";"ABUTSU-BU";2;meme-niveau
"sous-groupe 2";a5a950eb-7d11-4da7-865d-c47b405fac38;"SOUS-GROUPE 2";"SOUS_GROUPE";"KIBOH";4;meme-niveau
"sous-groupe 2";a6246da1-5f0d-401c-8753-63f3d671229a;"SOUS-GROUPE 2";"SOUS_GROUPE";"SOLEIL LEVANT";12;meme-niveau
"sous-groupe 2";a66848aa-5328-4d23-92e7-72866e9eb215;"SOUS-GROUPE 2";"SOUS_GROUPE";"REVOLUTION HUMAINE";2;meme-niveau
"sous-groupe 2";a67785fe-814f-42f1-96e2-33499f343ce3;"SOUS-GROUPE 2";"SOUS_GROUPE";"JINZAI";4;meme-niveau
"sous-groupe 2";a6bce57c-a42a-4b2e-ac65-e1d2f094a14d;"SOUS-GROUPE 2";"SOUS_GROUPE";"STRATEGIE DU SUTRA DU LOTUS";1;meme-niveau
"sous-groupe 2";a6da0cc0-5231-47b1-80c5-4a585586d8ee;"SOUS-GROUPE 2";"SOUS_GROUPE";"AKLOMIBLA";5;meme-niveau
"sous-groupe 2";a71ef318-5270-44fb-8603-a25ddcdd5502;"SOUS-GROUPE 2";"SOUS_GROUPE";"AURORE";2;meme-niveau
"sous-groupe 2";a764237d-784b-41ae-9846-65be140bf540;"SOUS-GROUPE 2";"SOUS_GROUPE";"KODOKU";1;meme-niveau
"sous-groupe 2";a78ce819-832d-4aa3-a173-5a8c31d71e0c;"SOUS-GROUPE 2";"SOUS_GROUPE";"CHÂTEAU DU BONHEUR";3;meme-niveau
"sous-groupe 2";a796ce9a-c907-42a0-ac2b-f033e809c959;"SOUS-GROUPE 2";"SOUS_GROUPE";"BONNE FORTUNE";2;meme-niveau
"sous-groupe 2";a8748de5-0377-4998-b044-ddd9b1142a80;"SOUS-GROUPE 2";"SOUS_GROUPE";"NOUVELLE GARE";3;meme-niveau
"sous-groupe 2";a8a18a28-4b4d-466d-82e4-bb0b96f96ea2;"SOUS-GROUPE 2";"SOUS_GROUPE";"MAHOU";4;meme-niveau
"sous-groupe 2";a8a69dfd-2cab-4d17-9b5f-14f19849a5ff;"SOUS-GROUPE 2";"SOUS_GROUPE";"KOUA-DOH";5;meme-niveau
"sous-groupe 2";a9224428-8d9d-4f58-9660-806e5e3a8f3c;"SOUS-GROUPE 2";"SOUS_GROUPE";"Cité Sir";4;meme-niveau
"sous-groupe 2";aa8436dd-fe77-4dc1-a1c8-60e7a20c7187;"SOUS-GROUPE 2";"SOUS_GROUPE";"SOLEIL";2;meme-niveau
"sous-groupe 2";ab6cbb83-00b2-443b-a419-bb6ec3a45819;"SOUS-GROUPE 2";"SOUS_GROUPE";"MAINTES-TRESORS";7;meme-niveau
"sous-groupe 2";ac04ef2a-6b52-43bc-af49-ac00dacdd6b1;"SOUS-GROUPE 2";"SOUS_GROUPE";"PMI";3;meme-niveau
"sous-groupe 2";ac935209-23de-4cdc-9d02-68fb085792ee;"SOUS-GROUPE 2";"SOUS_GROUPE";"RENAISSANCE";0;meme-niveau
"sous-groupe 2";aca6a2d1-f8bc-4779-925a-1c2a69d5840b;"SOUS-GROUPE 2";"SOUS_GROUPE";"ECLAT D'OR";3;meme-niveau
"sous-groupe 2";acff78ae-e449-470a-b33b-c4a69c6fda06;"SOUS-GROUPE 2";"SOUS_GROUPE";"CAREFOU BEREBY";3;meme-niveau
"sous-groupe 2";ad74d039-45b0-4333-8542-f5358d220344;"SOUS-GROUPE 2";"SOUS_GROUPE";"ZILE";7;meme-niveau
"sous-groupe 2";ad9eeb52-c9c0-468d-bd18-aca2091259b9;"SOUS-GROUPE 2";"SOUS_GROUPE";"KANSAI";9;meme-niveau
"sous-groupe 2";adb61b1d-c147-49c2-a3d7-6866736c97e2;"SOUS-GROUPE 2";"SOUS_GROUPE";"KUDOKU";3;meme-niveau
"sous-groupe 2";adbea622-4d5c-44a7-be70-84d8f45e6369;"SOUS-GROUPE 2";"SOUS_GROUPE";"NICHI";2;meme-niveau
"sous-groupe 2";ae1ad41f-1410-43d2-b502-8dfb4b8a0ca2;"SOUS-GROUPE 2";"SOUS_GROUPE";"Groupe 1";1;meme-niveau
"sous-groupe 2";ae836e69-540b-4b6d-92c8-a8973ddfed0a;"SOUS-GROUPE 2";"SOUS_GROUPE";"EHOUSSOU";1;meme-niveau
"sous-groupe 2";af3f42c4-e889-42cd-87f2-02d437445408;"SOUS-GROUPE 2";"SOUS_GROUPE";"KUDOKU";1;meme-niveau
"sous-groupe 2";afcc6e1e-7ac2-47e0-bbda-0ff4dcc369e2;"SOUS-GROUPE 2";"SOUS_GROUPE";"ZYLÈ";0;meme-niveau
"sous-groupe 2";afeed50d-1949-462e-9e01-f14b5f32c139;"SOUS-GROUPE 2";"SOUS_GROUPE";"FATOUAKRO";8;meme-niveau
"sous-groupe 2";b0016f14-3f34-4add-8af9-9e68ac23f30e;"SOUS-GROUPE 2";"SOUS_GROUPE";"PROMOGIM";4;meme-niveau
"sous-groupe 2";b044dae3-544f-421d-a146-5c1e1629c1e7;"SOUS-GROUPE 2";"SOUS_GROUPE";"Cité concorde";3;meme-niveau
"sous-groupe 2";b0787d88-e2ad-4200-8ac8-8f99519d2fe1;"SOUS-GROUPE 2";"SOUS_GROUPE";"SINCERITE";4;meme-niveau
"sous-groupe 2";b0ede4d5-69d1-4cbe-b957-9d4ca8e51cbd;"SOUS-GROUPE 2";"SOUS_GROUPE";"ROI LION";6;meme-niveau
"sous-groupe 2";b14537d2-df30-4569-8687-f10e93844aac;"SOUS-GROUPE 2";"SOUS_GROUPE";"SOURCE DE VICTOIRE";4;meme-niveau
"sous-groupe 2";b145e538-2d1b-46a8-86b9-8d59461685c6;"SOUS-GROUPE 2";"SOUS_GROUPE";"SABRE DE LA VICTOIRE";4;meme-niveau
"sous-groupe 2";b232f79e-3306-452a-b5ec-46ee1749f2a6;"SOUS-GROUPE 2";"SOUS_GROUPE";"TAABO";0;meme-niveau
"sous-groupe 2";b2906cd4-2e24-47a5-b0df-ba4ca2d7b4ff;"SOUS-GROUPE 2";"SOUS_GROUPE";"ANGRE TERRAIN";6;meme-niveau
"sous-groupe 2";b3056657-0af7-4a01-8851-58aec8f7e926;"SOUS-GROUPE 2";"SOUS_GROUPE";"KANTO-KAI";5;meme-niveau
"sous-groupe 2";b3acd6ca-0798-46c3-b1b1-70bb32f37539;"SOUS-GROUPE 2";"SOUS_GROUPE";"SUTRA DU LOTUS";0;meme-niveau
"sous-groupe 2";b3d5f71c-5d2f-4725-9e01-14188c119922;"SOUS-GROUPE 2";"SOUS_GROUPE";"CARREFOUR BOLIGO";1;meme-niveau
"sous-groupe 2";b42ea745-79b0-47de-bd72-cd422535a703;"SOUS-GROUPE 2";"SOUS_GROUPE";"ESPOIR";6;meme-niveau
"sous-groupe 2";b433225b-2504-495e-b8fe-4e9372ea273b;"SOUS-GROUPE 2";"SOUS_GROUPE";"FLEUR DE LOTUS";1;meme-niveau
"sous-groupe 2";b49fd10d-a4fd-4e05-aa99-859ad43bef1a;"SOUS-GROUPE 2";"SOUS_GROUPE";"PACOBO";0;meme-niveau
"sous-groupe 2";b51bdd5c-7f84-40ce-ada1-7a409d39572e;"SOUS-GROUPE 2";"SOUS_GROUPE";"KANSAI";4;meme-niveau
"sous-groupe 2";b5322d34-ec3e-4cee-85b9-6260a2809326;"SOUS-GROUPE 2";"SOUS_GROUPE";"Sicogi Espérance";3;meme-niveau
"sous-groupe 2";b5b2d68f-6345-4015-9733-12421a561a77;"SOUS-GROUPE 2";"SOUS_GROUPE";"SADO";0;meme-niveau
"sous-groupe 2";b618db1c-bc52-4666-a5ea-4c8b4d775e0e;"SOUS-GROUPE 2";"SOUS_GROUPE";"BLEDI";8;meme-niveau
"sous-groupe 2";b727c589-a700-40c4-84d4-179dbb5a9699;"SOUS-GROUPE 2";"SOUS_GROUPE";"SHINSHO";4;meme-niveau
"sous-groupe 2";b792e5b8-f8be-4dee-a428-47bf2940474a;"SOUS-GROUPE 2";"SOUS_GROUPE";"ITAI DOSHIN";4;meme-niveau
"sous-groupe 2";b7dbc3c1-8145-4746-b0b4-70173a49d2b2;"SOUS-GROUPE 2";"SOUS_GROUPE";"PERSEVERANCE";9;meme-niveau
"sous-groupe 2";b8d05a8d-8358-4e38-acc4-053db1445a9e;"SOUS-GROUPE 2";"SOUS_GROUPE";"KUDOKU";4;meme-niveau
"sous-groupe 2";b9629fe4-6532-43d3-9346-a26b6144b252;"SOUS-GROUPE 2";"SOUS_GROUPE";"ITAÏ DOSHIN";0;meme-niveau
"sous-groupe 2";b9effc73-18a9-47f9-886b-1a05f88a50e7;"SOUS-GROUPE 2";"SOUS_GROUPE";"KYONIMBO";4;meme-niveau
"sous-groupe 2";b9f35205-6e41-4538-89f2-23d9ff3ded87;"SOUS-GROUPE 2";"SOUS_GROUPE";"TOUR AUX TRESORS";2;meme-niveau
"sous-groupe 2";ba0bd5cc-3336-4d34-b575-f67b69c1a3d5;"SOUS-GROUPE 2";"SOUS_GROUPE";"DJELIA";3;meme-niveau
"sous-groupe 2";ba0e1d1f-f96a-42c1-8761-008306b5a2ba;"SOUS-GROUPE 2";"SOUS_GROUPE";"BELIER";2;meme-niveau
"sous-groupe 2";ba56f964-dc90-493a-813a-db208bdc2bf0;"SOUS-GROUPE 2";"SOUS_GROUPE";"VICTOIRE";2;meme-niveau
"sous-groupe 2";ba9710a1-a2ab-40c4-a491-ad497a4d9f74;"SOUS-GROUPE 2";"SOUS_GROUPE";"LUMIERE";9;meme-niveau
"sous-groupe 2";bab09c62-bc5b-4021-9863-4ced6cc3411d;"SOUS-GROUPE 2";"SOUS_GROUPE";"FÊGBÊ";1;meme-niveau
"sous-groupe 2";bac5cb9c-5125-4d47-a07d-3d805d5e75f7;"SOUS-GROUPE 2";"SOUS_GROUPE";"VICTIOIRE D'ARRAH";0;meme-niveau
"sous-groupe 2";bb19ddc7-ed0c-40d9-a804-792612888d2f;"SOUS-GROUPE 2";"SOUS_GROUPE";"PROGRES";4;meme-niveau
"sous-groupe 2";bb9b02f7-486e-4c2a-9402-8af59cec4d80;"SOUS-GROUPE 2";"SOUS_GROUPE";"GRANDE MONTAGNE";0;meme-niveau
"sous-groupe 2";bc843100-5a36-4689-88eb-62bbf170025f;"SOUS-GROUPE 2";"SOUS_GROUPE";"ITAI DOSHIN";4;meme-niveau
"sous-groupe 2";bd245f4a-3d08-4db3-bdf2-056755f6b527;"SOUS-GROUPE 2";"SOUS_GROUPE";"ITAI DOSHIN";3;meme-niveau
"sous-groupe 2";bd5af0c1-2bcc-4a90-8a52-b3c73520e1e8;"SOUS-GROUPE 2";"SOUS_GROUPE";"BODDHICITTA";4;meme-niveau
"sous-groupe 2";bd6de397-f910-4c19-aabf-45cca099fae9;"SOUS-GROUPE 2";"SOUS_GROUPE";"FLEUR DE LOTUS";3;meme-niveau
"sous-groupe 2";bdc724e0-d035-418b-8520-f17ff1ecedf1;"SOUS-GROUPE 2";"SOUS_GROUPE";"DISCIPLE SINCERE";6;meme-niveau
"sous-groupe 2";bddeefc9-0c6f-42d9-b784-e8cdc9ed8440;"SOUS-GROUPE 2";"SOUS_GROUPE";"SOLEIL LEVANT";11;meme-niveau
"sous-groupe 2";be3beadc-31fa-45e0-b6af-af96e01971b6;"SOUS-GROUPE 2";"SOUS_GROUPE";"HARMONIE";0;meme-niveau
"sous-groupe 2";be7e0d22-54e8-44ec-bd4a-13ee1a493259;"SOUS-GROUPE 2";"SOUS_GROUPE";"SOLEIL DE L'ESPOIR";3;meme-niveau
"sous-groupe 2";bede6864-2a3b-461f-a942-58722b2cee28;"SOUS-GROUPE 2";"SOUS_GROUPE";"ADDOHA";4;meme-niveau
"sous-groupe 2";bf229752-e204-40fd-a285-3c65ab7aca0d;"SOUS-GROUPE 2";"SOUS_GROUPE";"FRONDOMBO";3;meme-niveau
"sous-groupe 2";bff4d83e-b1a3-4f13-ae1f-9fa938bc15ce;"SOUS-GROUPE 2";"SOUS_GROUPE";"KOSEN RUFU";1;meme-niveau
"sous-groupe 2";bffa7f88-ca2d-418a-95fa-b5347ba1faa0;"SOUS-GROUPE 2";"SOUS_GROUPE";"GROUPE 1";0;meme-niveau
"sous-groupe 2";c0093725-843e-48a2-8858-a59a346cc6fb;"SOUS-GROUPE 2";"SOUS_GROUPE";"ZENSHICHIKI";4;meme-niveau
"sous-groupe 2";c02458fa-2191-485e-a8e0-b5f39e577085;"SOUS-GROUPE 2";"SOUS_GROUPE";"TERRE PURE";2;meme-niveau
"sous-groupe 2";c0493fea-81f6-4220-87d4-3f229d85c08c;"SOUS-GROUPE 2";"SOUS_GROUPE";"20 ARRONDISSEMENT";2;meme-niveau
"sous-groupe 2";c06dd1a8-4fe7-46ae-94ea-e0f8af924938;"SOUS-GROUPE 2";"SOUS_GROUPE";"PILIER DE KOSEN RUFU";2;meme-niveau
"sous-groupe 2";c070a513-561d-4d24-b4b2-796292249db3;"SOUS-GROUPE 2";"SOUS_GROUPE";"DOKUI ST MICHEL";5;meme-niveau
"sous-groupe 2";c0840b74-f5c4-4c9b-8b55-09190a19b395;"SOUS-GROUPE 2";"SOUS_GROUPE";"EMINENCE";0;meme-niveau
"sous-groupe 2";c09c900f-f071-4ee9-add1-f352c9627091;"SOUS-GROUPE 2";"SOUS_GROUPE";"SOYA DOSO";3;meme-niveau
"sous-groupe 2";c107fc6f-80ae-44eb-b4df-1b786b76f5eb;"SOUS-GROUPE 2";"SOUS_GROUPE";"CERISIERS";4;meme-niveau
"sous-groupe 2";c1693286-2a76-4a3d-bb91-d4282c723b50;"SOUS-GROUPE 2";"SOUS_GROUPE";"LA VOIX MERVEILLEUSE";10;meme-niveau
"sous-groupe 2";c2479ec0-b2f5-41ec-820d-5ee654c49186;"SOUS-GROUPE 2";"SOUS_GROUPE";"OBODJE";8;meme-niveau
"sous-groupe 2";c291cbc3-1629-46ce-a625-0fdc42b9c79c;"SOUS-GROUPE 2";"SOUS_GROUPE";"BOLAI";11;meme-niveau
"sous-groupe 2";c2bb6b77-644b-4e2e-8b28-8602f573dec0;"SOUS-GROUPE 2";"SOUS_GROUPE";"GONATE";5;meme-niveau
"sous-groupe 2";c2dadde3-40dc-4cd5-a31b-17268448416c;"SOUS-GROUPE 2";"SOUS_GROUPE";"DAÏ-ICHINEN";3;meme-niveau
"sous-groupe 2";c327865c-3e7b-4cc0-ba87-949636994bbe;"SOUS-GROUPE 2";"SOUS_GROUPE";"TERRE DE VICTOIRE";1;meme-niveau
"sous-groupe 2";c3505949-6d27-4cec-9885-6c6adc6399af;"SOUS-GROUPE 2";"SOUS_GROUPE";"AZAGUIE";1;meme-niveau
"sous-groupe 2";c3a17eb6-cfc7-41d4-a7dc-8b780b885362;"SOUS-GROUPE 2";"SOUS_GROUPE";"NOMBREUX TRESORS";2;meme-niveau
"sous-groupe 2";c4107ef7-187f-4694-bc81-66dcedef41f4;"SOUS-GROUPE 2";"SOUS_GROUPE";"AVENUE 2";3;meme-niveau
"sous-groupe 2";c4156a99-5368-4a89-8212-5411b8723680;"SOUS-GROUPE 2";"SOUS_GROUPE";"HI MAX";3;meme-niveau
"sous-groupe 2";c4962f43-83d5-4adc-8d5b-51f5d140ebfd;"SOUS-GROUPE 2";"SOUS_GROUPE";"SOLEIL";5;meme-niveau
"sous-groupe 2";c4bcf119-7583-412c-95e7-87f21ac21dab;"SOUS-GROUPE 2";"SOUS_GROUPE";"KUDOKU";3;meme-niveau
"sous-groupe 2";c4f8c766-d0c8-48fe-8724-9466db11cd3f;"SOUS-GROUPE 2";"SOUS_GROUPE";"Saint moise";3;meme-niveau
"sous-groupe 2";c4fd5768-e7ad-4b8a-9602-2336353380ae;"SOUS-GROUPE 2";"SOUS_GROUPE";"COURAGE";3;meme-niveau
"sous-groupe 2";c512b26f-5e44-4dc4-8698-3017ae202fd8;"SOUS-GROUPE 2";"SOUS_GROUPE";"YACOLI";7;meme-niveau
"sous-groupe 2";c5641e5c-e811-4dda-8ff2-b55ff0380aef;"SOUS-GROUPE 2";"SOUS_GROUPE";"Saint jean baptiste";4;meme-niveau
"sous-groupe 2";c590ea37-fb81-4aeb-ba12-db26a49a1067;"SOUS-GROUPE 2";"SOUS_GROUPE";"KORIAKRO";0;meme-niveau
"sous-groupe 2";c5d46cce-e414-4835-bcaa-d359d4c8b632;"SOUS-GROUPE 2";"SOUS_GROUPE";"CŒUR LARGE";1;meme-niveau
"sous-groupe 2";c62af731-3916-405c-9be5-3b1ad18168ff;"SOUS-GROUPE 2";"SOUS_GROUPE";"LES CERISIERS";1;meme-niveau
"sous-groupe 2";c6a9a49f-c689-4c1f-8c80-150826ea5fee;"SOUS-GROUPE 2";"SOUS_GROUPE";"ABOUTRES";3;meme-niveau
"sous-groupe 2";c80c7b4d-e8fa-4536-a106-5cf51effb7cd;"SOUS-GROUPE 2";"SOUS_GROUPE";"PHARMACIE BIABOU";3;meme-niveau
"sous-groupe 2";c8558ce8-dca3-4dca-a879-fa0fa5005cca;"SOUS-GROUPE 2";"SOUS_GROUPE";"BIA SUD";3;meme-niveau
"sous-groupe 2";c8741652-fa35-459e-a155-e8600d01cfe8;"SOUS-GROUPE 2";"SOUS_GROUPE";"ROI LION";2;meme-niveau
"sous-groupe 2";c9f3ce19-1483-43ca-a7cb-e486caff1230;"SOUS-GROUPE 2";"SOUS_GROUPE";"LA TOUR AUX TRESORS";1;meme-niveau
"sous-groupe 2";ca2ea45f-dedf-4dd4-8a54-8d752af8ed52;"SOUS-GROUPE 2";"SOUS_GROUPE";"ESPERANCE";1;meme-niveau
"sous-groupe 2";ca3457d7-c6ef-4ba1-88cb-250157d5003a;"SOUS-GROUPE 2";"SOUS_GROUPE";"MONT SUMERU";4;meme-niveau
"sous-groupe 2";cadd9a58-2544-4401-aff8-fd95fda6ac44;"SOUS-GROUPE 2";"SOUS_GROUPE";"PREUVE ACTUELLE";0;meme-niveau
"sous-groupe 2";cae21842-aa1a-4ebf-b6ed-a01ad488e663;"SOUS-GROUPE 2";"SOUS_GROUPE";"SOLEIL LEVANT";0;meme-niveau
"sous-groupe 2";cc50f5b8-4d83-42cf-a741-dd0ba81ad5cc;"SOUS-GROUPE 2";"SOUS_GROUPE";"ESPOIR 1";3;meme-niveau
"sous-groupe 2";ccced02e-718d-41c8-9de4-8d1ebd2f9920;"SOUS-GROUPE 2";"SOUS_GROUPE";"EVEIL";3;meme-niveau
"sous-groupe 2";cce7387e-6d64-47a7-a86b-3cf825b64b06;"SOUS-GROUPE 2";"SOUS_GROUPE";"MÊTETCHO";3;meme-niveau
"sous-groupe 2";cd422366-fc99-404a-a278-0e89c9d9f642;"SOUS-GROUPE 2";"SOUS_GROUPE";"SICOGI";3;meme-niveau
"sous-groupe 2";cd47829a-2e88-4c74-a072-32c96fcda512;"SOUS-GROUPE 2";"SOUS_GROUPE";"NANDJELET 1";0;meme-niveau
"sous-groupe 2";cd75070e-f147-4714-bab7-f95370baee54;"SOUS-GROUPE 2";"SOUS_GROUPE";"Groupe 3";1;meme-niveau
"sous-groupe 2";cdae7d52-15cc-4796-b61e-87242ff6b1f4;"SOUS-GROUPE 2";"SOUS_GROUPE";"ITAI DOSHIN 3";2;meme-niveau
"sous-groupe 2";cdfbe018-91b7-44c4-a37d-b82812cb61b7;"SOUS-GROUPE 2";"SOUS_GROUPE";"YROZON";0;meme-niveau
"sous-groupe 2";ce232aa0-78fe-4017-b4b4-8c2bbc517b5f;"SOUS-GROUPE 2";"SOUS_GROUPE";"ZENSHICHIKI";2;meme-niveau
"sous-groupe 2";ce445111-533c-46f3-86bf-c2889d276b4f;"SOUS-GROUPE 2";"SOUS_GROUPE";"SOLEIL";6;meme-niveau
"sous-groupe 2";ced021f6-4aba-43a1-858d-eaf1d86fbf2a;"SOUS-GROUPE 2";"SOUS_GROUPE";"DAIMOKU";6;meme-niveau
"sous-groupe 2";cedcd799-3fd4-465c-9473-472979a258eb;"SOUS-GROUPE 2";"SOUS_GROUPE";"PALMIER";1;meme-niveau
"sous-groupe 2";cee967c8-2d3d-49c7-9d0e-102c03c036e6;"SOUS-GROUPE 2";"SOUS_GROUPE";"LOTUS";1;meme-niveau
"sous-groupe 2";cef17490-d792-4358-9440-902172008140;"SOUS-GROUPE 2";"SOUS_GROUPE";"KANZEON";0;meme-niveau
"sous-groupe 2";cfd7721a-9438-4e55-a682-dd7f8bdb7fc7;"SOUS-GROUPE 2";"SOUS_GROUPE";"QOLEIL 2 DJINKPAREDOUO";7;meme-niveau
"sous-groupe 2";d0487d00-b633-4415-9c5f-81036755323f;"SOUS-GROUPE 2";"SOUS_GROUPE";"SHAKUBUKU";9;meme-niveau
"sous-groupe 2";d05c1612-68d0-4e18-aa6a-aadb44f14a08;"SOUS-GROUPE 2";"SOUS_GROUPE";"ITAI DOSHIN";1;meme-niveau
"sous-groupe 2";d09b04f5-4cd5-453f-a35b-59d5d9c6d5a7;"SOUS-GROUPE 2";"SOUS_GROUPE";"KANSAI";3;meme-niveau
"sous-groupe 2";d0abb460-0903-4400-a191-6ef6ccdc3433;"SOUS-GROUPE 2";"SOUS_GROUPE";"MOAYE";2;meme-niveau
"sous-groupe 2";d0ff07b7-d5d9-47cb-b884-9d329ef82d4f;"SOUS-GROUPE 2";"SOUS_GROUPE";"NONIN";2;meme-niveau
"sous-groupe 2";d176dfc8-774f-4f5c-82d1-beda60730e1d;"SOUS-GROUPE 2";"SOUS_GROUPE";"LYCEE";5;meme-niveau
"sous-groupe 2";d1d3b34c-5fd0-453d-95de-eee5999fd2ee;"SOUS-GROUPE 2";"SOUS_GROUPE";"KOKOUEZO";0;meme-niveau
"sous-groupe 2";d25cefdf-585c-48b0-8145-bf8d1bad57a8;"SOUS-GROUPE 2";"SOUS_GROUPE";"SHOTEN NANSHI";4;meme-niveau
"sous-groupe 2";d2a7bd3c-1fd8-4611-a758-595421592b9e;"SOUS-GROUPE 2";"SOUS_GROUPE";"SANON";4;meme-niveau
"sous-groupe 2";d2b78e6e-c4ed-4d20-a7ac-a87b8d6d5263;"SOUS-GROUPE 2";"SOUS_GROUPE";"FUKYO";4;meme-niveau
"sous-groupe 2";d30ba9a6-d897-4e64-9d1c-f8c52cbce83c;"SOUS-GROUPE 2";"SOUS_GROUPE";"KOSSOU";1;meme-niveau
"sous-groupe 2";d34089f3-67fe-464d-a6ed-595e4de71afd;"SOUS-GROUPE 2";"SOUS_GROUPE";"GRAND VŒU";2;meme-niveau
"sous-groupe 2";d3f31c15-c799-479e-8ab1-27b6e54ddf1d;"SOUS-GROUPE 2";"SOUS_GROUPE";"HARMONIE";5;meme-niveau
"sous-groupe 2";d4c32853-dc15-426d-aafd-8e40b3d84ef0;"SOUS-GROUPE 2";"SOUS_GROUPE";"LAZAREKRO";0;meme-niveau
"sous-groupe 2";d5047a1f-f008-4c2b-95d9-ba023ecb9e93;"SOUS-GROUPE 2";"SOUS_GROUPE";"BONHEUR";0;meme-niveau
"sous-groupe 2";d50606af-7a14-4f54-a792-278b2b4e84ea;"SOUS-GROUPE 2";"SOUS_GROUPE";"NAWRÊ";7;meme-niveau
"sous-groupe 2";d5b6332d-9439-47a7-a570-dd0d9c3551bb;"SOUS-GROUPE 2";"SOUS_GROUPE";"AIZEN";2;meme-niveau
"sous-groupe 2";d5fbe5eb-f2c5-41c6-b905-57a61230856c;"SOUS-GROUPE 2";"SOUS_GROUPE";"ITAI DOSHIN";0;meme-niveau
"sous-groupe 2";d67dfcf2-a96c-4741-b18b-95fe2b75eb06;"SOUS-GROUPE 2";"SOUS_GROUPE";"BENIAN";3;meme-niveau
"sous-groupe 2";d751731d-8151-4f25-8312-ee073e7c912f;"SOUS-GROUPE 2";"SOUS_GROUPE";"HOBEN";2;meme-niveau
"sous-groupe 2";d7c14421-3815-4cbf-8954-d6416a3d3fed;"SOUS-GROUPE 2";"SOUS_GROUPE";"Ahouabo";0;meme-niveau
"sous-groupe 2";d85bd803-e7b3-4962-8cbf-670e7a23e734;"SOUS-GROUPE 2";"SOUS_GROUPE";"MOAYE";4;meme-niveau
"sous-groupe 2";d935d2cd-3cc0-443a-8dd3-5da5fc85b0d6;"SOUS-GROUPE 2";"SOUS_GROUPE";"LE DISCIPLE";0;meme-niveau
"sous-groupe 2";d9c570fb-a5b6-46e4-8005-30afbfecea7d;"SOUS-GROUPE 2";"SOUS_GROUPE";"LOTUS";10;meme-niveau
"sous-groupe 2";d9d63caf-5b01-4b7d-904a-0d67fea729b7;"SOUS-GROUPE 2";"SOUS_GROUPE";"IKÉGAMI II";2;meme-niveau
"sous-groupe 2";da1bedc3-0e9f-4d87-8a9b-05f6b72568e4;"SOUS-GROUPE 2";"SOUS_GROUPE";"TERRE DE VICTOIRE";12;meme-niveau
"sous-groupe 2";da3c70f1-b0ec-4e7e-a0e4-1b001c87099f;"SOUS-GROUPE 2";"SOUS_GROUPE";"VOZOLO";5;meme-niveau
"sous-groupe 2";da4d014e-6b7b-4a63-9653-57443248bb9d;"SOUS-GROUPE 2";"SOUS_GROUPE";"LOTUS D'OR";3;meme-niveau
"sous-groupe 2";da70dffe-c43c-4c97-9db1-4f01436509e4;"SOUS-GROUPE 2";"SOUS_GROUPE";"CEG";2;meme-niveau
"sous-groupe 2";da99369b-e53d-4cfe-b835-45e20dad7c2b;"SOUS-GROUPE 2";"SOUS_GROUPE";"MYOHO";6;meme-niveau
"sous-groupe 2";dae155c1-00dd-497f-9cb2-22efebeadf4a;"SOUS-GROUPE 2";"SOUS_GROUPE";"ICHINEN";0;meme-niveau
"sous-groupe 2";daf3f78b-d514-4e27-af42-c179eeaa6880;"SOUS-GROUPE 2";"SOUS_GROUPE";"SOGEFIHA";0;meme-niveau
"sous-groupe 2";db107a5e-f37f-472a-babc-cbf2a08bef27;"SOUS-GROUPE 2";"SOUS_GROUPE";"SOLEIL";5;meme-niveau
"sous-groupe 2";dbb89073-5efa-4690-95c2-a22d8a762027;"SOUS-GROUPE 2";"SOUS_GROUPE";"LYS BLANC";12;meme-niveau
"sous-groupe 2";dc6eb92b-76a0-4cdb-a555-c16dfb04e593;"SOUS-GROUPE 2";"SOUS_GROUPE";"BOLI";3;meme-niveau
"sous-groupe 2";dd1799b0-f75f-4dd1-b812-ac32d2d61a69;"SOUS-GROUPE 2";"SOUS_GROUPE";"SOLEIL";4;meme-niveau
"sous-groupe 2";dd2af8ca-bd37-41be-9046-852acf4d25ba;"SOUS-GROUPE 2";"SOUS_GROUPE";"CITADELLE DE PAIX";5;meme-niveau
"sous-groupe 2";dd5cfd54-1fe1-4a18-914e-f695d95b26da;"SOUS-GROUPE 2";"SOUS_GROUPE";"JOIE AVEC DAIMOKU";2;meme-niveau
"sous-groupe 2";ddef4afb-bf4b-47a9-ada2-cc0f88848f17;"SOUS-GROUPE 2";"SOUS_GROUPE";"FLEUR DE LOTUS";2;meme-niveau
"sous-groupe 2";de05fcd5-0f9d-4e95-a3da-bb57f51f275e;"SOUS-GROUPE 2";"SOUS_GROUPE";"HARMONIE 1";2;meme-niveau
"sous-groupe 2";de0db02d-347b-49c5-a4af-8654e0dedfc1;"SOUS-GROUPE 2";"SOUS_GROUPE";"MAINTS TRESORS";3;meme-niveau
"sous-groupe 2";deb34e19-8f13-4d92-acbc-256cd05cc8f6;"SOUS-GROUPE 2";"SOUS_GROUPE";"VICTOIRE";2;meme-niveau
"sous-groupe 2";df76205c-1013-4e5b-abfd-b15cc057b3f0;"SOUS-GROUPE 2";"SOUS_GROUPE";"NAMASTE";3;meme-niveau
"sous-groupe 2";dfd7909e-3619-4838-9603-c9f7dc555694;"SOUS-GROUPE 2";"SOUS_GROUPE";"VICTOIRE";0;meme-niveau
"sous-groupe 2";dff95002-d713-4574-86c3-1a308f774cde;"SOUS-GROUPE 2";"SOUS_GROUPE";"TOUR AUX TRESORS";0;meme-niveau
"sous-groupe 2";e0472550-4726-42cf-9369-2cfa432e4c14;"SOUS-GROUPE 2";"SOUS_GROUPE";"GFCI";0;meme-niveau
"sous-groupe 2";e07987ff-d44f-4162-873a-6d3c6ebbd3c1;"SOUS-GROUPE 2";"SOUS_GROUPE";"AKPESSEKRO";1;meme-niveau
"sous-groupe 2";e0b2bd5b-2e2d-4fa5-9b5b-29a2a74c98c7;"SOUS-GROUPE 2";"SOUS_GROUPE";"DJANEDJI";3;meme-niveau
"sous-groupe 2";e0d87e1f-2b90-4849-9c11-91a301df63c9;"SOUS-GROUPE 2";"SOUS_GROUPE";"DETERMINATION";3;meme-niveau
"sous-groupe 2";e169c4cc-6b77-4057-8f14-f0eff25c698d;"SOUS-GROUPE 2";"SOUS_GROUPE";"FUKYO";0;meme-niveau
"sous-groupe 2";e171e52a-61b5-43c7-a9ab-8479fbeff4ae;"SOUS-GROUPE 2";"SOUS_GROUPE";"LES TRESORS DE SENSEI";0;meme-niveau
"sous-groupe 2";e1c13590-6bb4-47de-bd7d-ae5440cea646;"SOUS-GROUPE 2";"SOUS_GROUPE";"INSTITUT PASTEUR";1;meme-niveau
"sous-groupe 2";e22b8539-04de-4cd5-a916-5da97c0e2a6d;"SOUS-GROUPE 2";"SOUS_GROUPE";"FUKYO";5;meme-niveau
"sous-groupe 2";e25806ad-f3dc-43fa-9261-587e28995487;"SOUS-GROUPE 2";"SOUS_GROUPE";"SHIKOKU";4;meme-niveau
"sous-groupe 2";e291cbc9-05e5-4fec-8446-3d3f944b4692;"SOUS-GROUPE 2";"SOUS_GROUPE";"LOTUS";4;meme-niveau
"sous-groupe 2";e2b6a0b0-fbec-4614-b5d2-40dfb6faa91a;"SOUS-GROUPE 2";"SOUS_GROUPE";"N'ZRAMA";3;meme-niveau
"sous-groupe 2";e301f205-9780-4096-9754-5382f21a0b9c;"SOUS-GROUPE 2";"SOUS_GROUPE";"BAHI ZAHIRI";4;meme-niveau
"sous-groupe 2";e398917e-ae76-425f-8754-f3514ba67fd3;"SOUS-GROUPE 2";"SOUS_GROUPE";"DÉTERMINATION";0;meme-niveau
"sous-groupe 2";e3db8391-daae-41a8-bf0c-5509ac274bb4;"SOUS-GROUPE 2";"SOUS_GROUPE";"PMFA";1;meme-niveau
"sous-groupe 2";e3e062e5-9a6e-4e8c-90dc-f11240c75d99;"SOUS-GROUPE 2";"SOUS_GROUPE";"LA VOIE D'OR";3;meme-niveau
"sous-groupe 2";e4048b98-218d-4e22-a485-862e90fa1648;"SOUS-GROUPE 2";"SOUS_GROUPE";"ROI LION";3;meme-niveau
"sous-groupe 2";e41d7e59-15c9-447d-87cf-03dd28d7704d;"SOUS-GROUPE 2";"SOUS_GROUPE";"FUKYO";4;meme-niveau
"sous-groupe 2";e44877eb-a50a-4525-9caf-1924ceb97ac7;"SOUS-GROUPE 2";"SOUS_GROUPE";"TP";1;meme-niveau
"sous-groupe 2";e5282abe-4803-4f3b-9ba6-f71aa7c122b8;"SOUS-GROUPE 2";"SOUS_GROUPE";"BONNE FORTUNE";6;meme-niveau
"sous-groupe 2";e58d551c-7fe6-42e5-9af3-e8a17ffde636;"SOUS-GROUPE 2";"SOUS_GROUPE";"SAGESSE";3;meme-niveau
"sous-groupe 2";e5bcbe80-5e84-4b17-9e1c-46fdc16d0e33;"SOUS-GROUPE 2";"SOUS_GROUPE";"KUDOKU";3;meme-niveau
"sous-groupe 2";e61e468a-e60e-4ab7-b932-8103a8c064b5;"SOUS-GROUPE 2";"SOUS_GROUPE";"ZONE 4";2;meme-niveau
"sous-groupe 2";e63722de-2c9b-4bf1-b8a6-59d4f5ec139f;"SOUS-GROUPE 2";"SOUS_GROUPE";"MIRABELLE";5;meme-niveau
"sous-groupe 2";e667d071-8ec5-4625-a320-ab7a64659ea3;"SOUS-GROUPE 2";"SOUS_GROUPE";"YAMAMOTO";2;meme-niveau
"sous-groupe 2";e66d66e7-12b9-4a52-b603-f740d58aac10;"SOUS-GROUPE 2";"SOUS_GROUPE";"SOLEIL";5;meme-niveau
"sous-groupe 2";e702746c-0ba0-414b-b8ea-f5bd4ae673ea;"SOUS-GROUPE 2";"SOUS_GROUPE";"SOLEIL LEVANT";5;meme-niveau
"sous-groupe 2";e715be17-1143-4592-8364-959ad2d27c60;"SOUS-GROUPE 2";"SOUS_GROUPE";"SOLEIL";0;meme-niveau
"sous-groupe 2";e75acd5d-abdd-4a87-8a8e-134f48290bcf;"SOUS-GROUPE 2";"SOUS_GROUPE";"TERMINUS 05";0;meme-niveau
"sous-groupe 2";e793cfd7-7251-4f6c-8622-8eabe8c9bc69;"SOUS-GROUPE 2";"SOUS_GROUPE";"BONNE FORTUNE";0;meme-niveau
"sous-groupe 2";e849b86b-345f-4492-8a0e-a84d87a22cc9;"SOUS-GROUPE 2";"SOUS_GROUPE";"SOKA FOUAZRA";5;meme-niveau
"sous-groupe 2";e8cd0971-c5ed-418b-b97f-d30c7057202b;"SOUS-GROUPE 2";"SOUS_GROUPE";"REVOLUTION HUMAINE";3;meme-niveau
"sous-groupe 2";e9c12e09-f04e-4976-aaa6-71fe25a26cac;"SOUS-GROUPE 2";"SOUS_GROUPE";"CITE DES ARTS";5;meme-niveau
"sous-groupe 2";e9e816ec-b3e6-4e15-8126-09184faa8657;"SOUS-GROUPE 2";"SOUS_GROUPE";"AMALA";5;meme-niveau
"sous-groupe 2";e9e9f138-91db-4e4b-b355-1d785d621b1b;"SOUS-GROUPE 2";"SOUS_GROUPE";"MOROFE";1;meme-niveau
"sous-groupe 2";ea78b24a-0769-4c51-a0a3-8a90dcff9a55;"SOUS-GROUPE 2";"SOUS_GROUPE";"BIENVENUE";1;meme-niveau
"sous-groupe 2";eaa9882f-a77b-4c36-9946-c6ec8d7d3019;"SOUS-GROUPE 2";"SOUS_GROUPE";"LA VOIE D'OR";0;meme-niveau
"sous-groupe 2";eaac5471-bbcd-410f-91a9-4416fb4e60cc;"SOUS-GROUPE 2";"SOUS_GROUPE";"LOTUS";2;meme-niveau
"sous-groupe 2";eaac6441-bbe5-48e1-b475-564ee89b6d3d;"SOUS-GROUPE 2";"SOUS_GROUPE";"IKÉGAMI I";0;meme-niveau
"sous-groupe 2";eab5ab64-2daf-48e4-9ca3-2d46d34fa5e2;"SOUS-GROUPE 2";"SOUS_GROUPE";"SHAKUBUKU";3;meme-niveau
"sous-groupe 2";eb51b75f-0e43-4854-9f0f-ab070d3f80bc;"SOUS-GROUPE 2";"SOUS_GROUPE";"PERSEVERANCE(TOULEPLEU)";0;meme-niveau
"sous-groupe 2";ec168990-d31e-41d8-9a0c-ee22f6e84af1;"SOUS-GROUPE 2";"SOUS_GROUPE";"OWRO";2;meme-niveau
"sous-groupe 2";ed220847-ceff-45c9-be65-8f3bc3dc91d3;"SOUS-GROUPE 2";"SOUS_GROUPE";"Sheneider";0;meme-niveau
"sous-groupe 2";ed5fa8a9-7898-4ae6-86d2-beb3b3e7010c;"SOUS-GROUPE 2";"SOUS_GROUPE";"SOLEIL";1;meme-niveau
"sous-groupe 2";ed6791d1-5ce2-4920-bfd1-571e7334faa3;"SOUS-GROUPE 2";"SOUS_GROUPE";"TAPIS ROUGE";1;meme-niveau
"sous-groupe 2";ed68866b-d6a0-4819-9a6e-69a52885342b;"SOUS-GROUPE 2";"SOUS_GROUPE";"ICHINEN";3;meme-niveau
"sous-groupe 2";eda5c89c-3c2e-4ef2-9af9-1476ceca6c9e;"SOUS-GROUPE 2";"SOUS_GROUPE";"TODA";0;meme-niveau
"sous-groupe 2";ee624561-644b-45ab-a95d-2f05934c125c;"SOUS-GROUPE 2";"SOUS_GROUPE";"DAIMOKU";2;meme-niveau
"sous-groupe 2";eeaa6f4d-ca00-4797-8895-71b2a740e08c;"SOUS-GROUPE 2";"SOUS_GROUPE";"VIA";4;meme-niveau
"sous-groupe 2";eeb77767-a787-4ecf-b0ab-914a4e1ee24e;"SOUS-GROUPE 2";"SOUS_GROUPE";"ESHO FUNI";2;meme-niveau
"sous-groupe 2";eef0a8b5-386d-4434-8cc0-0945bb67f0b2;"SOUS-GROUPE 2";"SOUS_GROUPE";"AWANE";0;meme-niveau
"sous-groupe 2";ef0318f5-d190-446b-ac63-25dc1837e189;"SOUS-GROUPE 2";"SOUS_GROUPE";"AGBOFIKAN";7;meme-niveau
"sous-groupe 2";ef1441a1-a89c-4c3c-b1cb-aa877e341943;"SOUS-GROUPE 2";"SOUS_GROUPE";"KUDOKU";4;meme-niveau
"sous-groupe 2";ef309795-c506-4926-9945-d7a66b586e69;"SOUS-GROUPE 2";"SOUS_GROUPE";"HOSSHAKU KENPON";0;meme-niveau
"sous-groupe 2";ef5a93ec-cc44-483b-8387-05f9289c2048;"SOUS-GROUPE 2";"SOUS_GROUPE";"NICHI";3;meme-niveau
"sous-groupe 2";ef789e33-a661-4c71-baea-1b0c8ee846a7;"SOUS-GROUPE 2";"SOUS_GROUPE";"VICTOIRE ABSOLUE";3;meme-niveau
"sous-groupe 2";efad22c2-6322-414f-a025-52882e203cda;"SOUS-GROUPE 2";"SOUS_GROUPE";"VICTOIRE";3;meme-niveau
"sous-groupe 2";f01469aa-064d-451b-89b4-163dc7ea91c4;"SOUS-GROUPE 2";"SOUS_GROUPE";"ZOADO ZAGUINE";3;meme-niveau
"sous-groupe 2";f0988760-fed3-416d-b616-1dc5fc63effe;"SOUS-GROUPE 2";"SOUS_GROUPE";"KUDOKU";0;meme-niveau
"sous-groupe 2";f0c66807-6c6b-410b-9726-c88f144d38cb;"SOUS-GROUPE 2";"SOUS_GROUPE";"EMERAUDE";3;meme-niveau
"sous-groupe 2";f10a91d7-f9da-4da9-97dd-7b3cdc7d6720;"SOUS-GROUPE 2";"SOUS_GROUPE";"LOTUS";10;meme-niveau
"sous-groupe 2";f143a2c1-0397-434c-879c-bd13276513a0;"SOUS-GROUPE 2";"SOUS_GROUPE";"SHIN-JIN";2;meme-niveau
"sous-groupe 2";f1935bd0-637d-469d-b422-58e2308e8861;"SOUS-GROUPE 2";"SOUS_GROUPE";"NOUVELLE ERE";4;meme-niveau
"sous-groupe 2";f1a87de9-24ef-48d2-b6ce-116024e3d3e4;"SOUS-GROUPE 2";"SOUS_GROUPE";"PREUVE FACTUELLE";1;meme-niveau
"sous-groupe 2";f343cc68-f012-47fc-ba35-9e8086c11c68;"SOUS-GROUPE 2";"SOUS_GROUPE";"BONHEUR";0;meme-niveau
"sous-groupe 2";f3a41919-2a16-4f83-bac8-5c98731ba685;"SOUS-GROUPE 2";"SOUS_GROUPE";"E-GNANYE";3;meme-niveau
"sous-groupe 2";f4257f01-77e6-4188-afae-41da63e73e64;"SOUS-GROUPE 2";"SOUS_GROUPE";"TENAM";2;meme-niveau
"sous-groupe 2";f54b7b44-ea1c-40ac-b68a-98820b85a830;"SOUS-GROUPE 2";"SOUS_GROUPE";"BONTEN";3;meme-niveau
"sous-groupe 2";f653f705-ec6e-4623-bdfa-9d0e4868bf1b;"SOUS-GROUPE 2";"SOUS_GROUPE";"ICHINEN";2;meme-niveau
"sous-groupe 2";f6564892-31de-49ab-9547-39c9600183ec;"SOUS-GROUPE 2";"SOUS_GROUPE";"Groupe 2";3;meme-niveau
"sous-groupe 2";f6b38a81-d3d6-4b1d-978e-e0b0e1bca3b9;"SOUS-GROUPE 2";"SOUS_GROUPE";"KUDOKU";2;meme-niveau
"sous-groupe 2";f6ba4e3b-2bcc-4a88-b520-7c6d443578e3;"SOUS-GROUPE 2";"SOUS_GROUPE";"Agneby";1;meme-niveau
"sous-groupe 2";f72355ff-5335-40cb-a3a5-cfb61893733b;"SOUS-GROUPE 2";"SOUS_GROUPE";"PRINTEMPS";0;meme-niveau
"sous-groupe 2";f7552473-da85-4c33-bcde-8e8f7840b3da;"SOUS-GROUPE 2";"SOUS_GROUPE";"RUGISSEMENT DU LION";2;meme-niveau
"sous-groupe 2";f7c9dcc4-ece2-4119-982a-3e5130abc412;"SOUS-GROUPE 2";"SOUS_GROUPE";"SOLEIL";3;meme-niveau
"sous-groupe 2";f86a6d50-f406-4f7b-aad1-940389636802;"SOUS-GROUPE 2";"SOUS_GROUPE";"HIBISCUS";5;meme-niveau
"sous-groupe 2";f9a7072b-c335-4e83-a288-c4dac921eecc;"SOUS-GROUPE 2";"SOUS_GROUPE";"PERSEVERANCE";0;meme-niveau
"sous-groupe 2";fa85a114-b0c3-47dc-b878-0b335dcc296e;"SOUS-GROUPE 2";"SOUS_GROUPE";"KITADRIN";2;meme-niveau
"sous-groupe 2";faff9262-c43e-4849-84fa-cbf647c1c4bd;"SOUS-GROUPE 2";"SOUS_GROUPE";"KANSAÏ";0;meme-niveau
"sous-groupe 2";fbe06c8f-b632-4504-8e3f-5cea237474fd;"SOUS-GROUPE 2";"SOUS_GROUPE";"REVOLUTION HUMAINE";7;meme-niveau
"sous-groupe 2";fbfd7b06-e3ba-4176-9a3f-49b83ce45716;"SOUS-GROUPE 2";"SOUS_GROUPE";"PERSÉVÉRANCE";7;meme-niveau
"sous-groupe 2";fc4c5123-57a9-4358-9e26-7a460dc30315;"SOUS-GROUPE 2";"SOUS_GROUPE";"CITE COLOMBE";1;meme-niveau
"sous-groupe 2";fc4c6ecd-0537-4698-bfc5-d0c7f357da8d;"SOUS-GROUPE 2";"SOUS_GROUPE";"ALADJE";4;meme-niveau
"sous-groupe 2";fc674292-bbba-4709-85a2-3e20d50628ea;"SOUS-GROUPE 2";"SOUS_GROUPE";"Saint moise";2;meme-niveau
"sous-groupe 2";fc897983-7c8b-4dfd-b182-b3d5f02ed46a;"SOUS-GROUPE 2";"SOUS_GROUPE";"IKEDA";2;meme-niveau
"sous-groupe 2";fc9cfba5-edda-49fe-b8ed-af438656eb62;"SOUS-GROUPE 2";"SOUS_GROUPE";"SIPIM4";0;meme-niveau
"sous-groupe 2";fd1d34d7-0077-4417-a9bf-75b1b25549cd;"SOUS-GROUPE 2";"SOUS_GROUPE";"KANJIN";2;meme-niveau
"sous-groupe 2";fd26612a-de95-44b5-8da7-9aebc7342a91;"SOUS-GROUPE 2";"SOUS_GROUPE";"BONNE FORTUNE";6;meme-niveau
"sous-groupe 2";fd4ada2f-e3d5-41f9-8603-ddf3b3afea35;"SOUS-GROUPE 2";"SOUS_GROUPE";"TERRAIN";1;meme-niveau
"sous-groupe 2";fdb22666-f77c-46d5-a159-2b65362e4e4f;"SOUS-GROUPE 2";"SOUS_GROUPE";"DETERMINATION";3;meme-niveau
"sous-groupe 2";feb24636-d286-4527-a3e4-a43ed303ab66;"SOUS-GROUPE 2";"SOUS_GROUPE";"FUKYO";2;meme-niveau
"sous-groupe 2";fec39693-c19f-42cf-805d-ba5078a51ad2;"SOUS-GROUPE 2";"SOUS_GROUPE";"FUJI";2;meme-niveau
"sous-groupe 3";023a1a3e-4118-4464-aba1-88ad3216290c;"SOUS-GROUPE 3";"SOUS_GROUPE";"VICTOIRE";0;meme-niveau
"sous-groupe 3";0279d5b5-4a8d-4430-9936-190bf7c39cf2;"SOUS-GROUPE 3";"SOUS_GROUPE";"ITAI DOSHIN";2;meme-niveau
"sous-groupe 3";07708da5-1064-4bf3-a98e-613bbcdfec53;"SOUS-GROUPE 3";"SOUS_GROUPE";"BONNE FORTUNE";0;meme-niveau
"sous-groupe 3";07b9624d-27c4-440f-9b25-c5e585736c3f;"SOUS-GROUPE 3";"SOUS_GROUPE";"FOI ABSOLUE";1;meme-niveau
"sous-groupe 3";0a8a977a-078b-407e-87f9-5a9a377a597d;"SOUS-GROUPE 3";"SOUS_GROUPE";"PREUVE ACTUELLE";0;meme-niveau
"sous-groupe 3";15bfff02-0ef8-4217-b6fe-1ab159139da4;"SOUS-GROUPE 3";"SOUS_GROUPE";"ICHINEN";1;meme-niveau
"sous-groupe 3";16fd0101-958c-4543-ae17-72cff2b382fa;"SOUS-GROUPE 3";"SOUS_GROUPE";"KITADRIN";2;meme-niveau
"sous-groupe 3";18d0cb01-22a9-49ea-9f3c-81145e48727a;"SOUS-GROUPE 3";"SOUS_GROUPE";"G10";0;meme-niveau
"sous-groupe 3";1c2c3481-b591-4a05-8a6c-e45cafdf3644;"SOUS-GROUPE 3";"SOUS_GROUPE";"PAILLET";0;meme-niveau
"sous-groupe 3";1fb77082-b6bd-49ab-b83a-13651b43aa54;"SOUS-GROUPE 3";"SOUS_GROUPE";"SOLEIL DE L'ESPOIR";2;meme-niveau
"sous-groupe 3";222ec36f-8ac7-4088-af6d-76ee464d5deb;"SOUS-GROUPE 3";"SOUS_GROUPE";"DÉTERMINATION";7;meme-niveau
"sous-groupe 3";2261eabe-908b-412e-8980-bfbb4fb940ed;"SOUS-GROUPE 3";"SOUS_GROUPE";"MÊTETCHO";3;meme-niveau
"sous-groupe 3";27032030-bc2f-4ad5-b4b0-713929e3e7a5;"SOUS-GROUPE 3";"SOUS_GROUPE";"SABRE DE LA VICTOIRE";3;meme-niveau
"sous-groupe 3";27afae87-41ec-43da-afc0-715ce2eaab9f;"SOUS-GROUPE 3";"SOUS_GROUPE";"SHINJIN";3;meme-niveau
"sous-groupe 3";2ef5cf64-21a2-4fef-97b5-88c311a80c13;"SOUS-GROUPE 3";"SOUS_GROUPE";"LUMIERE DU MONDE";0;meme-niveau
"sous-groupe 3";302734f3-6769-49c6-80ab-0619ff48ac07;"SOUS-GROUPE 3";"SOUS_GROUPE";"CONVICTION";0;meme-niveau
"sous-groupe 3";307bee6f-f68d-4871-9ed0-8390d51638e0;"SOUS-GROUPE 3";"SOUS_GROUPE";"BONHEUR ABSOLU";3;meme-niveau
"sous-groupe 3";31dd2e6e-d368-4087-95f1-7691bf79b1cb;"SOUS-GROUPE 3";"SOUS_GROUPE";"AGBAN";0;meme-niveau
"sous-groupe 3";31e0664c-42ed-420f-8dd9-7a69ac8b76ae;"SOUS-GROUPE 3";"SOUS_GROUPE";"ITAI DOSHIN";5;meme-niveau
"sous-groupe 3";33a463fe-624b-4e9e-a976-d919eab9b288;"SOUS-GROUPE 3";"SOUS_GROUPE";"DAÏ-ICHINEN";1;meme-niveau
"sous-groupe 3";391b9796-851d-4350-8e00-004d1fb56ccb;"SOUS-GROUPE 3";"SOUS_GROUPE";"VICTOIRE";0;meme-niveau
"sous-groupe 3";3bfcd5aa-1553-48ea-9b73-ad6bdb5a432c;"SOUS-GROUPE 3";"SOUS_GROUPE";"AMAKEBOU";1;meme-niveau
"sous-groupe 3";4d40cb88-2b5e-4769-9257-758680542bd1;"SOUS-GROUPE 3";"SOUS_GROUPE";"REVOLUTION HUMAINE";3;meme-niveau
"sous-groupe 3";4ed8626e-daf8-428a-aadc-051cac1a72ea;"SOUS-GROUPE 3";"SOUS_GROUPE";"ARTISANAL";1;meme-niveau
"sous-groupe 3";5047c573-884b-472d-ab08-3cc6d346a68f;"SOUS-GROUPE 3";"SOUS_GROUPE";"PERSEVERANCE";0;meme-niveau
"sous-groupe 3";5155bdfd-9e8f-446a-a396-44807ba632a7;"SOUS-GROUPE 3";"SOUS_GROUPE";"FUKYO";0;meme-niveau
"sous-groupe 3";51603f45-a78e-4209-835a-cd69dea42075;"SOUS-GROUPE 3";"SOUS_GROUPE";"ITAI DOSHIN";0;meme-niveau
"sous-groupe 3";53c5cabd-1134-4c90-84bb-3201bf32482b;"SOUS-GROUPE 3";"SOUS_GROUPE";"Saint jean baptiste";3;meme-niveau
"sous-groupe 3";55962482-959d-47ee-962c-6e196ae05d87;"SOUS-GROUPE 3";"SOUS_GROUPE";"LOTUS D'OR";2;meme-niveau
"sous-groupe 3";55f3ac9a-61ea-47f9-9f49-e0de660661ef;"SOUS-GROUPE 3";"SOUS_GROUPE";"BONNE FORTUNE";2;meme-niveau
"sous-groupe 3";56441229-3aa9-4fe9-af5a-e60ae9138a31;"SOUS-GROUPE 3";"SOUS_GROUPE";"SACHICHIKU";3;meme-niveau
"sous-groupe 3";59268c89-09f0-49e3-b323-788b5c3b2240;"SOUS-GROUPE 3";"SOUS_GROUPE";"KANSAI";10;meme-niveau
"sous-groupe 3";5b88b38d-c731-41ec-83cd-5906ae63aa77;"SOUS-GROUPE 3";"SOUS_GROUPE";"VICTOIRE";4;meme-niveau
"sous-groupe 3";5fc75512-1bfb-43c4-94bd-c5218a4b5d64;"SOUS-GROUPE 3";"SOUS_GROUPE";"ZAIMU";0;meme-niveau
"sous-groupe 3";60d0e063-433d-4595-9140-f273a53f850f;"SOUS-GROUPE 3";"SOUS_GROUPE";"AURORE";4;meme-niveau
"sous-groupe 3";63185b17-3454-49f5-b3e7-e09190d1014d;"SOUS-GROUPE 3";"SOUS_GROUPE";"SÊYÊYÊ";8;meme-niveau
"sous-groupe 3";638df9e4-8cb2-4135-932f-63a9e7b09cfe;"SOUS-GROUPE 3";"SOUS_GROUPE";"SADO";3;meme-niveau
"sous-groupe 3";64126f0f-f176-4a0e-a7bf-19627131989a;"SOUS-GROUPE 3";"SOUS_GROUPE";"LES CERISIERS";6;meme-niveau
"sous-groupe 3";648f0066-96ff-4c08-ad89-83fc6bf22271;"SOUS-GROUPE 3";"SOUS_GROUPE";"HOSSHAKU KENPON";6;meme-niveau
"sous-groupe 3";669eaf1e-ba48-499f-9051-128fbfc66351;"SOUS-GROUPE 3";"SOUS_GROUPE";"FRATERNITE";0;meme-niveau
"sous-groupe 3";66efe9eb-4c2b-41d6-ad4f-f911ca1f49fa;"SOUS-GROUPE 3";"SOUS_GROUPE";"RUGISSEMENT DU LION";0;meme-niveau
"sous-groupe 3";6eb0ac3e-ae9f-41a9-b4a0-4525ed3a5dc9;"SOUS-GROUPE 3";"SOUS_GROUPE";"SOLEIL LEVANT";3;meme-niveau
"sous-groupe 3";6ee98dde-4c31-4ee2-9223-3635c8d78e6a;"SOUS-GROUPE 3";"SOUS_GROUPE";"ICHINEN";0;meme-niveau
"sous-groupe 3";6ef68837-6d0e-4e48-a2f0-3b0a426836ac;"SOUS-GROUPE 3";"SOUS_GROUPE";"LE SERMENT DU BONHEUR";0;meme-niveau
"sous-groupe 3";6effe870-12a2-458e-8f93-83e52e613491;"SOUS-GROUPE 3";"SOUS_GROUPE";"ITAI DOSHIN";4;meme-niveau
"sous-groupe 3";71793046-b317-43fc-aecc-83fdfe697283;"SOUS-GROUPE 3";"SOUS_GROUPE";"NOUVEL ERE";0;meme-niveau
"sous-groupe 3";72b714ab-8a43-4349-a1bd-2c09389608af;"SOUS-GROUPE 3";"SOUS_GROUPE";"LA TOUR AUX TRESORS";4;meme-niveau
"sous-groupe 3";731219a4-be4e-43e9-821c-40c1c697b2f3;"SOUS-GROUPE 3";"SOUS_GROUPE";"CŒUR LARGE";6;meme-niveau
"sous-groupe 3";732afbde-b4dc-49ec-af48-5593a5459153;"SOUS-GROUPE 3";"SOUS_GROUPE";"SIX ACTES DIFFICILLES";0;meme-niveau
"sous-groupe 3";74abb58a-86c8-42ee-ae97-de03318392c5;"SOUS-GROUPE 3";"SOUS_GROUPE";"FUKYO";2;meme-niveau
"sous-groupe 3";7508ce98-9828-4f32-86c4-71c2a8946fa9;"SOUS-GROUPE 3";"SOUS_GROUPE";"FORCE VITALE";9;meme-niveau
"sous-groupe 3";75f2cdea-21b8-4cdb-bfbd-a0fff682a5c9;"SOUS-GROUPE 3";"SOUS_GROUPE";"GRAND SOLEIL";6;meme-niveau
"sous-groupe 3";79b64b2f-d8aa-4f3a-ae67-e75160406b2a;"SOUS-GROUPE 3";"SOUS_GROUPE";"ECOLE SYLLA";0;meme-niveau
"sous-groupe 3";7f6f2852-f168-435d-a777-7979622c6b14;"SOUS-GROUPE 3";"SOUS_GROUPE";"SUTRA DU LOTUS";0;meme-niveau
"sous-groupe 3";8081b868-3527-4094-ae2c-148bbaae277e;"SOUS-GROUPE 3";"SOUS_GROUPE";"Cité Sir";4;meme-niveau
"sous-groupe 3";8110917f-38a9-4608-94d3-7e178ca1d02d;"SOUS-GROUPE 3";"SOUS_GROUPE";"FUKYO";0;meme-niveau
"sous-groupe 3";839c03bf-0b00-4835-be81-15470649456d;"SOUS-GROUPE 3";"SOUS_GROUPE";"LOTUS";0;meme-niveau
"sous-groupe 3";88f4b2ef-a158-45ba-a250-f966e136557a;"SOUS-GROUPE 3";"SOUS_GROUPE";"WIA";11;meme-niveau
"sous-groupe 3";8b14cf58-aca3-4872-9777-c57e3a78ecd4;"SOUS-GROUPE 3";"SOUS_GROUPE";"SHAKUBUKU";1;meme-niveau
"sous-groupe 3";8ee7d09b-439e-491f-bbc2-3c02cb1d36d7;"SOUS-GROUPE 3";"SOUS_GROUPE";"ICHINEN";3;meme-niveau
"sous-groupe 3";9340efdd-cad6-4592-b233-469010d2c6cf;"SOUS-GROUPE 3";"SOUS_GROUPE";"KODOKU";0;meme-niveau
"sous-groupe 3";94d3c291-24f4-40ed-9c13-0aef90e32293;"SOUS-GROUPE 3";"SOUS_GROUPE";"COMPASSION";4;meme-niveau
"sous-groupe 3";951a0df2-f8fa-4b83-aa22-0f8669517d16;"SOUS-GROUPE 3";"SOUS_GROUPE";"MIRABELLE";1;meme-niveau
"sous-groupe 3";99ea0df6-10c6-49db-8241-64de8e85045b;"SOUS-GROUPE 3";"SOUS_GROUPE";"MAINTES TRESORS";0;meme-niveau
"sous-groupe 3";9a66da9a-7697-49cb-b389-5ad2b77006f2;"SOUS-GROUPE 3";"SOUS_GROUPE";"TOUR AUX TRESORS";6;meme-niveau
"sous-groupe 3";9a69dc21-ca8c-470e-b9fe-363196dcfea0;"SOUS-GROUPE 3";"SOUS_GROUPE";"MAINTES TRESOR";1;meme-niveau
"sous-groupe 3";9c74255f-fa3a-4328-884e-98622b2a5274;"SOUS-GROUPE 3";"SOUS_GROUPE";"ITAÏ DOSHIN";4;meme-niveau
"sous-groupe 3";9d93fdcf-b866-4a16-a302-fe13c50f7cf1;"SOUS-GROUPE 3";"SOUS_GROUPE";"SUTRA DU LOTUS";2;meme-niveau
"sous-groupe 3";9e3c7432-419d-47f0-80d6-026348450949;"SOUS-GROUPE 3";"SOUS_GROUPE";"PERSEVERANCE(TOULEPLEU)";0;meme-niveau
"sous-groupe 3";a133c9c6-df8a-4bc9-b80d-b897f3d47ea1;"SOUS-GROUPE 3";"SOUS_GROUPE";"ROSSHO";0;meme-niveau
"sous-groupe 3";a270a60c-edfc-468a-bc87-0d1c9543fd42;"SOUS-GROUPE 3";"SOUS_GROUPE";"ADJAMENE";0;meme-niveau
"sous-groupe 3";aacf9bf6-485c-4dd7-ad2f-2ac678e4d03e;"SOUS-GROUPE 3";"SOUS_GROUPE";"PROGRES";7;meme-niveau
"sous-groupe 3";acb74863-c8a7-43b3-a63d-ae1ff848fef6;"SOUS-GROUPE 3";"SOUS_GROUPE";"DEFIS";5;meme-niveau
"sous-groupe 3";b5f31d7b-0c5f-456c-920a-72c0410a6331;"SOUS-GROUPE 3";"SOUS_GROUPE";"DEFI";1;meme-niveau
"sous-groupe 3";bcd51796-0ff7-44d9-b058-72d162246a33;"SOUS-GROUPE 3";"SOUS_GROUPE";"DJELIA";4;meme-niveau
"sous-groupe 3";bf0a7841-ab54-49ee-949e-a9d25dab1b31;"SOUS-GROUPE 3";"SOUS_GROUPE";"YROZON";9;meme-niveau
"sous-groupe 3";c4ce3f2e-83a4-447a-8841-8f5731d9163b;"SOUS-GROUPE 3";"SOUS_GROUPE";"SHONIN";1;meme-niveau
"sous-groupe 3";c51580a9-75f1-4b11-9ef0-4a02df63a980;"SOUS-GROUPE 3";"SOUS_GROUPE";"FUKYO";4;meme-niveau
"sous-groupe 3";c55233e0-5c17-4318-b324-e24cc2e83c4a;"SOUS-GROUPE 3";"SOUS_GROUPE";"VIA";2;meme-niveau
"sous-groupe 3";c6be76cf-6a55-47fc-a9fe-61bdbd7c2d69;"SOUS-GROUPE 3";"SOUS_GROUPE";"INSTITUT PASTEUR";1;meme-niveau
"sous-groupe 3";c7636477-bd29-4f05-988e-e69f1c512c4b;"SOUS-GROUPE 3";"SOUS_GROUPE";"VICTOIRE";1;meme-niveau
"sous-groupe 3";ca506a85-71cf-437b-99b3-1b56f90908da;"SOUS-GROUPE 3";"SOUS_GROUPE";"SHISHIKU";2;meme-niveau
"sous-groupe 3";cb123022-cae6-4727-b4d6-a52473d8deb0;"SOUS-GROUPE 3";"SOUS_GROUPE";"DETERMINATION";0;meme-niveau
"sous-groupe 3";ccd388fe-6750-4d6d-ba8a-310274325e75;"SOUS-GROUPE 3";"SOUS_GROUPE";"VICTOIRE";0;meme-niveau
"sous-groupe 3";ce87d976-5c7b-47d5-9d52-6a8b5ec7fc1f;"SOUS-GROUPE 3";"SOUS_GROUPE";"PROGRES";0;meme-niveau
"sous-groupe 3";cfcd2500-bd9f-4089-bb8e-cac4625c7a94;"SOUS-GROUPE 3";"SOUS_GROUPE";"HARMONIE 2";0;meme-niveau
"sous-groupe 3";d7b22b4a-a102-4bc6-be72-d4b2a0c307aa;"SOUS-GROUPE 3";"SOUS_GROUPE";"LA VOIE D'OR";7;meme-niveau
"sous-groupe 3";d8496109-82b6-437c-9dd1-e12586c29db2;"SOUS-GROUPE 3";"SOUS_GROUPE";"ITAI DOSHIN";1;meme-niveau
"sous-groupe 3";de73a5f0-bcd7-4737-917d-5e2028a4de57;"SOUS-GROUPE 3";"SOUS_GROUPE";"AIZEN";4;meme-niveau
"sous-groupe 3";e414fc57-ac31-4829-a831-d088aa5fbcd0;"SOUS-GROUPE 3";"SOUS_GROUPE";"ICHINEN";0;meme-niveau
"sous-groupe 3";f0895def-e3b7-4393-ae25-af62921ec56b;"SOUS-GROUPE 3";"SOUS_GROUPE";"VOZOLO";5;meme-niveau
"sous-groupe 3";f15b3722-6887-4f5a-aca4-decc5fde9792;"SOUS-GROUPE 3";"SOUS_GROUPE";"TP";3;meme-niveau
"sous-groupe 3";f33ca31e-54f1-4b0c-9637-802fe6a79edd;"SOUS-GROUPE 3";"SOUS_GROUPE";"TOUR AUX TRESORS";11;meme-niveau
"sous-groupe 3";f3dea202-959e-411b-87ef-bce0ef7cd7de;"SOUS-GROUPE 3";"SOUS_GROUPE";"ESPOIR SOKA";3;meme-niveau
"sous-groupe 3";f4400e88-8dc6-436f-a892-56bca22b7113;"SOUS-GROUPE 3";"SOUS_GROUPE";"HARMONIE";0;meme-niveau
"sous-groupe 3";f75cd00b-4eed-417a-b90a-eda9029d2d37;"SOUS-GROUPE 3";"SOUS_GROUPE";"HARMONIE 1";0;meme-niveau
"sous-groupe 3";fa8ec8fe-bb1f-46c5-964d-4244f3ca9e50;"SOUS-GROUPE 3";"SOUS_GROUPE";"DEFIS";0;meme-niveau
"sous-groupe 3";fc00788b-bfff-4849-8193-f1e28d78f98c;"SOUS-GROUPE 3";"SOUS_GROUPE";"Saint moise";4;meme-niveau
"sous-groupe 3";fceef7c3-cffd-4010-bc83-1a74cdf068ca;"SOUS-GROUPE 3";"SOUS_GROUPE";"LUTTE COMMUNE";0;meme-niveau
"sous-groupe 3";fd6e0ec9-f713-4a5e-8415-0d49201afef2;"SOUS-GROUPE 3";"SOUS_GROUPE";"ITAI DOSHIN";2;meme-niveau
"sous-groupe 3";fe790bbb-63e8-429b-8af3-92a4db39f1c9;"SOUS-GROUPE 3";"SOUS_GROUPE";"ESPERANCE";0;meme-niveau
"victoire";0dfdb6ab-f193-4102-a2da-121f43f280c3;"VICTOIRE";"GROUPE";"DAIGAN";0;multi-niveaux
"victoire";0f721bf7-1204-4260-ba46-edb2c311538c;"VICTOIRE";"GROUPE";"DESTIN";0;multi-niveaux
"victoire";2595d2f3-e273-4e6a-9f8a-c9fbbfa46c5b;"VICTOIRE";"DISTRICT";"KAMATA DE KATIOLA";0;multi-niveaux
"victoire";259eb733-56e7-4827-bc89-3fba1da923fb;"VICTOIRE";"GROUPE";"ILE DE SADO";0;multi-niveaux
"victoire";274c2850-5f2a-47b8-817f-64d0b24a6a42;"VICTOIRE";"GROUPE";"KANSAI";0;multi-niveaux
"victoire";2867a7d7-5699-4696-bc5f-b41dbc24eefd;"VICTOIRE";"GROUPE";"GRANDE LUMIERE";0;multi-niveaux
"victoire";2aedf31c-a158-470a-95eb-23ff2aca5c95;"VICTOIRE";"GROUPE";"TCHIVA";0;multi-niveaux
"victoire";38a8dd8c-1cec-4ce7-86ae-0325ff5874e3;"VICTOIRE";"GROUPE";"PRINTEMPS";0;multi-niveaux
"victoire";3e46d1a5-d4ad-48d4-a9e8-2164db14e859;"VICTOIRE";"GROUPE";"AKOUNDAN";0;multi-niveaux
"victoire";4d15aaa4-7605-4970-9d58-af95adb49675;"VICTOIRE";"GROUPE";"JINZAI";0;multi-niveaux
"victoire";4dce7a83-c0ec-4615-bfe3-96f184c84446;"VICTOIRE";"GROUPE";"RÉVOLUTION HUMAINE";0;multi-niveaux
"victoire";4e61e42a-4d30-4f9f-afa8-065b96a74331;"VICTOIRE";"GROUPE";"BODHISATTVAS SORTIS  DE TERRE";0;multi-niveaux
"victoire";4ffe1141-2603-425e-9ee0-81a7888be564;"VICTOIRE";"GROUPE";"HMA";0;multi-niveaux
"victoire";5710cb0b-fc38-4424-b0ba-814709e805c5;"VICTOIRE";"GROUPE";"ANANDA";0;multi-niveaux
"victoire";5aed5ff2-6d9d-47af-af8e-8b30a3097695;"VICTOIRE";"GROUPE";"BIN HOUYE";0;multi-niveaux
"victoire";5cf8714a-be29-4378-83e4-340f35105c85;"VICTOIRE";"GROUPE";"N'DOTRÉ PLAQUE ROUGE";0;multi-niveaux
"victoire";761d648d-740d-4ceb-b8e5-9214a0c26012;"VICTOIRE";"GROUPE";"COURAGE";0;multi-niveaux
"victoire";7b8fcf17-ce26-4bfb-baef-ba8566e0953c;"VICTOIRE";"GROUPE";"DERRIERE WHARF";0;multi-niveaux
"victoire";808fb442-93a8-4cae-b598-3ba37c88d643;"VICTOIRE";"GROUPE";"TOUR DU BONHEUR";0;multi-niveaux
"victoire";82ccc5e3-4b1b-4fda-a39e-abff76c989d1;"VICTOIRE";"GROUPE";"HOSSHI";0;multi-niveaux
"victoire";8af7a046-2590-494a-85d5-19204662549b;"VICTOIRE";"GROUPE";"SONITRA";0;multi-niveaux
"victoire";a3808bee-a6e5-4eba-8ee3-9407d8a233e5;"VICTOIRE";"GROUPE";"EDEH";0;multi-niveaux
"victoire";b087976b-0f8a-4df9-8229-f216d3dbc515;"VICTOIRE";"GROUPE";"PERSEVERANCE";0;multi-niveaux
"victoire";b1d22136-4833-451d-9373-2b5d101473fb;"VICTOIRE";"GROUPE";"KAYELI";0;multi-niveaux
"victoire";bc0b02d5-53d0-4489-b07d-a54bc1b94782;"VICTOIRE";"GROUPE";"AIMONS NOUS";0;multi-niveaux
"victoire";cefbaeec-d666-45d3-a004-f880d84fbe7c;"VICTOIRE";"GROUPE";"ADJAHUI";0;multi-niveaux
"victoire";d66300dd-6675-4df0-a150-ed9d820bbe51;"VICTOIRE";"GROUPE";"BELLEVILLE PHARMACIE";0;multi-niveaux
"victoire";d8837a47-5b49-4a06-87a2-1df995d7620d;"VICTOIRE";"GROUPE";"ESPOIR";0;multi-niveaux
"victoire";d9052777-1d6b-45d8-953c-ddbc061d9465;"VICTOIRE";"GROUPE";"DOUKOUYA";0;multi-niveaux
"victoire";de4e70f7-2a3f-44f3-a93f-37112d50e67a;"VICTOIRE";"GROUPE";"AURORE D'ESPOIR 1";0;multi-niveaux
"victoire";dee6cf41-f29f-456c-b9b3-3512e088926e;"VICTOIRE";"SOUS_GROUPE";"LE MONT DE LA VICTOIRE";3;multi-niveaux
"victoire";e28873b8-b23d-4e07-8db4-11f253ee6210;"VICTOIRE";"GROUPE";"SOLEIL LEVANT";0;multi-niveaux
"victoire";e98d08b0-39d9-4a6a-b877-01056f72719b;"VICTOIRE";"CHAPITRE";"AKOUNDA";0;multi-niveaux
"victoire";eb775e2a-1eb8-41a2-b989-69d64ecc54da;"VICTOIRE";"GROUPE";"CAMP COMMANDO";0;multi-niveaux
"itai doshin";02ef4e4f-c432-46cd-8dfe-323263f9cd31;"ITAI DOSHIN";"GROUPE";"TERRE DE LA LUMIERE";0;multi-niveaux
"itai doshin";04903d0d-d71e-4ced-a09b-5513583b212d;"ITAI DOSHIN";"GROUPE";"NIKKO SHONIN MAN";0;multi-niveaux
"itai doshin";1fc3b4c1-5cc8-4b4e-ac3e-34c8fe423fbc;"ITAI DOSHIN";"GROUPE";"FUKYO";0;multi-niveaux
"itai doshin";269ca75e-64c0-4602-9c01-4972b3835d10;"ITAI DOSHIN";"CENTRE";"Centre Régional CHÂTEAU DE LA VICTOIRE SOKA";0;multi-niveaux
"itai doshin";384ccc8c-0ea6-4c43-b812-c4513ac0e6f7;"ITAI DOSHIN";"GROUPE";"VICTOIRE ABSOLUE";0;multi-niveaux
"itai doshin";3912a57a-24ac-46c9-8c5d-74ab2c916bc5;"ITAI DOSHIN";"DISTRICT";"TERRE DE LA FLEUR DU LOTUS";0;multi-niveaux
"itai doshin";3efff228-f57b-4185-ab39-afbe1611b0df;"ITAI DOSHIN";"GROUPE";"LA VICTOIRE DE L'UNITE";0;multi-niveaux
"itai doshin";42280058-8cc9-4542-8c5b-b555412c2756;"ITAI DOSHIN";"GROUPE";"EDEH";0;multi-niveaux
"itai doshin";4555ed0a-d0cb-4726-bfd6-215b30409f10;"ITAI DOSHIN";"GROUPE";"KATCHIVA";0;multi-niveaux
"itai doshin";484097da-11ae-41fd-b2df-98649ad8193e;"ITAI DOSHIN";"DISTRICT";"KAMAKURA";0;multi-niveaux
"itai doshin";5785ab5a-1d28-4509-ad00-0d54e5ad3f62;"ITAI DOSHIN";"GROUPE";"KAYELI";0;multi-niveaux
"itai doshin";612142d1-0d69-442b-bb8d-ff1e44db6721;"ITAI DOSHIN";"GROUPE";"RÉVOLUTION HUMAINE";0;multi-niveaux
"itai doshin";6c0cca98-38b9-4830-a189-2dd873b8e08d;"ITAI DOSHIN";"GROUPE";"JODO";0;multi-niveaux
"itai doshin";76f6ca98-3d1d-42ea-9893-2798904431fb;"ITAI DOSHIN";"GROUPE";"GRANDE JOIE";0;multi-niveaux
"itai doshin";842586cc-40d8-4b38-85f2-38bf309e0b10;"ITAI DOSHIN";"GROUPE";"RENAISSANCE";0;multi-niveaux
"itai doshin";888ce640-fc14-45f5-9949-fb9eea579de5;"ITAI DOSHIN";"GROUPE";"CARREFOUR KIOSQUE";0;multi-niveaux
"itai doshin";89f620ee-6c3b-4de8-9466-d6420ac0e4ad;"ITAI DOSHIN";"GROUPE";"ESHO FUNI";0;multi-niveaux
"itai doshin";8cf54411-5b82-4c70-bdb3-2b6a57d8273a;"ITAI DOSHIN";"GROUPE";"CHÂTEAU DU BONHEUR ETRENEL";0;multi-niveaux
"itai doshin";917f67da-9bd0-4408-8cce-d982347dc76a;"ITAI DOSHIN";"GROUPE";"TOUR DU BONHEUR";0;multi-niveaux
"itai doshin";a4a4d5c8-09f4-43a2-a59f-56462f66af67;"ITAI DOSHIN";"GROUPE";"WAWO";0;multi-niveaux
"itai doshin";a9f2bbcc-9da4-4fd3-acbd-33b525cd81b7;"ITAI DOSHIN";"GROUPE";"BONHEUR ABSOLU";0;multi-niveaux
"itai doshin";ad0a22a5-1cb6-4faf-a730-a818e4565d34;"ITAI DOSHIN";"GROUPE";"SOGANSSOU";0;multi-niveaux
"itai doshin";c438cae9-9d86-4dc0-9a9a-2826abbbbdf4;"ITAI DOSHIN";"GROUPE";"SHONIN";0;multi-niveaux
"itai doshin";dd5225fc-5856-422b-a6d7-95499c05deb0;"ITAI DOSHIN";"DISTRICT";"ICHINDAI";0;multi-niveaux
"itai doshin";dee9f2c1-d585-4cc6-953d-be1011541c56;"ITAI DOSHIN";"GROUPE";"DETERMINATION";0;multi-niveaux
"itai doshin";e1a45c7a-00aa-4a84-90a3-e3050fad2f87;"ITAI DOSHIN";"GROUPE";"CRAVEN A";0;multi-niveaux
"itai doshin";e7e57479-23ff-4da4-9556-b2fea5021e8f;"ITAI DOSHIN";"GROUPE";"LE LOTUS";0;multi-niveaux
"soleil levant";06921346-9e90-4474-bf05-421882bef600;"SOLEIL LEVANT";"GROUPE";"AIMONS NOUS";0;multi-niveaux
"soleil levant";0be1cbb6-3c7b-40c2-b8b1-0fd3324f2532;"SOLEIL LEVANT";"GROUPE";"LOTUS";0;multi-niveaux
"soleil levant";2258004a-d34d-47a3-82b9-e2ef9cc2257b;"SOLEIL LEVANT";"GROUPE";"JUNYOZE";0;multi-niveaux
"soleil levant";24d5a642-0678-44c1-b8ed-21e0b3ccba2d;"SOLEIL LEVANT";"GROUPE";"MYO";0;multi-niveaux
"soleil levant";291d19b3-27a8-422b-ac89-0817623402c9;"SOLEIL LEVANT";"GROUPE";"COURAGE";0;multi-niveaux
"soleil levant";48629854-0013-47c2-8c5d-499f6f1851ba;"SOLEIL LEVANT";"GROUPE";"LE LOTUS";0;multi-niveaux
"soleil levant";499e5156-26b7-4984-a593-74e7eef384b6;"SOLEIL LEVANT";"DISTRICT";"TERRE D'ESPOIR";0;multi-niveaux
"soleil levant";57649310-dc92-4bfd-b836-8b963235bae8;"SOLEIL LEVANT";"GROUPE";"ROI LION";0;multi-niveaux
"soleil levant";5b474236-edf9-4d61-afba-248d2bc9c05f;"SOLEIL LEVANT";"GROUPE";"PIC DE L'AIGLE GBONNE";0;multi-niveaux
"soleil levant";5f00fe0f-5a40-40ef-b329-bcb1efd30e1a;"SOLEIL LEVANT";"GROUPE";"TOUR AUX TRESORS";0;multi-niveaux
"soleil levant";6a09feab-9267-4e0a-8d39-ffd1983872cb;"SOLEIL LEVANT";"GROUPE";"KANSAI";0;multi-niveaux
"soleil levant";7ccccbfe-4988-4736-8c9c-7573b0126f2f;"SOLEIL LEVANT";"GROUPE";"PERSEVERANCE";0;multi-niveaux
"soleil levant";89672d04-a552-4ed4-8ab2-aa519c8c899b;"SOLEIL LEVANT";"GROUPE";"ESHO FUNI";0;multi-niveaux
"soleil levant";8d2f10a7-1f88-4bb4-81c7-f7921f5870b5;"SOLEIL LEVANT";"GROUPE";"BC";0;multi-niveaux
"soleil levant";91e67aa5-4a6d-4cc8-ac5f-68529017a531;"SOLEIL LEVANT";"GROUPE";"ETENDARD DU PEUPLE";0;multi-niveaux
"soleil levant";9e5dc845-9517-4c2d-8afd-743c4ab55afd;"Soleil levant";"GROUPE";"AGOUETO-CMA";0;multi-niveaux
"soleil levant";a295e40d-5e21-4b8f-8061-ad45b7f00f9d;"SOLEIL LEVANT";"DISTRICT";"SADO";0;multi-niveaux
"soleil levant";aba67a9f-19ab-475f-bfb5-5d1c2b4cb4e4;"SOLEIL LEVANT";"GROUPE";"DETERMINATION";0;multi-niveaux
"soleil levant";ae392e14-53c3-428e-8822-7c87207f0158;"SOLEIL LEVANT";"GROUPE";"ICHINEN";0;multi-niveaux
"soleil levant";b8c9ddf7-5e27-4178-8547-01ff569e3910;"SOLEIL LEVANT";"GROUPE";"FOI SINCERE";0;multi-niveaux
"soleil levant";c721b0d1-b964-4ad1-acbf-d7c6217e2030;"SOLEIL LEVANT";"GROUPE";"ZENSHICHIKY";0;multi-niveaux
"soleil levant";c84d2c06-b349-40eb-9fcd-16de7c6b8565;"SOLEIL LEVANT";"GROUPE";"SHO HO JISHO";0;multi-niveaux
"soleil levant";cc559156-6f38-4334-81a9-3aadb5e0e078;"SOLEIL LEVANT";"DISTRICT";"SAGESSE";0;multi-niveaux
"soleil levant";d2c6a17d-1f4e-4477-93a4-e36d6046dd24;"SOLEIL LEVANT";"GROUPE";"LA NOBLE VOIE";0;multi-niveaux
"lotus";0b4937b2-08c6-4f16-b9e3-be00028ba2a9;"LOTUS";"CHAPITRE";"SOKA OUME";0;multi-niveaux
"lotus";0b7d99a3-9e77-4b67-ab9a-70d0463f6b55;"LOTUS";"DISTRICT";"MINEKO";0;multi-niveaux
"lotus";1aa1cefa-1a69-4db2-a848-0c1211649405;"LOTUS";"GROUPE";"NONIN";0;multi-niveaux
"lotus";31b4499f-20b9-40ed-af3f-f6837164d034;"LOTUS";"DISTRICT";"DEFI";0;multi-niveaux
"lotus";432cd714-8b1e-4e83-a4e6-0329e26614a7;"LOTUS";"GROUPE";"CŒUR DU BOUDDHA";0;multi-niveaux
"lotus";5232af46-53ab-4e46-8ba0-8928cc12c75a;"LOTUS";"GROUPE";"SHINJIN";0;multi-niveaux
"lotus";5611661a-0c1e-4078-9579-63440aca84d1;"LOTUS";"GROUPE";"MYO";0;multi-niveaux
"lotus";6e41279c-2d09-4c4b-96c1-eb59b8ecf58f;"LOTUS";"GROUPE";"PRODOMO";0;multi-niveaux
"lotus";9a2b313c-7bdf-4801-81b3-5ff0f12f53a7;"LOTUS";"GROUPE";"N'GBAFFRÊ";0;multi-niveaux
"lotus";a2c908bc-660d-45c2-a2ca-147a2c0ce4b2;"LOTUS";"GROUPE";"ROI LION";0;multi-niveaux
"lotus";a387f64b-7d4a-4596-b6f2-c5cc50d9cdcb;"LOTUS";"GROUPE";"LE LOTUS";0;multi-niveaux
"lotus";a58ac9d7-0d96-4c9b-ae65-513aaafcbb8a;"LOTUS";"GROUPE";"BODHISATTVAS SORTIS  DE TERRE";0;multi-niveaux
"lotus";aec387f5-140b-45c2-a713-e0e322436882;"LOTUS";"GROUPE";"HERE MANKONO";0;multi-niveaux
"lotus";b1d29bf5-3fc6-4609-a7f4-e7caa34735c3;"LOTUS";"GROUPE";"ANOUANZE";0;multi-niveaux
"lotus";bb03476a-b912-4bd7-983c-8fbd71157307;"LOTUS";"GROUPE";"KANAGAWA";0;multi-niveaux
"lotus";c5c15df3-e0fb-46e6-abbf-b2c3b1fd9497;"LOTUS";"GROUPE";"LE BONHEUR ABSOLUE";0;multi-niveaux
"lotus";c734b3b0-332f-4d6c-a5ac-0c8141f4e085;"LOTUS";"GROUPE";"VICTOIRE ABSOLUE";0;multi-niveaux
"lotus";db85c710-e927-41d2-8c1d-65ffbd982489;"LOTUS";"GROUPE";"YOUMYOSHOJIN";0;multi-niveaux
"lotus";ef010fee-f7b5-4d12-9eb5-3d470aa7df50;"LOTUS";"GROUPE";"CRS";0;multi-niveaux
"lotus";f2613524-dfbc-44e0-b09b-b33ec20d6beb;"LOTUS";"GROUPE";"SHONIN";0;multi-niveaux
"lotus";f53adeda-de49-4e85-8fee-5982c099800c;"LOTUS";"GROUPE";"SOSEI";0;multi-niveaux
"lotus";f8a9d386-7cb4-4152-83ca-93a41ab297e1;"LOTUS";"GROUPE";"ROI LION";0;multi-niveaux
"fukyo";1cffb7f7-af36-40e9-a439-9968fe105393;"FUKYO";"GROUPE";"CAMPEMENT";0;multi-niveaux
"fukyo";2830d3ca-6ed1-4680-88ff-a04ba44bfe38;"FUKYO";"DISTRICT";"OSAKA";0;multi-niveaux
"fukyo";2ccf0149-1b64-45c1-9011-bfb6f37ced5e;"FUKYO";"GROUPE";"PERSEVERANCE";0;multi-niveaux
"fukyo";3461ebd8-df27-4009-b318-6b6c17946ea6;"FUKYO";"GROUPE";"LE SERMENT DU BONHEUR";0;multi-niveaux
"fukyo";3c9fadc8-3450-430b-aa95-972330b0617e;"FUKYO";"DISTRICT";"SHISHIKU";0;multi-niveaux
"fukyo";3d6b8655-7e2d-4fca-b17b-bbdf2bfedb33;"FUKYO";"GROUPE";"GONZAGUEVILLE-ABRAHAM";0;multi-niveaux
"fukyo";406b10d6-4ad8-4a06-8529-703c47a26860;"FUKYO";"GROUPE";"LA PERSEVERANCE";0;multi-niveaux
"fukyo";455a6672-f0ea-40f8-b528-9076d85d522a;"FUKYO";"GROUPE";"MOYE-DAN";0;multi-niveaux
"fukyo";578b854e-1a37-4642-a820-49797e7d7033;"FUKYO";"GROUPE";"BC";0;multi-niveaux
"fukyo";5d774fad-4e20-4319-9dde-5d0e4927e204;"FUKYO";"CHAPITRE";"MAINTS TRESORS";0;multi-niveaux
"fukyo";755d697f-fb13-4efb-9acf-336d5c67d02c;"FUKYO";"GROUPE";"14 IEME";0;multi-niveaux
"fukyo";842151ed-24b8-4329-9722-0b8b6ccf3272;"FUKYO";"CHAPITRE";"PEZITO";0;multi-niveaux
"fukyo";87fa9f9d-7e2e-47e2-a667-8dac71905c88;"FUKYO";"GROUPE";"15 IEME";0;multi-niveaux
"fukyo";91ca0b14-132f-4528-8064-1ebfd2b90d3c;"FUKYO";"GROUPE";"KRATOS";0;multi-niveaux
"fukyo";998032c6-b32e-4794-9375-598308689eba;"FUKYO";"DISTRICT";"LOTUS";0;multi-niveaux
"fukyo";9aa818dd-7e7f-47e8-9d06-78a315d6c46d;"FUKYO";"DISTRICT";"BONNE FORTUNE";0;multi-niveaux
"fukyo";b4055284-05c8-48a0-9150-58ea6e82cbab;"FUKYO";"DISTRICT";"AWANE";0;multi-niveaux
"fukyo";b7b4a7fc-a4a8-4dad-a398-560890c3704e;"FUKYO";"CENTRE";"Centre Régional LUTTER ENSEMBLE";0;multi-niveaux
"fukyo";b8b2c92d-1b1a-46b8-ab25-ec2601ea4c9a;"FUKYO";"DISTRICT";"MIN-KIA";0;multi-niveaux
"fukyo";cb0dab95-3612-452f-ab63-3b1bb7d9cac4;"FUKYO";"GROUPE";"LES CERISIERS";0;multi-niveaux
"fukyo";e4f867e3-6d8e-4eb3-914a-c3e42c76a710;"FUKYO";"GROUPE";"COEUR DE LION";0;multi-niveaux
"fukyo";f34484ec-d4b0-4434-ac95-5705f97cf816;"FUKYO";"GROUPE";"TERRE DE LUMIÈRE";0;multi-niveaux
"perseverance";254f2799-27e4-4d65-903b-20fb02bbc673;"PERSEVERANCE";"CHAPITRE";"LOTUS BLANC BOUAKE";2;multi-niveaux
"perseverance";28304619-fee7-4adc-9336-4065537928ce;"PERSEVERANCE";"DISTRICT";"ICHINDAI";0;multi-niveaux
"perseverance";30db3755-50a8-4867-9ed4-4e5a210d1f41;"PERSEVERANCE";"GROUPE";"SOLEIL BIANKOUMA";0;multi-niveaux
"perseverance";30feccfd-c5fb-4b20-8028-8735196f8924;"PERSEVERANCE";"GROUPE";"DETERMINATION";0;multi-niveaux
"perseverance";38cf7a14-336b-4e70-bc5b-ec72ec5c0892;"PERSEVERANCE";"DISTRICT";"LE GRAND VŒU";0;multi-niveaux
"perseverance";3aa18698-e436-4cc2-a3e7-036bf412d252;"PERSEVERANCE";"GROUPE";"JUNYOZE";0;multi-niveaux
"perseverance";58ea0774-489b-47c4-b298-009d2f5acda5;"PERSEVERANCE";"DISTRICT";"KANSAI-MAROC";0;multi-niveaux
"perseverance";6fddbded-1bf4-4902-9d97-03b9e52eee9d;"PERSEVERANCE";"GROUPE";"BIENVEILLANCE";0;multi-niveaux
"perseverance";8216a561-8add-47cc-8e47-ef08daec6d7a;"PERSEVERANCE";"GROUPE";"SERMENT";0;multi-niveaux
"perseverance";920b6c72-e4ff-4af4-8df0-0b028344c1f6;"PERSEVERANCE";"GROUPE";"ETERNITE";0;multi-niveaux
"perseverance";9a425374-5af8-42c8-a9da-6808ddf2d120;"PERSEVERANCE";"GROUPE";"FLEURS DE LA VICTOIRE";0;multi-niveaux
"perseverance";a102f69d-7cb2-4113-8f8e-d4385fe0bcd1;"PERSEVERANCE";"DISTRICT";"JI GYO KETA";0;multi-niveaux
"perseverance";b86f9870-c0ae-47d1-a318-f2460148e2d5;"PERSEVERANCE";"GROUPE";"DETERMINATION";0;multi-niveaux
"perseverance";c1433bdb-8efd-42d5-934f-6734a1315f45;"PERSEVERANCE";"GROUPE";"DETERMINATION";0;multi-niveaux
"perseverance";c47b7ef4-43e6-4739-91ae-c7495dea1d63;"PERSEVERANCE";"GROUPE";"CHATEAU DE LA BONNE FORTUNE";0;multi-niveaux
"perseverance";c4dacd96-1371-4d2b-bf9c-b870615144ff;"PERSEVERANCE";"GROUPE";"JINZAI";0;multi-niveaux
"perseverance";c53b1fba-4372-4a58-8183-c72c41712eb8;"PERSEVERANCE";"GROUPE";"CAMP COMMANDO";0;multi-niveaux
"perseverance";ccfb2b09-477e-418a-afe1-38c551344250;"PERSEVERANCE";"GROUPE";"GRANDE JOIE";0;multi-niveaux
"perseverance";dae6ae63-003f-4337-afd3-531c3e024ef0;"PERSEVERANCE";"GROUPE";"LE LOTUS";0;multi-niveaux
"ichinen";053a838e-ab7d-48da-8312-2644810b1069;"ICHINEN";"GROUPE";"VICTOIRE ABSOLUE";0;multi-niveaux
"ichinen";1201736f-ede9-4634-9fb3-9a9274a4c732;"ICHINEN";"GROUPE";"KENNEDY";0;multi-niveaux
"ichinen";2fe9098a-f877-4536-9f29-b432a608dc84;"ICHINEN";"GROUPE";"NIKKO SHONIN MAN";0;multi-niveaux
"ichinen";3452e2f0-a432-4528-abe1-f3f32e6dbc8e;"ICHINEN";"DISTRICT";"AYALA";0;multi-niveaux
"ichinen";3b8f7578-297c-40cb-82e4-9ae90e5d83b6;"ICHINEN";"GROUPE";"COEUR DE LION";0;multi-niveaux
"ichinen";4577a9d7-7296-4b80-945d-a26bb5031779;"ICHINEN";"GROUPE";"ITAI DOSHIN";0;multi-niveaux
"ichinen";5159529c-3fee-4c1e-80ca-abcc6fbefe96;"ICHINEN";"GROUPE";"FUKYO";0;multi-niveaux
"ichinen";5626eb2c-a1b0-45d4-8fe4-3625ba3436d3;"ICHINEN";"GROUPE";"DESTIN";0;multi-niveaux
"ichinen";a3d94bc3-32ac-4fb6-8dde-a7bd4fcb5e3c;"ICHINEN";"GROUPE";"JUNYOZE";0;multi-niveaux
"ichinen";a40ecb0c-520f-4e02-bd8d-91ca715c7f1f;"ICHINEN";"GROUPE";"SOLEIL LEVANT";0;multi-niveaux
"ichinen";b0924114-94c6-4385-97ad-43bb1d40bdff;"ICHINEN";"GROUPE";"AMITIE";0;multi-niveaux
"ichinen";c0e3af9a-9a10-46e0-b72a-7ec3ad4da1c0;"ICHINEN";"GROUPE";"HOSSHIN";0;multi-niveaux
"ichinen";c1124047-a104-43ce-a008-d9e20fdc4fea;"ICHINEN";"GROUPE";"LYCEE";0;multi-niveaux
"ichinen";d74b4a67-1be2-4d85-963f-1a40288aabcf;"ICHINEN";"GROUPE";"ANONO FIN GOUDRON";0;multi-niveaux
"ichinen";ddde9a4b-d2f7-433b-81eb-0126dbd73407;"ICHINEN";"GROUPE";"GROS PNEU";0;multi-niveaux
"ichinen";e0616165-d1ad-47ce-8843-02f72052e448;"ICHINEN";"GROUPE";"CRAVEN A";0;multi-niveaux
"ichinen";e2b51f46-9410-4c58-8452-d71edf2c0f28;"ICHINEN";"DISTRICT";"MINEKO";0;multi-niveaux
"ichinen";ea962f55-9869-4711-879f-d840cf8a02ce;"ICHINEN";"GROUPE";"KATCHIVA";0;multi-niveaux
"ichinen";eb3764b4-eecb-4fd2-8270-8deab519f481;"ICHINEN";"GROUPE";"SOLEIL BIANKOUMA";0;multi-niveaux
"kudoku";08dccfcf-efe1-4df9-a665-19bb678de2b1;"KUDOKU";"GROUPE";"KANSAI";0;meme-niveau
"kudoku";113ecc83-d34f-47bc-89aa-b6c7046a1663;"KUDOKU";"GROUPE";"HOSSHIN";0;meme-niveau
"kudoku";2221ebf5-8327-4213-9a06-2ed51f594a60;"KUDOKU";"GROUPE";"ESHO FUNI";0;meme-niveau
"kudoku";4739e777-1cf3-43e3-b5ff-d8209286b0a5;"KUDOKU";"GROUPE";"SOGEPHIA";0;meme-niveau
"kudoku";4f9914ea-b9e0-4b13-8a3b-9290fb8287bb;"KUDOKU";"GROUPE";"CHÂTEAU DU BONHEUR ETRENEL";0;meme-niveau
"kudoku";60ff149e-d8a4-4fa6-98bf-0db12e9942ae;"KUDOKU";"GROUPE";"PORT-BOUET- VRDI";0;meme-niveau
"kudoku";731061fe-6c84-4176-8dd4-e5db3ca7ca41;"KUDOKU";"GROUPE";"SOLEIL BIANKOUMA";0;meme-niveau
"kudoku";7fdf779d-442a-4c57-984f-9fc2cb5df062;"KUDOKU";"GROUPE";"PIC DE L'AIGLE GBONNE";0;meme-niveau
"kudoku";815fac42-eace-4a8a-abb6-ebc94aa02782;"KUDOKU";"GROUPE";"ICHINEN";0;meme-niveau
"kudoku";8cf54cd0-d8cf-478b-afe5-8e59b66e5d2b;"KUDOKU";"GROUPE";"LA VICTOIRE";0;meme-niveau
"kudoku";94115667-e44c-4ab1-aa2f-0eac92d0f0d9;"KUDOKU";"GROUPE";"ZENSHICHIKY";0;meme-niveau
"kudoku";b7b6bedf-2975-4a15-9bd9-793b8d24398d;"KUDOKU";"GROUPE";"EVEIL";0;meme-niveau
"kudoku";ba4c69c2-520d-49f4-95b3-4797fc6e1979;"KUDOKU";"GROUPE";"FUKYO";0;meme-niveau
"kudoku";cd4f29a6-59f6-4bf8-b425-1cbc3c1aec36;"KUDOKU";"GROUPE";"KANAGAWA";0;meme-niveau
"kudoku";d52ff56a-6ec3-43f8-b044-0952c337bccb;"KUDOKU";"GROUPE";"AKOUNDAN";0;meme-niveau
"kudoku";e6d00ffc-bf04-4365-b353-29630413281d;"KUDOKU";"GROUPE";"BIABOU MOSQUÉE";0;meme-niveau
"kudoku";ea116d7a-90a9-4674-ae10-f2ceebafbc2f;"KUDOKU";"GROUPE";"EVEIL";0;meme-niveau
"kudoku";fce45546-b5cf-4155-b394-264314e7a086;"KUDOKU";"GROUPE";"GBINTA";0;meme-niveau
"kudoku";fd9bee14-b637-4976-aa0b-67b70f7b72ae;"KUDOKU";"GROUPE";"ETERNITE";0;meme-niveau
"soleil";2b3a1a58-15a5-4bc3-80e2-4bd7fb3e4449;"SOLEIL";"GROUPE";"VOMANZI";0;meme-niveau
"soleil";2d5c13b4-3fad-425d-a534-ac43e56083a8;"SOLEIL";"GROUPE";"TERRE DE LA LUMIERE";0;meme-niveau
"soleil";2fc12029-865e-42e5-9158-984ace0b872f;"SOLEIL";"GROUPE";"TERRE DE VICTOIRE";0;meme-niveau
"soleil";4e474364-7e6f-4c7b-8612-c72962f4188e;"SOLEIL";"GROUPE";"TERRE DE VICTOIRE";0;meme-niveau
"soleil";63a874e6-27d1-48dd-b8cc-1359343e0a56;"SOLEIL";"GROUPE";"DETERMINATION";0;meme-niveau
"soleil";89ffdad5-c1f2-4d4a-892c-9082e97292d9;"SOLEIL";"GROUPE";"AIMONS NOUS";0;meme-niveau
"soleil";8cbffbff-b690-4563-8ae6-f958d0a63092;"SOLEIL";"GROUPE";"ENSEMBLE POUR KOSEN RUFU";0;meme-niveau
"soleil";985bf2ff-da01-406d-bfcd-72f73284a26d;"SOLEIL";"GROUPE";"DOUKOUYA";0;meme-niveau
"soleil";9ea11137-f9f6-4bc4-ad43-7c7edfd60197;"SOLEIL";"GROUPE";"TERRE DE BOUDDHA";0;meme-niveau
"soleil";b79b10e1-8c68-49a5-b8e9-ca6f11bca939;"SOLEIL";"GROUPE";"GBINTA";0;meme-niveau
"soleil";bb7eef91-dca5-4d73-b01a-37f65b08b2c0;"SOLEIL";"GROUPE";"LE SERMENT";0;meme-niveau
"soleil";ca1a1e61-4065-4cd9-85c1-97bccaa1f6c7;"SOLEIL";"GROUPE";"ITAI DOSHIN";0;meme-niveau
"soleil";cc280219-6207-418e-a6c8-4725ca5d510d;"SOLEIL";"GROUPE";"BELLE VILLE JEAN FOLLY";0;meme-niveau
"soleil";cedd52fd-399c-418d-81da-898ebde28467;"SOLEIL";"GROUPE";"BONNE FORTUNE";0;meme-niveau
"soleil";d59cae1b-718e-45d6-89c8-a6241a0461bd;"SOLEIL";"GROUPE";"TERRE DE VICTOIRE";0;meme-niveau
"soleil";e5e38165-4812-463f-bf21-19a74491364b;"SOLEIL";"GROUPE";"PETRO IVOIRE";0;meme-niveau
"soleil";f6c55e48-cce2-4001-a2f4-57649729e8b1;"SOLEIL";"GROUPE";"GRAND ELAN";0;meme-niveau
"determination";0871bd3e-3cd1-42bc-a511-51ec8dc71410;"DETERMINATION";"DISTRICT";"SINCERITE";0;multi-niveaux
"determination";0f8c4753-2d81-4fe0-a968-c849ffd9eeef;"DETERMINATION";"GROUPE";"MOAYE";0;multi-niveaux
"determination";1b503101-dfaf-4da9-bbb1-25ed30d593ee;"DETERMINATION";"DISTRICT";"ZUEUDO";0;multi-niveaux
"determination";206b6780-fa50-4e5b-81c0-a862a0ffda55;"DETERMINATION";"DISTRICT";"CONVICTION";0;multi-niveaux
"determination";31ba1a08-e672-44e3-8769-deab7d9f180a;"DETERMINATION";"DISTRICT";"DEFI";0;multi-niveaux
"determination";42c87542-18fb-440b-85f7-5de500514605;"DETERMINATION";"GROUPE";"FUKYO";0;multi-niveaux
"determination";49841f7b-172c-483b-b91b-935bfa5a100d;"DETERMINATION";"GROUPE";"FUKYO";0;multi-niveaux
"determination";5a6f96a9-1299-4799-8140-035b9856d213;"DETERMINATION";"GROUPE";"COEUR DE LION";0;multi-niveaux
"determination";61294a5d-b06b-464d-b845-e396dbaf28b7;"DETERMINATION";"GROUPE";"PREFECTURE DE POLICE";0;multi-niveaux
"determination";7248da65-d3f4-4b14-a6ab-f1254fa16045;"DETERMINATION";"DISTRICT";"SINCERITE";0;multi-niveaux
"determination";8eadb3e8-97ce-447c-abfc-259931604945;"DETERMINATION";"CHAPITRE";"SOLEIL DU BONHEUR";2;multi-niveaux
"determination";a0a6fcbd-1627-4d98-a43d-46c7881266f7;"DETERMINATION";"GROUPE";"KATCHIVA";0;multi-niveaux
"determination";dd503028-6327-4da3-bf32-fbf9ca982dc9;"DETERMINATION";"GROUPE";"MERE-ENFANT";0;multi-niveaux
"determination";e39807c1-6d62-4910-8676-3b3cebec19dd;"DETERMINATION";"GROUPE";"RENAISSANCE DU PLATEAU";0;multi-niveaux
"determination";f0cacbac-04c7-4eac-9d54-3ad9ab4e06e9;"DETERMINATION";"GROUPE";"REVOLUTION HUMAINE";0;multi-niveaux
"harmonie";223ecb32-96a1-4f84-a283-eb1d7fa4472b;"HARMONIE";"GROUPE";"PRODOMO";0;meme-niveau
"harmonie";32b59d66-4749-48d9-91f2-df58d48565ef;"HARMONIE";"GROUPE";"LE FIGUIER";0;meme-niveau
"harmonie";4198edb5-0134-4810-91fc-a82e704052c5;"HARMONIE";"GROUPE";"SOPIM";0;meme-niveau
"harmonie";41aae72b-77b8-4118-8f48-cfbf8e3804b6;"HARMONIE";"GROUPE";"FUKYO";0;meme-niveau
"harmonie";57a06991-f4ca-4b75-b01d-1fcc9842600e;"HARMONIE";"GROUPE";"BONNE FORTUNE";0;meme-niveau
"harmonie";78755632-a0fc-4753-afd3-f96abdd67829;"HARMONIE";"GROUPE";"LE ZENITH";0;meme-niveau
"harmonie";84a9b1c2-a648-40a5-afbb-875a0d7d7dea;"HARMONIE";"GROUPE";"CAMPEMENT";0;meme-niveau
"harmonie";84fdd9ab-7607-455a-a210-d75e5cbfcf9f;"HARMONIE";"GROUPE";"DESTIN";0;meme-niveau
"harmonie";ab8b3bc8-3201-4666-9a4f-1c9645c0a1ad;"HARMONIE";"GROUPE";"ILE DE SADO";0;meme-niveau
"harmonie";ac7a740e-f5a1-4a72-812a-d0383274f7d2;"HARMONIE";"GROUPE";"ZENSHICHIKY";0;meme-niveau
"harmonie";b1b1208e-b9d8-4ccc-afa7-147b5393090e;"HARMONIE";"GROUPE";"BONNE FORTUNE";0;meme-niveau
"harmonie";ba09b371-e5b5-4657-8d13-43ab03d3b969;"HARMONIE";"GROUPE";"CRAVEN A";0;meme-niveau
"harmonie";c83ef39a-8b80-4d27-9b68-5c4e3111a0df;"HARMONIE";"GROUPE";"COHESION";0;meme-niveau
"harmonie";c96360c0-b637-489f-967f-72e3ad2e8aa8;"HARMONIE";"GROUPE";"SOLEIL LEVANT";0;meme-niveau
"sous-groupe 4";05d5a576-80b6-4b69-84e1-6e8551d7c520;"SOUS-GROUPE 4";"SOUS_GROUPE";"LUTTE COMMUNE";0;meme-niveau
"sous-groupe 4";2ba9a99b-63f4-422a-83d9-5622aa515be9;"SOUS-GROUPE 4";"SOUS_GROUPE";"REVOLUTION HUMAINE";2;meme-niveau
"sous-groupe 4";31d4993b-e3be-4bde-88e2-35636fd8342b;"SOUS-GROUPE 4";"SOUS_GROUPE";"Cité Sir";2;meme-niveau
"sous-groupe 4";32b96bb7-412c-4d5b-99e8-d6fc14bc1c52;"SOUS-GROUPE 4";"SOUS_GROUPE";"FUKYO";0;meme-niveau
"sous-groupe 4";46a9749d-84bf-4476-993d-5d1adf3f78ab;"SOUS-GROUPE 4";"SOUS_GROUPE";"PERSEVERANCE(TOULEPLEU)";6;meme-niveau
"sous-groupe 4";66cf9554-5e9e-4734-bf09-4ad73aa7cfdc;"SOUS-GROUPE 4";"SOUS_GROUPE";"DJELIA";6;meme-niveau
"sous-groupe 4";707898fb-bd72-4f02-83f6-74967f404e44;"SOUS-GROUPE 4";"SOUS_GROUPE";"FOI ABSOLUE";0;meme-niveau
"sous-groupe 4";8a03a063-4ccd-4642-a6a4-0238fb50bcd1;"SOUS-GROUPE 4";"SOUS_GROUPE";"TOUR AUX TRESORS";0;meme-niveau
"sous-groupe 4";aa23eca3-6acd-49ab-b6e8-45cf6b291456;"SOUS-GROUPE 4";"SOUS_GROUPE";"LOTUS D'OR";1;meme-niveau
"sous-groupe 4";b76a0b58-0a8b-47b9-852e-6f18ff8effdb;"SOUS-GROUPE 4";"SOUS_GROUPE";"ARTISANAL";0;meme-niveau
"sous-groupe 4";cf157d9f-d690-4a4e-a535-5c318e5e385d;"SOUS-GROUPE 4";"SOUS_GROUPE";"AMAKEBOU";2;meme-niveau
"sous-groupe 4";ef8f2e9d-8512-405a-965e-bae6d3a1ae56;"SOUS-GROUPE 4";"SOUS_GROUPE";"LUMIERE DU MONDE";0;meme-niveau
"sous-groupe 4";fba9c5e4-f5c1-4ba4-bb08-8c8bbcb10cd9;"SOUS-GROUPE 4";"SOUS_GROUPE";"VICTOIRE";2;meme-niveau
"bonne fortune";13d35574-cd38-4f8f-b62e-df150e9fdae9;"BONNE FORTUNE";"GROUPE";"FUKUSHI";0;multi-niveaux
"bonne fortune";21d8058d-883f-4d28-b130-3a97759ea3a1;"BONNE FORTUNE";"GROUPE";"PERSEVERANCE";0;multi-niveaux
"bonne fortune";65e9dc60-9fff-4d51-a60b-68e7c2dfbc1e;"BONNE FORTUNE";"CHAPITRE";"DJIBOUA";1;multi-niveaux
"bonne fortune";80967a5c-0661-45fe-872f-4f92cbc41825;"BONNE FORTUNE";"GROUPE";"NIKKO SHONIN MAN";0;multi-niveaux
"bonne fortune";8a9100d7-50c2-451a-9141-3fc4a9a67e86;"BONNE FORTUNE";"GROUPE";"BLEU MARINE";0;multi-niveaux
"bonne fortune";9940134c-59b9-4bd8-9a57-874a33688b32;"BONNE FORTUNE";"GROUPE";"LA REVOLUTION HUMAINE";0;multi-niveaux
"bonne fortune";c517bfba-c1a2-4b85-8eec-10e13cfc0875;"BONNE FORTUNE";"GROUPE";"EVEIL";0;multi-niveaux
"bonne fortune";cb8d9e60-58a5-484e-9bd4-3bfb1c91e6d5;"BONNE FORTUNE";"GROUPE";"SERMENT DE VICTOIRES";0;multi-niveaux
"bonne fortune";cfe85b66-31c0-4062-9917-84ce6817e3e9;"BONNE FORTUNE";"DISTRICT";"ROI LION";0;multi-niveaux
"bonne fortune";d67c59f2-e2c5-4874-8375-7101cc9d652b;"BONNE FORTUNE";"DISTRICT";"KOSEN RUFU";0;multi-niveaux
"bonne fortune";d756a766-4d9c-4d8a-ab60-33e2c1e515a4;"BONNE FORTUNE";"GROUPE";"FUKYO";0;multi-niveaux
"bonne fortune";e4da709d-920e-4646-a3fc-368788969e3c;"BONNE FORTUNE";"GROUPE";"BOCABO MARCHÉ ET 21EME";0;multi-niveaux
"bonne fortune";f99b9d35-3109-4be7-8515-af63a6980e3a;"BONNE FORTUNE";"GROUPE";"SOGEPHIA";0;multi-niveaux
"espoir";19397807-3d84-45dd-9924-612e6d39e1e7;"ESPOIR";"GROUPE";"RIVIERA BONOUMIN";0;multi-niveaux
"espoir";2ed273e3-5473-4f0b-9352-0f8abce4bfc1;"ESPOIR";"DISTRICT";"NOMBREUX TRESORS";0;multi-niveaux
"espoir";36c1f77c-654b-47f0-9b30-d0609fca5656;"ESPOIR";"DISTRICT";"AYALA";0;multi-niveaux
"espoir";5bc09069-b932-458f-a5da-75bab4f243eb;"ESPOIR";"GROUPE";"NANJO TOKIMITSU";0;multi-niveaux
"espoir";748ea9dc-72a9-4a23-89de-cc13422df68d;"ESPOIR";"GROUPE";"TOUR DU BONHEUR";0;multi-niveaux
"espoir";7bb12726-ea40-4004-9e86-996c2e797e71;"ESPOIR";"GROUPE";"WAWO";0;multi-niveaux
"espoir";848f8906-4572-40c7-868b-55e472826507;"ESPOIR";"GROUPE";"SOLEIL LEVANT";0;multi-niveaux
"espoir";a9e9306e-d0ae-4e4b-bc00-51879eda1aa8;"ESPOIR";"DISTRICT";"LOTUS";0;multi-niveaux
"espoir";aded3fcd-eaea-4cc7-94d6-ad0bca7f76a1;"ESPOIR";"GROUPE";"DETERMINATION";0;multi-niveaux
"espoir";ae4fc3d1-25a1-465e-8d49-51ca868a0c5d;"ESPOIR";"GROUPE";"DOUKOUYA";0;multi-niveaux
"espoir";b1f6da33-9e51-4c03-908d-0eea46f3d576;"ESPOIR";"DISTRICT";"JI GYO KETA";0;multi-niveaux
"espoir";d2be5ad7-7075-4d4d-882b-e6e1992b0c36;"ESPOIR";"GROUPE";"BELLE VILLE JEAN FOLLY";0;multi-niveaux
"espoir";dace58f9-6213-43e7-ad47-272cc8cc6f42;"ESPOIR";"GROUPE";"MILIKE";0;multi-niveaux
"tour aux tresors";01367c94-e542-4980-afd8-0aa2ff19f454;"TOUR AUX TRESORS";"GROUPE";"HOSSHI";0;multi-niveaux
"tour aux tresors";47edca97-dd40-4ef5-a39d-930b3d78cb40;"TOUR AUX TRESORS";"GROUPE";"COURAGE";0;multi-niveaux
"tour aux tresors";63f6183a-effc-4ce3-8618-527fcc0b3df8;"TOUR AUX TRESORS";"GROUPE";"HENDO YAKU";0;multi-niveaux
"tour aux tresors";648f5e44-edf1-477f-bc4a-8e189a4ac343;"TOUR AUX TRESORS";"GROUPE";"RESIDENTIEL BANCO";0;multi-niveaux
"tour aux tresors";85ac0141-6561-4b63-87cc-8d936c646e6d;"TOUR AUX TRESORS";"DISTRICT";"SADO";0;multi-niveaux
"tour aux tresors";9d585355-2cce-432c-89a8-2bfab3f88536;"TOUR AUX TRESORS";"GROUPE";"CŒUR VAILLANT";0;multi-niveaux
"tour aux tresors";c07a5543-8b4e-4e9e-a53a-fb2abfc4b757;"TOUR AUX TRESORS";"DISTRICT";"FUKYO";0;multi-niveaux
"tour aux tresors";c9b3a0e0-dfe3-414f-86a1-9c46cda094e3;"TOUR AUX TRESORS";"CHAPITRE";"MAINTS TRESORS";0;multi-niveaux
"tour aux tresors";da4eedd0-35e8-4b2f-a955-87740cc3f06d;"TOUR AUX TRESORS";"GROUPE";"ANOUANZE";0;multi-niveaux
"tour aux tresors";e238df24-1cfe-4717-b682-f718235e45c6;"TOUR AUX TRESORS";"CHAPITRE";"TOUMODI-DIMBOKRO";1;multi-niveaux
"tour aux tresors";f08ed76c-a40f-48e1-a387-8ac1bc8ee164;"TOUR AUX TRESORS";"GROUPE";"VICTOIRE ABSOLUE";0;multi-niveaux
"tour aux tresors";f8971d8d-82dc-496b-bd9d-2f580f0dbbaa;"TOUR AUX TRESORS";"GROUPE";"TERRE DE DEFIS (GUIGLO)";0;multi-niveaux
"roi lion";06f591ce-00a4-48be-83be-a045094b3d5e;"ROI LION";"DISTRICT";"SOLEIL DE LA BOUDDHEITE";0;multi-niveaux
"roi lion";1aafc516-f1b4-45d8-b531-4bd0831464c1;"ROI LION";"GROUPE";"SODECI";0;multi-niveaux
"roi lion";1f147002-a73c-4284-baff-f04c4b5d7131;"ROI LION";"CHAPITRE";"AMOUGNAN";1;multi-niveaux
"roi lion";3211cbcf-3d7f-4c80-bfac-a175ad3d1e48;"ROI LION";"DISTRICT";"LUMIERE DU BONHEUR";0;multi-niveaux
"roi lion";41dd83cd-c1f1-4a73-9c54-d5aca53a18d6;"ROI LION";"GROUPE";"LA REVOLUTION HUMAINE";0;multi-niveaux
"roi lion";4ded1b93-f155-42f8-8110-7f09cac1d8ff;"ROI LION";"GROUPE";"DETERMINATION";0;multi-niveaux
"roi lion";62d60624-2ed3-4bf5-94ed-d82b48203e70;"ROI LION";"GROUPE";"FUJI";0;multi-niveaux
"roi lion";74f308bf-0691-4079-93a6-eca0720656b5;"ROI LION";"GROUPE";"RIVIERA PALMERAIE BONHEUR";0;multi-niveaux
"roi lion";83584b0c-f06d-4f37-a822-8d8b98d49ba6;"ROI LION";"DISTRICT";"ESPRIT SOKA";0;multi-niveaux
"roi lion";c2546400-a1ef-494c-86c1-e41133b8392e;"ROI LION";"GROUPE";"PIC DE L'AIGLE GBONNE";0;multi-niveaux
"roi lion";d75e98d6-bfc2-4def-8655-58064cf5c53d;"ROI LION";"GROUPE";"SOLEIL BIANKOUMA";0;multi-niveaux
"roi lion";e6107219-e904-4d58-9088-564c4a494987;"ROI LION";"DISTRICT";"PIC DU VAUTOUR";0;multi-niveaux
"kansai";0527b9cf-678a-4e08-bc26-ae606027c073;"KANSAI";"GROUPE";"ITAI DOSHIN";0;multi-niveaux
"kansai";15aa36da-2305-4a12-9d4a-3578f649b0dc;"KANSAI";"DISTRICT";"OSAKA";0;multi-niveaux
"kansai";190dbbe9-ac9c-4d7d-b3fa-f228ed2a4474;"KANSAI";"CHAPITRE";"MANZOKU";2;multi-niveaux
"kansai";200844eb-a501-42d9-b009-77fe5e8cdb87;"KANSAI";"DISTRICT";"BONNE FORTUNE";0;multi-niveaux
"kansai";443c4122-551e-4d49-8a0d-135e29704b7c;"KANSAI";"GROUPE";"HOSSHAKU KEMPON";0;multi-niveaux
"kansai";4b6e0796-8f4c-4823-9fd8-e805a45894ac;"KANSAI";"GROUPE";"ESPOIR";0;multi-niveaux
"kansai";70fd3709-69bb-4d8b-b444-ebe40665ae56;"KANSAI";"GROUPE";"MAINT TRESOR (DUEKOUE)";0;multi-niveaux
"kansai";9ba0dafb-6f98-4848-a237-e34481276947;"KANSAI";"GROUPE";"COURONNE DE LAURIERS";0;multi-niveaux
"kansai";a21a1b07-3f7b-4575-a172-77cf166e4f9b;"KANSAI";"GROUPE";"ROI LION DANANE";0;multi-niveaux
"kansai";aeedff7e-082c-4790-b1ed-32e73e7a4330;"KANSAI";"GROUPE";"NANJO TOKIMITSU";0;multi-niveaux
"kansai";eac7e7ea-6834-4a74-bf1a-d75f640c6f5a;"KANSAI";"GROUPE";"FOI SINCERE";0;multi-niveaux
"revolution humaine";0b3b0c5b-f76a-4170-8a85-579911d99e56;"REVOLUTION HUMAINE";"GROUPE";"SHONIN";0;multi-niveaux
"revolution humaine";420f93d4-6393-44d9-abe3-bf72555c41f6;"REVOLUTION HUMAINE";"GROUPE";"H. BOIGNY";0;multi-niveaux
"revolution humaine";556a0592-9010-44d8-a55f-acf23e9c3d9d;"REVOLUTION HUMAINE";"GROUPE";"TERRE DE BOUDDHA";0;multi-niveaux
"revolution humaine";5cc966f8-4141-4bde-911a-86f60d72112f;"REVOLUTION HUMAINE";"GROUPE";"VICTOIRE ABSOLUE";0;multi-niveaux
"revolution humaine";7a042021-fa9f-49d2-9924-92d50f27d9be;"REVOLUTION HUMAINE";"GROUPE";"BELLE VILLE JEAN FOLLY";0;multi-niveaux
"revolution humaine";de62b678-b629-4b48-b982-2ff321fd8c1a;"REVOLUTION HUMAINE";"GROUPE";"LE LOTUS";0;multi-niveaux
"revolution humaine";e500972b-fc7e-4d29-a4db-44af285efdf5;"REVOLUTION HUMAINE";"GROUPE";"ESHO FUNI";0;multi-niveaux
"revolution humaine";e8422b55-5a58-4b01-850c-0b1a1ed497b4;"REVOLUTION HUMAINE";"DISTRICT";"EVEIL SOKA";0;multi-niveaux
"revolution humaine";e9ffc98e-ba55-4da1-9100-d1e73661a703;"Revolution humaine";"GROUPE";"AGOUETO-CMA";0;multi-niveaux
"fleur de lotus";34b8e10c-3a7b-4ac6-a301-0e37663cee4d;"FLEUR DE LOTUS";"GROUPE";"LE FIGUIER";0;multi-niveaux
"fleur de lotus";3643cdd7-bfff-4858-9184-5d50df3f5e4f;"FLEUR DE LOTUS";"GROUPE";"AFFERY 2";0;multi-niveaux
"fleur de lotus";5590ae62-1720-4b07-932f-61d881ce9eca;"FLEUR DE LOTUS";"CHAPITRE";"BOYA DUEKOUE";2;multi-niveaux
"fleur de lotus";9796af92-8e21-445b-be1a-fea00ed641fb;"FLEUR DE LOTUS";"GROUPE";"LES CERISIERS";0;multi-niveaux
"fleur de lotus";a2296164-a868-4bc7-83a7-25974752b249;"FLEUR DE LOTUS";"GROUPE";"ZAGNE (ZAGNE)";0;multi-niveaux
"fleur de lotus";b5af8cdd-d369-4e41-9a9f-dd96efe98b05;"FLEUR DE LOTUS";"GROUPE";"ANONO VILLAGE";0;multi-niveaux
"fleur de lotus";d9d9b5c8-f569-44ae-a552-fe8bbdf1c3de;"FLEUR DE LOTUS";"GROUPE";"LA RENAISSANCE";0;multi-niveaux
"fleur de lotus";dfd36cbf-f9c2-40b9-8f07-bc41e89cab2f;"FLEUR DE LOTUS";"GROUPE";"FLOT DE KOSEN RUFU";0;multi-niveaux
"osaka";14137cf9-6620-4f99-9295-0147d4112c53;"OSAKA";"CENTRE";"Centre Régional JUSTICE";0;multi-niveaux
"osaka";4ddbc66a-c885-44ee-b8a1-8f7eaaa1e8fc;"Osaka";"GROUPE";"UNICAFE";0;multi-niveaux
"osaka";88c3d4ab-1b62-4b1d-ab53-d4c14a776cb7;"OSAKA";"CHAPITRE";"LOTUS BLANC BOUAKE";0;multi-niveaux
"osaka";9c20e156-cfd2-4802-822e-60d099f9f353;"OSAKA";"DISTRICT";"VALEUR SOKA";0;multi-niveaux
"osaka";a7da9e52-68d2-4e82-896b-e592af46d481;"OSAKA";"GROUPE";"RIVIÉRA-M'BADON LA VICTOIRE";0;multi-niveaux
"osaka";aab3af84-29eb-43e3-80bb-ca4a5ff7e00d;"OSAKA";"CHAPITRE";"PEZITO";1;multi-niveaux
"osaka";eba86ac6-55d1-470c-8c31-bdf26a33386f;"OSAKA";"GROUPE";"LE LOTUS";0;multi-niveaux
"preuve actuelle";07bb17fa-de78-4bdc-8d21-04f48ef68c25;"PREUVE ACTUELLE";"CHAPITRE";"VOIE DES VALEURS";0;multi-niveaux
"preuve actuelle";14995d24-d38c-49b9-b8fa-3a6913074c45;"PREUVE ACTUELLE";"GROUPE";"LYCEE";0;multi-niveaux
"preuve actuelle";241b66dc-9304-4de2-9a63-9b2632d6f257;"PREUVE ACTUELLE";"GROUPE";"TOUR AUX TRESORS";0;multi-niveaux
"preuve actuelle";40387ae4-c542-4776-9054-d10eea2698a9;"PREUVE ACTUELLE";"GROUPE";"FOI SINCERE";0;multi-niveaux
"preuve actuelle";82159f0d-3608-477d-9de8-f768fe8c3b89;"PREUVE ACTUELLE";"GROUPE";"FOI SINCERE";0;multi-niveaux
"preuve actuelle";dc161f34-797a-4798-894d-bf0ca69d7d8b;"PREUVE ACTUELLE";"GROUPE";"LA VICTOIRE";0;multi-niveaux
"preuve actuelle";f4d15c29-dfef-47d2-9a2a-5cba2b114977;"PREUVE ACTUELLE";"GROUPE";"LE SERMENT";0;multi-niveaux
"terre de victoire";0a1bbb37-400c-47cd-a8c7-04cc8bc8db78;"TERRE DE VICTOIRE";"DISTRICT";"SOLEIL D'ESPOIR";0;multi-niveaux
"terre de victoire";1916f198-1bd3-47b2-bfc0-4f4708e770bf;"TERRE DE VICTOIRE";"GROUPE";"SHONIN";0;multi-niveaux
"terre de victoire";26a7b37d-cd76-4d3a-8b91-292445fb751f;"TERRE DE VICTOIRE";"DISTRICT";"SOLEIL D'ESPOIR";0;multi-niveaux
"terre de victoire";7f5dc036-fcce-425f-952a-70100d477ebf;"TERRE DE VICTOIRE";"GROUPE";"RENAISSANCE";0;multi-niveaux
"terre de victoire";9087a5f0-9b05-4059-8d53-19efb1858d68;"TERRE DE VICTOIRE";"GROUPE";"KANSAI";0;multi-niveaux
"terre de victoire";cc3a3c72-3e4f-43fa-bf89-988eaef921c0;"TERRE DE VICTOIRE";"GROUPE";"SODECI";0;multi-niveaux
"terre de victoire";d15b928c-d3a7-465e-a3fe-1fcc1c9d0f52;"TERRE DE  VICTOIRE";"GROUPE";"BONTEN";0;multi-niveaux
"renaissance";0acc33d3-e70a-4f4d-bbbb-332194c2a93b;"RENAISSANCE";"DISTRICT";"ABUTSU-BO";0;multi-niveaux
"renaissance";122cc3ae-30ae-43fb-91cc-258ead59c14d;"RENAISSANCE";"GROUPE";"ESPOIR";0;multi-niveaux
"renaissance";15f7f7fd-18df-46b5-9d76-60cf8c89b121;"RENAISSANCE";"DISTRICT";"KAMAKURA";0;multi-niveaux
"renaissance";1f67ddbc-2581-4680-b1be-73e11617fafe;"RENAISSANCE";"GROUPE";"DERRIERE WHARF";0;multi-niveaux
"renaissance";50687d27-6468-4126-a790-93310b0c56bd;"RENAISSANCE";"GROUPE";"ASSENA";0;multi-niveaux
"renaissance";57a66a34-0f1d-48bf-9f29-3b33047054ef;"RENAISSANCE";"GROUPE";"REVOLUTION HUMAINE";0;multi-niveaux
"renaissance";c8662737-30eb-480c-ad84-9d0e9d13933a;"RENAISSANCE";"DISTRICT";"JI GYO KETA";0;multi-niveaux
"eveil";0188d3b9-b01b-484d-85b5-7110fd58c9e7;"EVEIL";"GROUPE";"FUKYO";0;multi-niveaux
"eveil";13e27d28-91b5-4ef1-9146-9d1ee110e565;"EVEIL";"DISTRICT";"DETERMINATION";0;multi-niveaux
"eveil";37de70a6-08e2-4e00-943e-38e6cd95cd94;"EVEIL";"GROUPE";"LA FLAMME DE KOSEN RUFU";0;multi-niveaux
"eveil";ad2bda9e-e25d-412e-8aff-37826d0031c6;"EVEIL";"GROUPE";"MILIKE";0;multi-niveaux
"eveil";e7a2fff0-bd8e-4b4e-9d0e-5ed97484b1fd;"EVEIL";"DISTRICT";"ROYAUME DU BONHEUR";0;multi-niveaux
"eveil";e7dbd234-b985-4782-ae8b-de50bac8beb2;"EVEIL";"GROUPE";"SOLEIL LEVANT";0;multi-niveaux
"shakubuku";068d603f-a01d-448d-9531-b7257aa559f7;"SHAKUBUKU";"GROUPE";"OUWO KEBE";0;meme-niveau
"shakubuku";6c07beb9-96c4-4678-a745-a9d03c0dd289;"SHAKUBUKU";"GROUPE";"ANOUANZE";0;meme-niveau
"shakubuku";8ca0f2fb-1015-40bd-b48d-04c9263606ca;"SHAKUBUKU";"GROUPE";"JURYO";0;meme-niveau
"shakubuku";ab92a9f2-5f25-4dc8-9da7-a9fa0c95d485;"SHAKUBUKU";"GROUPE";"ZAGNE (ZAGNE)";0;meme-niveau
"shakubuku";ac41e4fb-1d89-4ecf-b356-568cdc6a80ea;"SHAKUBUKU";"GROUPE";"ZENSHICHIKY";0;meme-niveau
"shakubuku";eade7e92-68c9-4b11-bf51-338b4e74fca6;"SHAKUBUKU";"GROUPE";"ESPOIR DE SAN PEDRO";0;meme-niveau
"daimoku";0eef26bb-b2a6-43ab-a23f-af3dd0c809ff;"DAIMOKU";"GROUPE";"GALEBRE";0;meme-niveau
"daimoku";12bf930f-fb4f-4ca0-b778-3f197c22f43c;"DAIMOKU";"GROUPE";"KANSAI";0;meme-niveau
"daimoku";277e91c8-1313-4fa9-b5c1-2a8c1d1d4d27;"DAIMOKU";"GROUPE";"ANONKOI KOUTÉ";0;meme-niveau
"daimoku";5ed76699-685b-4cfb-b226-2ec44cc8f99e;"DAIMOKU";"GROUPE";"FOI SINCERE";0;meme-niveau
"daimoku";6fdd727f-5bc3-4e5c-9661-ef5f886d0c68;"DAIMOKU";"GROUPE";"GONZAGUEVILLE-ABRAHAM";0;meme-niveau
"daimoku";88909986-c414-447e-8ee3-da204df90712;"DAIMOKU";"GROUPE";"LES CERISIERS";0;meme-niveau
"esperance";0fdf9b93-5222-411d-b7c9-463af581ac89;"ESPERANCE";"GROUPE";"LA VICTOIRE";0;meme-niveau
"esperance";26c4399e-4e9e-42c7-b2d4-6f2ce4daf204;"ESPERANCE";"GROUPE";"AKOUNDAN";0;meme-niveau
"esperance";3e1eea5d-fe46-40f7-8589-0b870d03efc7;"ESPERANCE";"GROUPE";"GBINTA";0;meme-niveau
"esperance";471c1cdb-20d9-4097-ad58-77f9c1fcb89d;"ESPERANCE";"GROUPE";"HMA";0;meme-niveau
"esperance";91996a4d-c1f2-4a55-8d5c-a9dd4e48c528;"ESPERANCE";"GROUPE";"PIC DE L'AIGLE GBONNE";0;meme-niveau
"esperance";b1c87c42-7899-43eb-98b2-6302e4e32277;"ESPERANCE";"GROUPE";"LE FIGUIER";0;meme-niveau
"bonheur";10b7ca85-f7e5-4476-b678-46e31a2981c2;"BONHEUR";"GROUPE";"KONÉ GOGÉ";0;meme-niveau
"bonheur";4de3098f-2a40-4352-a069-298e3c88fd31;"BONHEUR";"GROUPE";"KANAGAWA";0;meme-niveau
"bonheur";8b35e430-601b-4a94-a466-e20a650e16c7;"BONHEUR";"GROUPE";"GRANDE BIENVEILLANCE";0;meme-niveau
"bonheur";a5e3a1e3-50bd-4741-b238-0d335b1517dc;"BONHEUR";"GROUPE";"PETRO IVOIRE";0;meme-niveau
"bonheur";be05f265-48f6-4716-87bd-405f9a1a65b0;"BONHEUR";"GROUPE";"RÉVOLUTION HUMAINE";0;meme-niveau
"bonheur";e62c4a13-1bf1-4f0e-8c49-54172fa62609;"BONHEUR";"GROUPE";"NANJO TOKIMITSU";0;meme-niveau
"victoire absolue";1bb4f485-0948-4406-9348-ebeceb6323d3;"VICTOIRE ABSOLUE";"GROUPE";"SHONIN";0;multi-niveaux
"victoire absolue";31f755e9-b8f6-454f-bd5e-63f38534c999;"VICTOIRE ABSOLUE";"GROUPE";"ROI LION DANANE";0;multi-niveaux
"victoire absolue";529947fa-d837-42eb-ac64-20e244301f4e;"VICTOIRE ABSOLUE";"GROUPE";"LA RENAISSANCE";0;multi-niveaux
"victoire absolue";5d112979-37c3-4929-a967-02f016fa5160;"VICTOIRE ABSOLUE";"DISTRICT";"JI GYO KETA";0;multi-niveaux
"victoire absolue";6325d66b-66ec-4a51-b12a-9a5d032f288b;"VICTOIRE ABSOLUE";"GROUPE";"ZAGNE (ZAGNE)";0;multi-niveaux
"victoire absolue";bcbb50e1-cfd1-4c0e-983c-ca3ee9fab55b;"VICTOIRE ABSOLUE";"CHAPITRE";"ENDURANCE";0;multi-niveaux
"sagesse";83fb1756-fbfe-4c4c-920c-6ac460ac3b8a;"SAGESSE";"CHAPITRE";"SOUBRE";2;multi-niveaux
"sagesse";9eac4b22-60ed-49a4-b6e2-6e93a238bde1;"SAGESSE";"GROUPE";"EDEH";0;multi-niveaux
"sagesse";b5c8bf61-e339-4209-b91c-0a1238adb5be;"SAGESSE";"GROUPE";"GRANDE JOIE";0;multi-niveaux
"sagesse";daba353c-023b-4224-9351-b180e99d0da8;"SAGESSE";"GROUPE";"TERRE DE LUMIÈRE";0;multi-niveaux
"sagesse";dc5ac3c3-c07d-4975-bb0c-f38e0bd9e4a4;"SAGESSE";"GROUPE";"BOCANDA";0;multi-niveaux
"bonheur absolu";104deb8f-9389-4681-bc7f-dd0578e21cf4;"BONHEUR ABSOLU";"DISTRICT";"AWANE";0;multi-niveaux
"bonheur absolu";3c72d3d5-5db8-4678-bc2b-7e62e8b31239;"BONHEUR ABSOLU";"GROUPE";"NIKKO SHONIN MAN";0;multi-niveaux
"bonheur absolu";56ecc757-d13b-4f56-a6ba-1d2e50ee21b9;"Bonheur absolu";"GROUPE";"AGOUETO-CMA";0;multi-niveaux
"bonheur absolu";e131353d-82bd-4d71-919f-d7ebfb6a1c31;"BONHEUR ABSOLU";"GROUPE";"BLEU MARINE";0;multi-niveaux
"bonheur absolu";ea759acf-21ba-4d45-9263-b9c6d245a826;"BONHEUR ABSOLU";"CHAPITRE";"ITAI DOSHIN";1;multi-niveaux
"grande montagne";256deb54-1606-43ce-9f81-6d083d346348;"GRANDE MONTAGNE";"CHAPITRE";"VOIE DES VALEURS";1;multi-niveaux
"grande montagne";41cdd180-83c3-4cea-a146-f6546eec0233;"GRANDE MONTAGNE";"GROUPE";"MYO";0;multi-niveaux
"grande montagne";9873a5af-ad34-4b88-ac5e-8b47d6fbc851;"GRANDE MONTAGNE";"GROUPE";"SERMENT DE VICTOIRES";0;multi-niveaux
"grande montagne";d8253b64-72b9-4f5e-bea6-22095dc25493;"GRANDE MONTAGNE";"CENTRE";"Centre Régional LUTTER ENSEMBLE";0;multi-niveaux
"grande montagne";d97ed8cf-9897-4ee0-ac7a-d17918950b82;"GRANDE MONTAGNE";"CENTRE";"Centre Régional CHÂTEAU DE LA VICTOIRE SOKA";0;multi-niveaux
"sincerite";72bc98a6-7343-44fc-8899-a926fbfd1427;"SINCERITE";"GROUPE";"JUNYOZE";0;multi-niveaux
"sincerite";7621a96a-cfa6-44ba-8697-6ca1fb329321;"SINCERITE";"CHAPITRE";"MONT MAJESTUEUX";1;multi-niveaux
"sincerite";c12b94fa-d379-4feb-904d-6cfdba4b206c;"SINCERITE";"GROUPE";"COHESION";0;multi-niveaux
"sincerite";c591d200-9149-4faa-8e79-f4dd290d1613;"SINCERITE";"CHAPITRE";"GRANDE MONTAGNE";0;multi-niveaux
"sincerite";f58c318d-51aa-4fe5-ad84-1a0f120791a7;"SINCERITE";"DISTRICT";"TERRE DE LA FLEUR DU LOTUS";0;multi-niveaux
"kanjin";062ff1d5-c9de-4cc2-a93a-39ae0eef6d7e;"KANJIN";"GROUPE";"EVEIL";0;multi-niveaux
"kanjin";2079a713-ecb7-4efc-be3f-d115565a4994;"KANJIN";"DISTRICT";"YOU MYO SHO JIN";0;multi-niveaux
"kanjin";55d9b132-a7c1-4369-849e-c452d270e3f4;"KANJIN";"GROUPE";"COEUR DE LION";0;multi-niveaux
"kanjin";b8826877-5f2d-489f-af54-7338f780f245;"KANJIN";"GROUPE";"FONDI";0;multi-niveaux
"kanjin";c09bb377-4bd2-4f78-bc48-081f92002dda;"KANJIN";"GROUPE";"COHESION";0;multi-niveaux
"preuve factuelle";131d459d-ce41-4db8-bdeb-15a728b0822d;"PREUVE FACTUELLE";"GROUPE";"RENAISSANCE DU PLATEAU";0;multi-niveaux
"preuve factuelle";7e4f1394-dc2f-4bd4-8e40-19403244dc27;"PREUVE FACTUELLE";"GROUPE";"ANONO GOLF CLUB";0;multi-niveaux
"preuve factuelle";88b4f672-136d-4e09-871d-57a185220156;"PREUVE FACTUELLE";"DISTRICT";"ELIETHIOH";0;multi-niveaux
"preuve factuelle";8de2b67f-bd24-4104-b180-6d86149aa7cc;"PREUVE FACTUELLE";"GROUPE";"BONNE FORTUNE";0;multi-niveaux
"preuve factuelle";db9f2d3f-21b2-42ac-9fe0-86057f90a5bb;"PREUVE FACTUELLE";"GROUPE";"PORT-BOUET- VRDI";0;multi-niveaux
"tresor du cœur";147a70f0-e3b6-463c-8723-3ac37cc9bbc5;"TRESOR DU CŒUR";"CHAPITRE";"GRANDE MONTAGNE";0;multi-niveaux
"tresor du cœur";158b29f5-3bff-4bcc-9308-268f26cdf3aa;"TRESOR DU CŒUR";"GROUPE";"HENDO YAKU";0;multi-niveaux
"tresor du cœur";2798112e-a153-42ac-b9e8-6d44fd2c044e;"TRESOR DU CŒUR";"GROUPE";"BANGUIE 2";0;multi-niveaux
"tresor du cœur";f114fa15-da00-4ae9-8284-8faf29e9771e;"TRESOR DU CŒUR";"GROUPE";"BONNE FORTUNE";0;multi-niveaux
"tresor du cœur";f3762b91-83b0-4d1f-8b28-54f79f5dd4b4;"TRESOR DU CŒUR";"GROUPE";"FUJI";0;multi-niveaux
"lycee";1e192357-0088-4bc2-823a-0462843e5f5d;"LYCEE";"GROUPE";"TERRE DE VICTOIRE";0;multi-niveaux
"lycee";77204d02-6576-4557-b565-6b38ea9435a1;"LYCEE";"GROUPE";"TERRE DE VICTOIRE";0;multi-niveaux
"lycee";80a7d44b-7c44-4e26-8da1-60ca664bd3c2;"LYCEE";"DISTRICT";"MACACI";0;multi-niveaux
"lycee";c314c5a0-e51a-456e-a88e-0ea3afd3b844;"LYCEE";"GROUPE";"TERRE DE VICTOIRE";0;multi-niveaux
"lycee";f53f1b87-930a-46ce-9dbd-df85ccfc4c9d;"LYCEE";"GROUPE";"ICHNEN";0;multi-niveaux
"victoire eternelle";31f8edf2-a807-481f-8348-140f0826bc0d;"VICTOIRE ETERNELLE";"DISTRICT";"KANSAI";0;multi-niveaux
"victoire eternelle";821c47b8-e073-46a4-a88b-36a034aedf37;"VICTOIRE ETERNELLE";"GROUPE";"FLEURS DE LA VICTOIRE";0;multi-niveaux
"victoire eternelle";caa13b87-0889-4818-975f-fdc47c1bd22f;"VICTOIRE ETERNELLE";"GROUPE";"LOTUS";0;multi-niveaux
"victoire eternelle";cdfe18d0-347b-43c0-8b1d-58637609205f;"VICTOIRE ETERNELLE";"GROUPE";"ANONO VILLAGE";0;multi-niveaux
"victoire eternelle";e3b5ea35-230f-4fd5-a208-bb8c81e51c52;"VICTOIRE ETERNELLE";"CENTRE";"Centre Régional CHÂTEAU DE LA VICTOIRE SOKA";0;multi-niveaux
"anouanze";45a26d97-edd1-498b-a774-5cf33e0701d1;"ANOUANZE";"DISTRICT";"SAGESSE";0;multi-niveaux
"anouanze";59a72d04-c813-4ff1-9364-4fbc536f964a;"ANOUANZE";"GROUPE";"FUKU SOKU";0;multi-niveaux
"anouanze";7c751662-7947-42ed-90a7-f3857d9408fc;"ANOUANZE";"GROUPE";"FUKU SOKU";0;multi-niveaux
"anouanze";a4e073b0-7d99-43ba-8f3f-fbde9d05780f;"ANOUANZE";"CENTRE";"Centre Régional LUTTER ENSEMBLE";0;multi-niveaux
"anouanze";d4ebe41f-d5b4-4dff-9d5f-35d8da6cefee;"ANOUANZE";"DISTRICT";"KANSAI";0;multi-niveaux
"sous-groupe 5";1dc52e64-64d4-4eaa-b49e-239b4af0392f;"SOUS-GROUPE 5";"SOUS_GROUPE";"VICTOIRE";4;meme-niveau
"sous-groupe 5";7d432a3d-65df-484a-9c63-db83291ee980;"SOUS-GROUPE 5";"SOUS_GROUPE";"LUMIERE DU MONDE";0;meme-niveau
"sous-groupe 5";b80a13e6-7915-4fa8-9cdb-66bb9a00c113;"SOUS-GROUPE 5";"SOUS_GROUPE";"LUTTE COMMUNE";0;meme-niveau
"sous-groupe 5";b93855e6-e4df-4af4-885f-c40c22ca689c;"SOUS-GROUPE 5";"SOUS_GROUPE";"PERSEVERANCE(TOULEPLEU)";16;meme-niveau
"revolution";05425abd-8745-46f4-8603-d9715ada4b94;"REVOLUTION";"GROUPE";"FUKU SOKU";0;meme-niveau
"revolution";06c362af-a911-4f5d-b48e-52bfef9c6d66;"REVOLUTION";"GROUPE";"ITAI DOSHIN";0;meme-niveau
"revolution";95fe024b-94e9-4a96-8c33-23a4d32f835f;"REVOLUTION";"GROUPE";"KAEDJI";0;meme-niveau
"revolution";dbb159e3-d31c-405f-a950-465c7df3c9cd;"REVOLUTION";"GROUPE";"FUKU SOKU";0;meme-niveau
"shonin";06e75cc3-27d1-4ba1-bbcd-9c81560622a0;"SHONIN";"DISTRICT";"VICTOIRE ABSOLUE";0;multi-niveaux
"shonin";1349b020-71fc-485b-8b28-ded61ad342a8;"SHONIN";"GROUPE";"PRINTEMPS";0;multi-niveaux
"shonin";e744cfbc-6f37-49c4-8031-37592d9c79a0;"SHONIN";"DISTRICT";"FUKYO";0;multi-niveaux
"shonin";fd4c4251-37bc-4a43-a820-6b38273e5271;"SHONIN";"GROUPE";"JIGYO KETA";0;multi-niveaux
"printemps";168dc34e-28d8-4e56-b6fb-015da5a61c63;"PRINTEMPS";"GROUPE";"LOTUS";0;multi-niveaux
"printemps";7363a9be-36f6-48ba-87c4-ea9b3d911bb6;"PRINTEMPS";"GROUPE";"HERE MANKONO";0;multi-niveaux
"printemps";9212cefb-84ce-4157-a2de-83d7f2344e26;"PRINTEMPS";"GROUPE";"LA RENAISSANCE";0;multi-niveaux
"printemps";ad3f2ced-66d6-4d90-82d7-b75ef32a9e5f;"PRINTEMPS";"DISTRICT";"YOU MYO SHO JIN";0;multi-niveaux
"soleil d'espoir";197ea8fd-4f99-456c-87b9-8c3f4e4efd88;"SOLEIL D'ESPOIR";"CHAPITRE";"ENDURANCE";0;multi-niveaux
"soleil d'espoir";277957ea-8f52-40a9-9da5-ab34b745984c;"SOLEIL D'ESPOIR";"GROUPE";"RENAISSANCE";0;multi-niveaux
"soleil d'espoir";9684b44d-8935-44e5-a59f-0469f106da34;"SOLEIL D'ESPOIR";"CENTRE";"Centre Régional CHÂTEAU DE LA VICTOIRE SOKA";0;multi-niveaux
"soleil d'espoir";acc4202b-fd52-49be-9407-101934ccfa46;"SOLEIL D'ESPOIR";"CHAPITRE";"ENDURANCE";0;multi-niveaux
"groupe 2";30aaa8bc-d7ae-48c5-8fc3-bacc473a0bcb;"GROUPE 2";"GROUPE";"FACOBLY";0;meme-niveau
"groupe 2";41fad2b4-3c2d-4928-8fb9-a51d661ede6c;"Groupe 2";"GROUPE";"Abatta";0;meme-niveau
"groupe 2";de07fda6-e6ab-44bc-aea4-66f73651ffb8;"Groupe 2";"GROUPE";"Akouedo Attié 2";0;meme-niveau
"groupe 2";de24c812-63c6-4740-a843-9169ed8b2531;"Groupe 2";"GROUPE";"Akouedo Attié 1";0;meme-niveau
"fuji";316281b8-5c2b-43eb-9fdc-318c0cdd5082;"FUJI";"DISTRICT";"SOLEIL DE LA BOUDDHEITE";0;multi-niveaux
"fuji";b49c1531-b1b1-4689-996c-19a50c69edf4;"FUJI";"GROUPE";"CLOUETCHA";0;multi-niveaux
"fuji";b739f27d-eae2-46b3-8d44-68c78b81da72;"FUJI";"CENTRE";"Centre Régional CHÂTEAU DE LA VICTOIRE SOKA";0;multi-niveaux
"fuji";f3adccff-d833-4f55-8d4d-0e130ee40c53;"FUJI";"GROUPE";"MERE-ENFANT";0;multi-niveaux
"groupe 1";3d597977-677a-479f-94f8-41783553a81c;"GROUPE 1";"GROUPE";"FACOBLY";0;meme-niveau
"groupe 1";4605aba1-47fb-4f29-b6e0-4df1bf0dd0f6;"Groupe 1";"GROUPE";"Akouedo Attié 2";0;meme-niveau
"groupe 1";71a430e9-63d3-4bb7-8354-a21ee70e2a37;"Groupe 1";"GROUPE";"Abatta";0;meme-niveau
"groupe 1";cae8b492-3ced-4825-8c17-e8f022a8ab84;"Groupe 1";"GROUPE";"Akouedo Attié 1";0;meme-niveau
"myo";4c6486a9-df24-4a5e-b4f4-490b7952f2b8;"MYO";"CHAPITRE";"FUKYO";0;multi-niveaux
"myo";5f710a76-cf56-48d0-b3dc-0a4482b1ca12;"MYO";"GROUPE";"KANSAI";0;multi-niveaux
"myo";794d306d-d132-4014-bcc6-e34155da03d6;"MYO";"DISTRICT";"GRAND VAISSEAU";0;multi-niveaux
"myo";89ef5833-ce8e-4a75-a6b4-aef1d14e8e65;"MYO";"DISTRICT";"AHOUANDJOUAI";0;multi-niveaux
"jinzai";4d1205df-aca1-4cd5-ade7-39dbdbb422a8;"JINZAI";"GROUPE";"LOTUS";0;multi-niveaux
"jinzai";5c338865-b4f6-4330-83d7-c018ad5798be;"JINZAI";"GROUPE";"LA DODO";0;multi-niveaux
"jinzai";6520227f-5f93-4926-9fa9-563f012ffd83;"JINZAI";"DISTRICT";"PIC DU VAUTOUR";0;multi-niveaux
"jinzai";d6b9f6cc-a06b-415d-abd2-70185ed66cb8;"JINZAI";"DISTRICT";"BOYA";0;multi-niveaux
"moaye";5d08fbb4-1da3-45e7-af44-b4fee5619ce1;"MOAYE";"GROUPE";"AKOUNDAN";0;multi-niveaux
"moaye";7e2d06aa-2aee-4ec2-af14-f6e7082a1103;"MOAYE";"GROUPE";"DESTIN";0;multi-niveaux
"moaye";d016a8d8-4f3a-4743-a1fc-f8630a3c3b26;"MOAYE";"DISTRICT";"PERSEVERANCE";0;multi-niveaux
"moaye";ea8ae715-e995-40be-9731-93e698c4ccb4;"MOAYE";"GROUPE";"HENDO YAKU";0;multi-niveaux
"defis";6251f40c-bcdd-4d96-a38a-ba9cdf2d4d9a;"DEFIS";"GROUPE";"CRS";0;meme-niveau
"defis";6f65bdf6-8154-4e4d-8fad-59755ce0618b;"DEFIS";"GROUPE";"SOSEI";0;meme-niveau
"defis";7c5b376f-270b-4f89-9799-ee7467bb8030;"DEFIS";"GROUPE";"FUKYO";0;meme-niveau
"defis";9c626e01-c76b-43d9-a244-bbb5ae37482d;"DEFIS";"GROUPE";"MAINT TRESOR (DUEKOUE)";0;meme-niveau
"kosen rufu";5934a9b6-aa1c-4a1e-a072-50fc4a882a40;"KOSEN RUFU";"GROUPE";"VAINQUEUR";0;multi-niveaux
"kosen rufu";62a45d30-ca05-4cc3-a0d9-06d2c73773be;"KOSEN RUFU";"CHAPITRE";"ITAI DOSHIN";1;multi-niveaux
"kosen rufu";ee8cdf8a-5ac5-4a1f-9ddc-d9be3e100988;"KOSEN RUFU";"GROUPE";"LE LOTUS";0;multi-niveaux
"sutra du lotus";075aa6d2-a7a7-4906-b04c-5bf5a263c345;"SUTRA DU LOTUS";"GROUPE";"ROI LION";0;meme-niveau
"sutra du lotus";63660588-41f1-4913-bdbf-ca4043522f79;"SUTRA DU LOTUS";"GROUPE";"COURAGE";0;meme-niveau
"sutra du lotus";9b335f8b-e74e-40fb-a64b-1befc0f37f7d;"SUTRA DU LOTUS";"GROUPE";"LA SAGESSE DU SUTRA DU LOTUS";0;meme-niveau
"château";08500ad1-9b87-4493-af52-091f471585e9;"CHÂTEAU";"DISTRICT";"CHÂTEAU DEPOT 9";0;multi-niveaux
"château";23a9a042-1396-49f0-9fa4-1c42de33c3bc;"CHÂTEAU";"GROUPE";"ARTISANAL";0;multi-niveaux
"château";37a69de4-923e-4541-abe1-8dc705d8f6b7;"CHÂTEAU";"GROUPE";"ESPOIR";0;multi-niveaux
"nonin";0ab6a0cc-694f-49df-8f52-7b5cbff75955;"NONIN";"DISTRICT";"JOIE INFINIE";0;multi-niveaux
"nonin";73938011-9e91-42f7-8dac-031535fe52e1;"NONIN";"GROUPE";"VOMANZI";0;multi-niveaux
"nonin";886cbdff-7b13-4998-bae5-4bf6479ca2a4;"NONIN";"GROUPE";"ILE DE SADO";0;multi-niveaux
"zenshichiki";16b87aa8-a0fc-46ca-9bfc-a0f9d9a7dc85;"ZENSHICHIKI";"GROUPE";"COHESION";0;meme-niveau
"zenshichiki";257f16c5-ba7a-42ab-adc1-2166c368a40b;"ZENSHICHIKI";"GROUPE";"MOAYE";0;meme-niveau
"zenshichiki";676ebb28-3d04-4f6a-b138-861dbde07fe1;"ZENSHICHIKI";"GROUPE";"ADJAHUI";0;meme-niveau
"myoho";17370385-6930-4d24-8326-f5812120095d;"MYOHO";"GROUPE";"ROI LION DANANE";0;multi-niveaux
"myoho";ad11d972-8658-478c-88f3-855c851f09c2;"MYOHO";"GROUPE";"DOUKOUYA";0;multi-niveaux
"myoho";f1d669a4-ba70-4567-9c56-8554138bd818;"MYOHO";"DISTRICT";"LOTUS";0;multi-niveaux
"kodoku";18213c47-ea2b-4d36-9821-b6c4638d240f;"KODOKU";"GROUPE";"MYO";0;meme-niveau
"kodoku";bb2d3eb3-f910-48b5-bf40-777c2575d43a;"KODOKU";"GROUPE";"LYCEE";0;meme-niveau
"kodoku";e0a4a898-9adb-442b-bea8-61175d1f768d;"KODOKU";"GROUPE";"CARREFOUR KIOSQUE";0;meme-niveau
"defi";1c515a3a-bd74-4a62-9913-33fc4b1d9cdf;"DEFI";"GROUPE";"OUWO KEBE";0;multi-niveaux
"defi";7d5a660f-acd8-45a8-9d18-c097454fc1d4;"DEFI";"CHAPITRE";"ANOUANZE";0;multi-niveaux
"defi";d5488752-920c-4311-92b1-9323d1755af9;"DEFI";"GROUPE";"TOUR AUX TRESORS";0;multi-niveaux
"itaï doshin";1c78aac6-50e9-4f3f-be2b-49129150e7d5;"ITAÏ DOSHIN";"DISTRICT";"SADO";0;multi-niveaux
"itaï doshin";68410838-1ce7-44e7-b76f-998233f6ca97;"ITAÏ DOSHIN";"GROUPE";"FUKYO";0;multi-niveaux
"itaï doshin";b27b7e9f-91c7-47e2-b36e-8b3b7dd0742e;"ITAÏ DOSHIN";"GROUPE";"COHESION";0;multi-niveaux
"namaste";1de4fbd0-b172-468a-82c6-6c646d9bc7c5;"NAMASTE";"GROUPE";"BONNE FORTUNE";0;meme-niveau
"namaste";badfd5f6-12d6-4b9d-ae5a-074bbad1ccd5;"NAMASTE";"GROUPE";"CŒUR VAILLANT";0;meme-niveau
"namaste";e26c9821-c6f3-415c-8f92-2a7257281dde;"NAMASTE";"GROUPE";"LES OLIVIERS";0;meme-niveau
"la tour aux tresors";246135db-a5f3-4c84-8f9b-68076795f064;"LA TOUR AUX TRESORS";"CHAPITRE";"ENDURANCE";0;multi-niveaux
"la tour aux tresors";41616b33-d1d0-4a4a-b324-2dbc3a12e287;"LA TOUR AUX TRESORS";"GROUPE";"LE LOTUS";0;multi-niveaux
"la tour aux tresors";c20e9f6b-2bfa-469f-978a-f783b08b7350;"LA TOUR AUX TRESORS";"GROUPE";"LA SAGESSE DU SUTRA DU LOTUS";0;multi-niveaux
"le serment";321a4ab8-fc83-4a61-92ab-fc1b987af77b;"LE SERMENT";"DISTRICT";"SCHIN ICHI";0;multi-niveaux
"le serment";6c04134e-3cdc-4ad2-b66f-b13077ab14e1;"LE SERMENT";"DISTRICT";"GRANDE MONTAGNE";0;multi-niveaux
"le serment";f0462056-82ee-4831-bf29-074ce47b8d5b;"LE SERMENT";"GROUPE";"HOSSHI";0;multi-niveaux
"hoben";32550b06-6c82-403a-a44c-306f5271bd14;"HOBEN";"DISTRICT";"BONTEN DE KATIOLA";0;multi-niveaux
"hoben";a7bcff4b-74db-43c4-b082-be3add6d19b8;"HOBEN";"GROUPE";"DERRIERE WHARF";0;multi-niveaux
"hoben";cd0c6fcb-f95a-4576-a4a0-bf958b8d3147;"HOBEN";"GROUPE";"PRODOMO";0;multi-niveaux
"terre pure";3a761a53-0752-4a81-983f-bb7e4b877d5b;"TERRE PURE";"GROUPE";"EXPERIENCE";0;meme-niveau
"terre pure";93a44515-c9fc-4c4d-95d0-30fd289150ae;"TERRE PURE";"GROUPE";"EXPERIENCE";0;meme-niveau
"terre pure";e6e25ed3-2c36-4c81-a507-48f9f07b5476;"TERRE PURE";"GROUPE";"CŒUR DU BOUDDHA";0;meme-niveau
"courage";3dd93797-d10b-4ea5-93da-4fa10d6f651e;"COURAGE";"GROUPE";"PLAQUE";0;multi-niveaux
"courage";9a910507-10b5-4f5d-8862-f6ab12ade291;"COURAGE";"GROUPE";"KANDJIN";0;multi-niveaux
"courage";a233b37d-db59-493c-b0db-c9b577d4bb38;"COURAGE";"DISTRICT";"SAGESSE ET BIENVEILLANCE";0;multi-niveaux
"esho funi";3e98d2ef-ab9b-44a2-9e49-7e4a385556b1;"ESHO FUNI";"DISTRICT";"KANSAI";0;multi-niveaux
"esho funi";9a2cb1bf-53eb-4c98-a6f0-a8ee55dedd28;"ESHO FUNI";"GROUPE";"CLOUETCHA";0;multi-niveaux
"esho funi";b319b2b6-b87e-46d8-be31-4fffa0b85131;"ESHO FUNI";"GROUPE";"COEUR DE LION";0;multi-niveaux
"cohesion";69a3db88-15a7-4e8e-b436-b61837e63506;"COHESION";"DISTRICT";"LA VICTOIRE DU DISCIPLE";0;multi-niveaux
"cohesion";9223d2c4-fb94-4f26-9e68-97eb32d5de42;"COHESION";"CHAPITRE";"FUKYO";0;multi-niveaux
"cohesion";98e8019c-f14a-4f26-99c3-3e3bf411f11a;"COHESION";"DISTRICT";"KANSAI ANDOKOI";0;multi-niveaux
"nichi";6abfb155-f927-452a-a4a0-d9302d49a673;"NICHI";"GROUPE";"WAWO";0;multi-niveaux
"nichi";b0e854c9-0006-413a-9638-347dc70e0449;"NICHI";"CHAPITRE";"PIONNIER";0;multi-niveaux
"nichi";e07eaae0-7814-43f7-9c6d-4929f22135ae;"NICHI";"GROUPE";"FLOT DE KOSEN RUFU";0;multi-niveaux
"touba";6dfe0eb1-69b3-4180-88ee-6a8d6df21bf0;"TOUBA";"DISTRICT";"KANSAI MAN";0;multi-niveaux
"touba";7d081107-ccd6-44bc-bc1b-66a755bf5796;"TOUBA";"DISTRICT";"TOUBA";0;multi-niveaux
"touba";a172a03d-9d78-4feb-b26b-e6191dc4ae55;"TOUBA";"CHAPITRE";"VICTOIRES ETERNELLES DE MAN";0;multi-niveaux
"shinjin";71ec60f8-95ec-4a8b-ab4b-ec6df064f063;"SHINJIN";"GROUPE";"AGBEKOI";0;multi-niveaux
"shinjin";8c221542-1f06-42a4-b944-3c4f690d01d1;"SHINJIN";"DISTRICT";"KANSAI ANDOKOI";0;multi-niveaux
"shinjin";97117083-bed0-4886-84b6-282539829c25;"SHINJIN";"GROUPE";"LES CERISIERS";0;multi-niveaux
"ile de sado";94d48994-6a4c-45e9-bafd-4dd300a19d0e;"ILE DE SADO";"GROUPE";"ADJAHUI";0;multi-niveaux
"ile de sado";df787f8c-89d3-4d00-b17a-3b6c3ad5cd6f;"ILE DE SADO";"DISTRICT";"BONTEN DE KATIOLA";0;multi-niveaux
"ile de sado";f60e830b-f198-40dc-9ee6-c893cee36929;"ILE DE SADO";"DISTRICT";"DEFI";0;multi-niveaux
"agban";ba471613-d4e4-46da-bb43-68b34de0a278;"AGBAN";"GROUPE";"AGBAN";0;multi-niveaux
"agban";da81ffbd-2310-4bc4-aa36-15c56701dd09;"AGBAN";"DISTRICT";"AGBAN";0;multi-niveaux
"agban";e0d2fe9a-682c-4912-9b46-a9df4b348f04;"AGBAN";"CHAPITRE";"WILLIAMS VILLE";0;multi-niveaux
"sous groupe 2";63d30de2-c380-4613-9ff1-32a2aa4b046e;"SOUS GROUPE 2";"SOUS_GROUPE";"LES TRÉSORS DE SENSEI";9;meme-niveau
"sous groupe 2";e38df3f7-bcec-4eb8-b276-ec9786b787b2;"SOUS GROUPE 2";"SOUS_GROUPE";"AMITIÉ";4;meme-niveau
"sous groupe 1";0b580437-830e-45d9-930d-795165501be9;"SOUS GROUPE 1";"SOUS_GROUPE";"LES TRÉSORS DE SENSEI";3;meme-niveau
"sous groupe 1";295d3d2c-138c-4843-8bf1-e2196972d51c;"SOUS GROUPE 1";"SOUS_GROUPE";"AMITIÉ";8;meme-niveau
"grand soleil";147a0701-cfae-4d75-b8f4-b8f6a7481fb8;"GRAND SOLEIL";"CHAPITRE";"GRANDE MONTAGNE";7;multi-niveaux
"grand soleil";189b802b-3251-4949-8fbd-f1a4ca539e96;"GRAND SOLEIL";"GROUPE";"LE LOTUS";0;multi-niveaux
"awane";02064962-91c9-4ec3-8512-df9aeac88321;"AWANE";"CHAPITRE";"FUJI";4;multi-niveaux
"awane";ff79a59b-085a-4096-a5ce-e0036e3b3481;"AWANE";"GROUPE";"TERRE FERTILE";0;multi-niveaux
"terre d'espoir";89dd3aef-c1b5-4448-bca2-42363809d97e;"TERRE D'ESPOIR";"CHAPITRE";"SOLEIL D'ESPOIR";3;multi-niveaux
"terre d'espoir";e294148e-4f6a-4c54-b1d4-4df4e0e13396;"TERRE D'ESPOIR";"GROUPE";"KANJIN";0;multi-niveaux
"sous-groupe 6";02349f3d-b269-4c4c-a4af-5224302086f7;"SOUS-GROUPE 6";"SOUS_GROUPE";"LUTTE COMMUNE";0;meme-niveau
"sous-groupe 6";7a3f3fc4-748a-494e-8f79-0a296e3ea758;"SOUS-GROUPE 6";"SOUS_GROUPE";"VICTOIRE";1;meme-niveau
"nombreux tresors";17e7961c-2815-465a-a59a-b9f69a5b3042;"NOMBREUX TRESORS";"GROUPE";"SHO HO JISHO";0;multi-niveaux
"nombreux tresors";54e7ede0-1af8-4f57-9d7d-79e331053e5e;"NOMBREUX TRESORS";"CHAPITRE";"VICTOIRE ETERNELLE";1;multi-niveaux
"sado";1b2e9291-13be-4f6d-888c-c5d16f824261;"SADO";"GROUPE";"TERRE DE DEFIS (GUIGLO)";0;multi-niveaux
"sado";b357664d-6537-467b-b291-27c5aed2daf8;"SADO";"CHAPITRE";"PEZITO";1;multi-niveaux
"conviction";477c3751-fe3b-4b05-977e-bb1cb7e8cd01;"CONVICTION";"CHAPITRE";"SOLEIL DORE";1;multi-niveaux
"conviction";ccc74b21-228d-499d-b18c-8e7679c22c0d;"CONVICTION";"GROUPE";"WILLI MARCHE";0;multi-niveaux
"shishiku";6450ab72-319a-4ed4-bebe-c0960e64d5be;"SHISHIKU";"CHAPITRE";"SOLEIL DU BONHEUR";1;multi-niveaux
"shishiku";6d3f134e-b7dc-41cb-8942-63c8a4ff9a9b;"SHISHIKU";"GROUPE";"PERSEVERANCE";0;multi-niveaux
"boya";8bc8db72-824f-40b1-a739-1436350f5cca;"BOYA";"CHAPITRE";"GRANDE MONTAGNE";1;multi-niveaux
"boya";f682d748-262f-4db7-8d7f-cb1e2b66a3e8;"BOYA";"GROUPE";"MAINT TRESOR (DUEKOUE)";0;multi-niveaux
"kansaï";0030e26e-aa25-4c31-a6da-f2886d23972d;"KANSAÏ";"GROUPE";"CAMPEMENT";0;multi-niveaux
"kansaï";f615dbb4-4911-4980-8fcd-338510e6c005;"KANSAÏ";"DISTRICT";"NOMBREUX TRESORS";0;multi-niveaux
"dynamique";003b01fa-25dd-4d3d-a4a5-bbfd7ed4e30b;"DYNAMIQUE";"GROUPE";"BONHEUR ABSOLU";0;meme-niveau
"dynamique";1abdf9c1-385a-4631-a700-a579d18fce90;"DYNAMIQUE";"GROUPE";"ROI LION";0;meme-niveau
"ichnen";0066dafc-33be-458f-ba81-f254b63302b2;"ICHNEN";"DISTRICT";"TOUR AUX TRESORS";0;multi-niveaux
"ichnen";1bc5db2c-9616-4234-a85c-96fd64625077;"ICHNEN";"GROUPE";"KANAGAWA";0;multi-niveaux
"cite des arts";00b59f64-ddb9-42bf-81a5-2c45db5e0354;"CITE DES ARTS";"DISTRICT";"COCODY";0;multi-niveaux
"cite des arts";8d9bec56-e0fb-443d-b24c-eb2fe4d2c92e;"CITE DES ARTS";"GROUPE";"CITE DES ARTS";0;multi-niveaux
"saint moise";0127db3d-7f62-4ca8-90ea-17ff20ac954b;"Saint moise";"GROUPE";"CHÂTEAU";0;meme-niveau
"saint moise";04865eae-9ac9-4f68-a71e-4e2dc2869e88;"Saint moise";"GROUPE";"AGNISSANKOI";0;meme-niveau
"aurore";01a3fee8-aea2-4700-ab63-29d4ecefc41f;"AURORE";"GROUPE";"COURAGE";0;meme-niveau
"aurore";eb922824-ae6f-48c0-8735-ffae20ef9807;"AURORE";"GROUPE";"SOGEPHIA";0;meme-niveau
"foi sincere";028856ef-fd80-4292-8976-b863942baa00;"FOI SINCERE";"DISTRICT";"LA TOUR AUX TRESORS";0;meme-niveau
"foi sincere";0da85971-dbb5-40df-8488-9cfb8bbe41ea;"FOI SINCERE";"DISTRICT";"JI GYO KETA";0;meme-niveau
"sogephia";0503943d-9c14-415d-bb3f-2b96cc9ef070;"SOGEPHIA";"DISTRICT";"HABITAT";0;meme-niveau
"sogephia";82326b23-8e3f-48a8-b2a0-5c95b5022a2f;"SOGEPHIA";"DISTRICT";"CRAVEN";0;meme-niveau
"kamakura";0662732e-ed5d-4e2c-8f39-8abae0cdf3ee;"KAMAKURA";"GROUPE";"ITAI DOSHIN";0;multi-niveaux
"kamakura";9259da48-56b3-4080-b838-be6b93d646ef;"KAMAKURA";"CHAPITRE";"VOIE DE KOSEN RUFU";0;multi-niveaux
"campement";0769e548-98fb-4905-9234-d07676107656;"CAMPEMENT";"GROUPE";"MERE-ENFANT";0;multi-niveaux
"campement";f3e56988-eef1-49b5-848e-1a4516b1a385;"CAMPEMENT";"DISTRICT";"CITADELLE DOREE";0;multi-niveaux
"triomphe";09a8df14-3935-4967-b046-d49d5352f16a;"TRIOMPHE";"GROUPE";"AVANCONS ENSEMBLE";0;meme-niveau
"triomphe";121b7800-f0e5-45b7-ad4f-1eae7e9ff492;"TRIOMPHE";"GROUPE";"GRANDE LUMIERE";0;meme-niveau
"action";0c2804b4-329e-480b-a89e-cbf66761bcc9;"ACTION";"GROUPE";"YOUMYOSHOJIN";0;meme-niveau
"action";13e85843-bdf5-425a-9cad-5ac3a83c9265;"ACTION";"GROUPE";"FUKYO";0;meme-niveau
"delacelle";0d6f95ba-4eb1-4844-a833-b471c625ca7a;"DELACELLE";"GROUPE";"DELACELLE";0;multi-niveaux
"delacelle";c64fa067-b783-4ca1-855c-9ef76b5a45cb;"DELACELLE";"DISTRICT";"SANS LOI-DELACELLE";0;multi-niveaux
"justice";1642ab26-2609-4653-828c-4e7d4267c0fb;"JUSTICE";"GROUPE";"ANANDA";0;multi-niveaux
"justice";6696483a-1490-4e42-a331-acaf97ebdeca;"JUSTICE";"REGION";"NATIONAL";0;multi-niveaux
"bia sud";184459f8-f74a-49e2-9c95-d534570b1f71;"BIA SUD";"GROUPE";"SICOGI";0;meme-niveau
"bia sud";a3a4d0ee-0aae-4254-a4eb-a0c07232db40;"BIA SUD";"GROUPE";"CAMP COMMANDO";0;meme-niveau
"taho";19180600-76d8-4ebe-a289-60488eda48f6;"TAHO";"GROUPE";"AMITIE";0;meme-niveau
"taho";db2d7fe6-487e-48a0-96e5-d4bd7f02aa88;"TAHO";"GROUPE";"STRATÉGIE DU SÛTRA DU LOTUS";0;meme-niveau
"residentiel";1b11a509-73a5-4926-9a82-f6f0a434f1f7;"RESIDENTIEL";"GROUPE";"MARCORY GFCI - RESIDENTIEL";0;meme-niveau
"residentiel";8bea4ce3-c6d3-42d2-a11a-736f1dd80c9d;"RESIDENTIEL";"GROUPE";"ICHNEN";0;meme-niveau
"grand vœu";1ca1ee96-5ecd-4a7a-a39d-488a256446a8;"GRAND VŒU";"CENTRE";"Centre Régional JUSTICE";0;multi-niveaux
"grand vœu";7b62fb6c-cd89-47c4-ad00-4b939c028d6d;"GRAND VŒU";"GROUPE";"ANONKOI KOUTÉ";0;multi-niveaux
"cerisier";1f6fcb36-dd1a-427d-b503-055bbedde27e;"CERISIER";"GROUPE";"TCHIVA";0;meme-niveau
"cerisier";c7e24063-514c-4f43-8ff6-cad4d69043cd;"CERISIER";"GROUPE";"PERSEVERANCE";0;meme-niveau
"artisanal";211e2ba4-4acf-40d9-ab56-c9c4eb0ab939;"ARTISANAL";"DISTRICT";"AGBOVILLE";0;multi-niveaux
"artisanal";f96d2114-eb75-4c75-89d8-70b1f0b42929;"ARTISANAL";"GROUPE";"ARTISANAL";0;multi-niveaux
"benene";253fd8fa-c43b-4ea3-b2f7-16271de7ff9d;"BENENE";"GROUPE";"EXPERIENCE";0;meme-niveau
"benene";a4fbe66f-ca17-4805-8abd-6296ec6ab32f;"BENENE";"GROUPE";"EXPERIENCE";0;meme-niveau
"kandjin";2a054d3e-9305-4f2e-8af6-db4f52f7a440;"KANDJIN";"DISTRICT";"SOLEIL D'ESPOIR";0;meme-niveau
"kandjin";7bef54d6-955e-46cd-9440-1101951b16df;"KANDJIN";"DISTRICT";"EVEIL SOKA";0;meme-niveau
"habitat";2bf1ae08-e153-4405-8593-fc9dd4bd39aa;"HABITAT";"GROUPE";"PERSEVERANCE";0;multi-niveaux
"habitat";44cdc6a7-8c3b-458d-9f55-c9dd79f3daa4;"HABITAT";"CHAPITRE";"PHARE D'ESPOIR ABOBO";0;multi-niveaux
"château du bonheur";2c90a542-59f3-4363-a185-7e573901797b;"CHÂTEAU DU BONHEUR";"GROUPE";"KANSAI";0;meme-niveau
"château du bonheur";7633eccf-a9a8-4012-b039-7ad33f5c6f48;"CHÂTEAU DU BONHEUR";"GROUPE";"LES OLIVIERS";0;meme-niveau
"avancons ensemble";2f62d556-d370-4d64-b44c-e4adebe69d6e;"AVANCONS ENSEMBLE";"DISTRICT";"LE GRAND VŒU";0;multi-niveaux
"avancons ensemble";c227ec46-44e7-43bc-9e93-ca53dca45ec4;"AVANCONS ENSEMBLE";"GROUPE";"DETERMINATION";0;multi-niveaux
"adzope";30e7f4fa-a5c1-420a-84e0-557b61b84b68;"ADZOPE";"CHAPITRE";"SOLEIL LEVANT ADZOPE-AGBOVILLE";0;multi-niveaux
"adzope";92b86836-cf4a-4e58-922d-be7f2aa63df2;"ADZOPE";"DISTRICT";"ADZOPE";0;multi-niveaux
"shoju";31130500-d691-4c1c-8307-81672a5a2904;"SHOJU";"GROUPE";"HOSSHAKU KEMPON";0;meme-niveau
"shoju";c6ea7280-a4ec-48a9-b2a1-9a0cc5467f0b;"SHOJU";"GROUPE";"SHOENCHI";0;meme-niveau
"révolution humaine";3f72cde5-2788-4a61-98dd-217cb2493036;"RÉVOLUTION HUMAINE";"DISTRICT";"JOIE INFINIE";0;multi-niveaux
"révolution humaine";ea82718a-12ef-4c5a-8c3c-c94542b47092;"RÉVOLUTION HUMAINE";"GROUPE";"STRATÉGIE DU SÛTRA DU LOTUS";0;multi-niveaux
"ananda";40bd15ea-dbfb-43e8-ae4b-65143e3b9757;"ANANDA";"CENTRE";"Centre Régional LUTTER ENSEMBLE";0;multi-niveaux
"ananda";6506d776-4d94-4e01-a443-612889ef7f38;"ANANDA";"DISTRICT";"SAMADDHI";0;multi-niveaux
"amitie";4486cfc4-da16-43d6-bc4d-8ddd64b696c0;"AMITIE";"DISTRICT";"SHISHIKU";0;multi-niveaux
"amitie";fa238443-d7f7-4d5d-8057-1c99c30aa609;"AMITIE";"GROUPE";"220 LOGEMENTS ADJAME";0;multi-niveaux
"hojo";456eb886-5340-46d9-ae61-95a7716720bc;"HOJO";"GROUPE";"MOAYE";0;multi-niveaux
"hojo";d274c975-f94a-46b2-8368-e75898b9dc77;"HOJO";"CHAPITRE";"LES CERISIERS ADJAME-PLATEAU";0;multi-niveaux
"jigyo keta";459f8c13-12c5-4e3e-970e-e5412eba7677;"JIGYO KETA";"GROUPE";"COHESION";0;multi-niveaux
"jigyo keta";bd4b8641-e15d-401b-a9d6-31bf612e69fd;"JIGYO KETA";"DISTRICT";"KANSAI ANDOKOI";0;multi-niveaux
"citadelle de paix";488cbbdf-f78e-467b-b08d-fec608c24cbb;"CITADELLE DE PAIX";"GROUPE";"PERSEVERANCE";0;meme-niveau
"citadelle de paix";e862618b-c1f6-4cc0-99e9-efc31f543766;"CITADELLE DE PAIX";"GROUPE";"FUJI";0;meme-niveau
"fanny";4ae08fe9-6288-40f1-882d-aa6a9aba7eae;"FANNY";"DISTRICT";"CITADELLE DOREE";0;multi-niveaux
"fanny";7a623673-1c3a-4562-8fdf-e6e9ecde9f46;"FANNY";"GROUPE";"FANNY";0;multi-niveaux
"bodhisattvas sortis de terre";4b84f08c-a3f3-4c93-acac-3d3aa8914c18;"BODHISATTVAS SORTIS  DE TERRE";"DISTRICT";"CHÂTEAU D'OR";0;multi-niveaux
"bodhisattvas sortis de terre";722ba8e4-0c2a-479c-8e63-657245f05f24;"BODHISATTVAS  SORTIS DE TERRE";"GROUPE";"DETERMINATION";0;multi-niveaux
"lotus d'or";4d793ad9-1e52-44e7-bb2b-bc6bcd8ebdd3;"LOTUS D'OR";"GROUPE";"MYO";0;meme-niveau
"lotus d'or";7145217b-4765-4b63-914d-4ba157094162;"LOTUS D'OR";"GROUPE";"BELLEVILLE PHARMACIE";0;meme-niveau
"bonten";508feb92-6281-477d-881a-c633494bd05b;"BONTEN";"DISTRICT";"SADO";0;multi-niveaux
"bonten";a536bebd-f05f-4bcd-8ad9-e032e6304800;"BONTEN";"GROUPE";"LA PERSEVERANCE";0;multi-niveaux
"anouanzè";571e37a2-3636-486b-b1c1-53e8e0a068f3;"ANOUANZÈ";"GROUPE";"ANONKOI VILLAGE";0;meme-niveau
"anouanzè";5dec58b7-cc13-41b7-9bee-c77985ae321d;"Anouanzè";"GROUPE";"AGOUETO-CMA";0;meme-niveau
"succes";583bf72b-33e3-4024-a5bc-4b2217d441ca;"SUCCES";"GROUPE";"SHINJIN";0;meme-niveau
"succes";a4196e1a-c461-4996-a0f7-0fd1b751f4b3;"SUCCES";"GROUPE";"RIVIERA BONOUMIN";0;meme-niveau
"serenite";584e1e8a-cbfa-43db-ab7b-09de40197dbe;"SERENITE";"GROUPE";"GROS PNEU";0;multi-niveaux
"serenite";f7dd0673-56d5-44f1-8431-be3ac52250cc;"SERENITE";"DISTRICT";"CHÂTEAU D'OR";0;multi-niveaux
"itai-doshin";5e877032-3ec9-42f1-8217-e6d9762b5789;"ITAI-DOSHIN";"GROUPE";"CŒUR VAILLANT";0;meme-niveau
"itai-doshin";edc344a5-c5d9-4f72-bc38-15a801c5b45d;"ITAI-DOSHIN";"GROUPE";"COEUR DE LION";0;meme-niveau
"sodeci";6216957a-73e2-40e5-8e8a-7a2950716523;"SODECI";"DISTRICT";"FACTUEL";0;meme-niveau
"sodeci";9d600f84-77bb-4f8b-a920-4110cb41d358;"SODECI";"DISTRICT";"ANONKOI";0;meme-niveau
"le serment du bonheur";632870e8-a93c-4f7c-acce-1b1cce9f1bf0;"LE SERMENT DU BONHEUR";"DISTRICT";"ETIWANDA";0;multi-niveaux
"le serment du bonheur";8d869d12-c22a-40c3-a242-cb4703e71290;"LE SERMENT DU BONHEUR";"GROUPE";"LA SAGESSE DU SUTRA DU LOTUS";0;multi-niveaux
"groupe 3";643bdea5-a084-4e68-b3c5-109d43e2178f;"Groupe 3";"GROUPE";"Akouedo Attié 2";0;meme-niveau
"groupe 3";aeaec219-6eb0-4a27-802c-38e85253c151;"Groupe 3";"GROUPE";"Abatta";0;meme-niveau
"tchiva";6b150399-90a7-4666-841a-6640fa9c14b9;"TCHIVA";"GROUPE";"KAYELI";0;multi-niveaux
"tchiva";ea95f11c-c2fc-49b2-a9d7-2b2d4a1901f5;"TCHIVA";"DISTRICT";"KAVOMANZINÉ";0;multi-niveaux
"peasseu";6c506898-2cf9-4fcb-aaa9-16ef7710b9a8;"PEASSEU";"GROUPE";"DAIGAN";0;meme-niveau
"peasseu";c28c44de-532c-4c1d-86df-35acc7c06a85;"PEASSEU";"GROUPE";"BIN HOUYE";0;meme-niveau
"kouado";6e2c3510-ce98-4516-870d-aa43c91e947a;"KOUADO";"GROUPE";"LA DODO";0;meme-niveau
"kouado";e07ba48f-c963-4eba-9031-5104a3b2427d;"KOUADO";"GROUPE";"EVEIL";0;meme-niveau
"lutte commune";73f6bdab-7bca-42fd-90eb-629cca2930c6;"LUTTE COMMUNE";"CHAPITRE";"LOTUS BLANC BOUAKE";0;multi-niveaux
"lutte commune";ce3da7ad-be95-4af7-a011-3491d8312e8b;"LUTTE COMMUNE";"GROUPE";"SODECI";0;multi-niveaux
"le mont de la victoire";77e7a2bb-32ee-4f79-91ac-712ded084b0e;"LE MONT DE LA VICTOIRE";"GROUPE";"220 LOGEMENTS";0;meme-niveau
"le mont de la victoire";8be5b30f-e2e0-4fee-b298-15aafb972d72;"LE MONT DE LA VICTOIRE";"GROUPE";"220 LOGEMENTS ADJAME";0;meme-niveau
"joie avec daimoku";7a4e7633-537c-4aa4-82a9-68de14cf29d1;"JOIE AVEC DAIMOKU";"GROUPE";"EXPERIENCE";0;meme-niveau
"joie avec daimoku";c0005aab-59fb-46ce-8782-af9983715211;"JOIE AVEC DAIMOKU";"GROUPE";"EXPERIENCE";0;meme-niveau
"pionnier";7c73bd93-070b-4de3-9f80-0c61e795b030;"PIONNIER";"GROUPE";"EVEIL";0;multi-niveaux
"pionnier";941753e2-70a9-4a38-88c9-e8a4ea5cc1a0;"PIONNIER";"CENTRE";"Centre Régional CHÂTEAU DE LA VICTOIRE SOKA";0;multi-niveaux
"santal";7d88ae1c-1de1-4531-b9be-0aee4174e9d2;"SANTAL";"GROUPE";"SINCERITE";0;meme-niveau
"santal";8af576b0-353f-4b87-b00d-487fb16a9565;"SANTAL";"GROUPE";"ITAI DOSHIN";0;meme-niveau
"victoire pour sensei";812ece64-d0cc-4510-bd4e-8c9e93ccbd2a;"VICTOIRE POUR SENSEI";"GROUPE";"DETERMINATION";0;meme-niveau
"victoire pour sensei";f471e083-dc95-4954-b0ad-3423fbb4a6ab;"VICTOIRE POUR SENSEI";"GROUPE";"ANADOR";0;meme-niveau
"lumiere";839442e6-e995-4f43-90bd-9c61e0293b97;"LUMIERE";"GROUPE";"TOUR AUX TRESORS";0;meme-niveau
"lumiere";929735a0-df1a-4109-9355-819277609897;"LUMIERE";"GROUPE";"BEAUTE DU LOTUS";0;meme-niveau
"djihi";8b4362f8-eae2-4324-98cc-695a8fa26361;"DJIHI";"GROUPE";"FUKU SOKU";0;meme-niveau
"djihi";8ca87a9c-b0f0-4399-854c-b14535526add;"DJIHI";"GROUPE";"FUKU SOKU";0;meme-niveau
"maints tresors";8decdb0d-ee5e-4a3b-a994-d1b9c09d35b5;"MAINTS TRESORS";"GROUPE";"WAWO";0;multi-niveaux
"maints tresors";f11ef68e-50be-4afa-9893-df1c6945d235;"MAINTS TRESORS";"CENTRE";"Centre Régional CHÂTEAU DE LA VICTOIRE SOKA";0;multi-niveaux
"flamboyant";8e301a47-0baa-4541-952a-9fed871345aa;"FLAMBOYANT";"GROUPE";"AIMONS NOUS";0;meme-niveau
"flamboyant";f95fa226-602b-4c41-863f-7d9b9d62d851;"FLAMBOYANT";"GROUPE";"SINCERITE";0;meme-niveau
"sincérité";8e58f39c-5e6e-4858-b367-0e9f8e4810b8;"Sincérité";"GROUPE";"UNICAFE";0;meme-niveau
"sincérité";d24190fe-3e0a-4e98-b668-30be81705d86;"SINCÉRITÉ";"GROUPE";"PLAQUE";0;meme-niveau
"dinosaure";96882846-abab-44a6-b51f-d4797d835387;"DINOSAURE";"GROUPE";"FOI SINCERE";0;meme-niveau
"dinosaure";e121f255-6e29-4567-aa90-47c2042319f5;"DINOSAURE";"GROUPE";"FOI SINCERE";0;meme-niveau
"la voie d'or";96c938eb-f6b2-4fdb-97d5-610f372762b6;"LA VOIE D'OR";"GROUPE";"JODO";0;meme-niveau
"la voie d'or";c219a88b-686c-4025-9703-07e71d10c442;"LA VOIE D'OR";"GROUPE";"KAYELI";0;meme-niveau
"sicogi";97cfba45-3985-495f-b89e-ec54feead9a5;"SICOGI";"DISTRICT";"SICOGI-CAMP COMMANDO";0;multi-niveaux
"sicogi";e8016be9-1155-4d8a-8283-b2b2b8d301ee;"SICOGI";"GROUPE";"MARCORY SICOGI-ZONE 4";0;multi-niveaux
"amougnan";9863f3b8-5f58-4a6b-8fa0-2f352af6e8e6;"AMOUGNAN";"CENTRE";"Centre Régional CHÂTEAU DE LA VICTOIRE SOKA";0;multi-niveaux
"amougnan";a05dd934-1a11-4c27-a8cd-4db255b53381;"AMOUGNAN";"GROUPE";"SOCOCE";0;multi-niveaux
"kaoka";9b0a2bc0-892b-42bc-b210-d8ba2bbb1ded;"KAOKA";"GROUPE";"TERRE DE DEFIS (GUIGLO)";0;meme-niveau
"kaoka";b0a8ebcf-e957-4467-ac10-1bd07dddc9cd;"KAOKA";"GROUPE";"SERMENT";0;meme-niveau
"you myo cho jin";9f4bdc5a-b8ea-4018-bbd8-a264c35b8bab;"YOU MYO CHO JIN";"GROUPE";"VICTOIRE";0;meme-niveau
"you myo cho jin";bbef7455-77db-4eca-8a3a-c3afe1f510ac;"YOU MYO CHO JIN";"GROUPE";"KANSAI";0;meme-niveau
"soleil de l'espoir";a2ba0e71-4839-4dd6-9a59-85bcb96682f8;"SOLEIL DE L'ESPOIR";"GROUPE";"LOTUS DORE";0;meme-niveau
"soleil de l'espoir";c7bf0862-7778-4095-8fc8-7a94ab3ea7e3;"SOLEIL DE L'ESPOIR";"GROUPE";"LA SAGESSE DU SUTRA DU LOTUS";0;meme-niveau
"le grand vœu";a3274bfd-7142-4e87-b171-37694b009620;"LE GRAND VŒU";"DISTRICT";"VICTOIRE";0;multi-niveaux
"le grand vœu";e8ec6599-3738-4d3b-8c6d-b5c101bf243c;"LE GRAND VŒU";"CHAPITRE";"YAMOUSSOUKRO";0;multi-niveaux
"les cerisiers";a4a96439-867f-44fa-aab9-ec642be2892c;"LES CERISIERS";"GROUPE";"GRAND ELAN";0;multi-niveaux
"les cerisiers";b0d74ca9-6584-4e63-82a2-765079c02848;"LES CERISIERS";"DISTRICT";"TERRE DE LA FLEUR DU LOTUS";0;multi-niveaux
"opera";aa505360-21c6-4272-99bd-ba5d720ea4d3;"OPERA";"DISTRICT";"CITE FERMONT- OPERA";0;multi-niveaux
"opera";cfe12792-485a-4cff-a90c-977dad71e84f;"OPERA";"GROUPE";"OPERA";0;multi-niveaux
"le lotus";ae1a2e1c-0a36-490c-a817-c9a7d56d035a;"LE LOTUS";"DISTRICT";"SAGESSE ET BIENVEILLANCE";0;meme-niveau
"le lotus";daf6a441-30b5-4a18-8d0b-fe62440a6caa;"LE LOTUS";"DISTRICT";"GRAND SOLEIL";0;meme-niveau
"general tigre de pierre";af61cc5c-d5ed-411b-ae80-05fcecad1b65;"GENERAL TIGRE DE PIERRE";"GROUPE";"16 IEME";0;meme-niveau
"general tigre de pierre";c3099c9d-d7ea-43c4-89b7-4500381c8888;"GENERAL TIGRE DE PIERRE";"GROUPE";"14 IEME";0;meme-niveau
"soleil de la victoire";b0929bfd-7cc5-4dee-9ca7-c0dbebacc2f0;"SOLEIL DE LA VICTOIRE";"DISTRICT";"KAMATA DE KATIOLA";0;meme-niveau
"soleil de la victoire";bfe224ce-039c-410c-85a4-bb409096e8d1;"SOLEIL DE LA VICTOIRE";"DISTRICT";"TOUR AUX TRESORS";0;meme-niveau
"victioire absolue";b876ccfe-8a63-4cff-9c21-0484e27825ad;"VICTIOIRE ABSOLUE";"GROUPE";"FOI SINCERE";0;meme-niveau
"victioire absolue";ca8567a7-d669-4019-9133-7dc21faadb28;"VICTIOIRE ABSOLUE";"GROUPE";"FOI SINCERE";0;meme-niveau
"mission";b9e7085d-396a-4de7-9fe1-181e3f4c363f;"Mission";"GROUPE";"UNICAFE";0;meme-niveau
"mission";ef96a3cd-8bdd-4430-8fc8-0aaf79cf49f1;"MISSION";"GROUPE";"ABOBOTÉ VILLAGE";0;meme-niveau
"aizen";bbb7914a-14cb-44d0-83a3-dd6bbb1d302d;"AIZEN";"GROUPE";"CITE FERMONT";0;meme-niveau
"aizen";d6687750-826f-453e-8058-8addda3d8141;"AIZEN";"GROUPE";"ROI LION";0;meme-niveau
"perseverence";be1a0cc8-57cc-45be-8c5f-a9047e94680c;"PERSEVERENCE";"GROUPE";"BONNE FORTUNE";0;meme-niveau
"perseverence";dad1e426-995a-4d37-b24d-a3d40838a678;"PERSEVERENCE";"GROUPE";"KAEDJI";0;meme-niveau
"sosei";bfda4693-be60-4a3c-87a4-28b07e1b40fe;"SOSEI";"GROUPE";"NIKKO SHONIN MAN";0;multi-niveaux
"sosei";ddbfeb94-40d3-47c2-a54a-395ab9bbefa7;"SOSEI";"DISTRICT";"SAMADDHI";0;multi-niveaux
"pic du vautour";c39b7cd5-c525-45ca-a2ed-cf1f02f14bbd;"PIC DU VAUTOUR";"CHAPITRE";"SOKA OUME";0;multi-niveaux
"pic du vautour";d3ad1be5-fb31-4fbe-80f5-807d527b486d;"PIC DU VAUTOUR";"GROUPE";"SOLEIL BIANKOUMA";0;multi-niveaux
"l'œil du bouddha";c81cebaa-cd29-45e4-a6d6-c00a75d83183;"L'ŒIL DU BOUDDHA";"GROUPE";"BANGUIE 3";0;meme-niveau
"l'œil du bouddha";d1573dec-a866-4ffd-95ec-abd602f65d9e;"L'ŒIL DU BOUDDHA";"GROUPE";"BANGUIE 2";0;meme-niveau
"toda";c85817ad-ea13-4618-82e4-a6f2e4488c24;"TODA";"GROUPE";"BOCABO MARCHÉ ET 21EME";0;meme-niveau
"toda";d7acf9bb-81eb-48d8-8410-c95d4e906af2;"TODA";"GROUPE";"ESHO FUNI";0;meme-niveau
"progres";c9799e34-d7d5-4ead-bfb6-03c3dff5cbc5;"PROGRES";"GROUPE";"FUKYO";0;meme-niveau
"progres";fcf79f9b-656b-4f8f-aa52-326ce021f1f9;"PROGRES";"GROUPE";"KONÉ GOGÉ";0;meme-niveau
"terre de bouddha";cf2fa199-b742-49e2-ba6e-7aa1175c8f75;"TERRE DE BOUDDHA";"DISTRICT";"GRAND VAISSEAU";0;meme-niveau
"terre de bouddha";d2cf3016-7c20-46b0-bf6b-933dcb1569c5;"TERRE DE BOUDDHA";"DISTRICT";"FUKYO";0;meme-niveau
"grande lumiere";e258db8f-243f-4384-96de-fa08339e7ebb;"GRANDE LUMIERE";"DISTRICT";"ESSOR DE KOSEN RUFU";0;meme-niveau
"grande lumiere";fde67c13-b36f-4e34-95bd-7172630603b4;"GRANDE LUMIERE";"DISTRICT";"TERRE AUX TRESORS";0;meme-niveau
"camp commando";e323a657-1070-4c96-850a-23f167bbb74e;"CAMP COMMANDO";"DISTRICT";"PALAIS DE JUSTICE";0;meme-niveau
"camp commando";ed10480c-bfbf-406f-9489-2065996d5a8b;"CAMP COMMANDO";"DISTRICT";"SICOGI-CAMP COMMANDO";0;meme-niveau
"jogyo";f149c5bb-a798-406a-a950-4ec4cb83600c;"JOGYO";"GROUPE";"PERSEVERANCE";0;meme-niveau
"jogyo";f578eb5e-02f6-40f6-a405-fc0e804ddfdd;"JOGYO";"GROUPE";"FUKYO";0;meme-niveau
"bienvenue";f5c8e07b-6ff3-4725-ab6a-f705d0854bfb;"BIENVENUE";"GROUPE";"BODHISATTVAS SORTIS  DE TERRE";0;meme-niveau
"bienvenue";f890a88a-2c80-448c-a3fd-94d6d13c6dd7;"BIENVENUE";"GROUPE";"ESPOIR DE PAMPARIBA";0;meme-niveau